f,num_client_procs,num_warmup_clients_per_proc,num_clients_per_proc,num_batchers,num_read_batchers,num_leaders,num_proxy_leaders,num_acceptor_groups,num_acceptors_per_group,num_replicas,num_proxy_replicas,flexible,distribution_scheme,client_jvm_heap_size,batcher_jvm_heap_size,read_batcher_jvm_heap_size,leader_jvm_heap_size,proxy_leader_jvm_heap_size,acceptor_jvm_heap_size,replica_jvm_heap_size,proxy_replica_jvm_heap_size,measurement_group_size,warmup_duration,warmup_timeout,warmup_sleep,duration,timeout,client_lag,state_machine,predetermined_read_fraction,workload_label,workload.num_keys,workload.read_fraction,workload.point_fraction,workload.write_size_mean,workload.write_size_std,workload.name,read_workload.num_keys,read_workload.read_fraction,read_workload.write_size_mean,read_workload.write_size_std,read_workload.name,write_workload.num_keys,write_workload.read_fraction,write_workload.write_size_mean,write_workload.write_size_std,write_workload.name,read_consistency,profiled,monitored,prometheus_scrape_interval,batcher_options.batch_size,batcher_log_level,read_batcher_options.read_batching_scheme,read_batcher_options.unsafe_read_at_first_slot,read_batcher_options.unsafe_read_at_i,read_batcher_log_level,leader_options.resend_phase1as_period,leader_options.flush_phase2as_every_n,leader_options.noop_flush_period,leader_options.election_options.ping_period,leader_options.election_options.no_ping_timeout_min,leader_options.election_options.no_ping_timeout_max,leader_log_level,proxy_leader_options.flush_phase2as_every_n,proxy_leader_log_level,acceptor_log_level,replica_options.log_grow_size,replica_options.unsafe_dont_use_client_table,replica_options.send_chosen_watermark_every_n_entries,replica_options.recover_log_entry_min_period,replica_options.recover_log_entry_max_period,replica_options.unsafe_dont_recover,replica_log_level,proxy_replica_options.flush_every_n,proxy_replica_options.batch_flush,proxy_replica_log_level,client_options.resend_client_request_period,client_options.resend_max_slot_requests_period,client_options.resend_read_request_period,client_options.resend_sequential_read_request_period,client_options.resend_eventual_read_request_period,client_options.unsafe_read_at_first_slot,client_options.unsafe_read_at_i,client_options.flush_writes_every_n,client_options.flush_reads_every_n,client_log_level,read_output.latency.mean_ms,read_output.latency.median_ms,read_output.latency.min_ms,read_output.latency.max_ms,read_output.latency.p90_ms,read_output.latency.p95_ms,read_output.latency.p99_ms,read_output.start_throughput_1s.mean,read_output.start_throughput_1s.median,read_output.start_throughput_1s.min,read_output.start_throughput_1s.max,read_output.start_throughput_1s.p90,read_output.start_throughput_1s.p95,read_output.start_throughput_1s.p99,write_output.latency.mean_ms,write_output.latency.median_ms,write_output.latency.min_ms,write_output.latency.max_ms,write_output.latency.p90_ms,write_output.latency.p95_ms,write_output.latency.p99_ms,write_output.start_throughput_1s.mean,write_output.start_throughput_1s.median,write_output.start_throughput_1s.min,write_output.start_throughput_1s.max,write_output.start_throughput_1s.p90,write_output.start_throughput_1s.p95,write_output.start_throughput_1s.p99
1,5,100,100,0,0,2,2,6,2,6,0,True,DistributionScheme.HASH,8g,12g,12g,12g,12g,12g,12g,12g,10,0:00:10,0:00:15,0:00:05,0:00:15,0:00:20,0:00:05,KeyValueStore,-1,compartmentalized_sweep_1,100000,0.95,1.0,16,0,PointSkewedReadWriteWorkload,1,1.0,16,0,UniformReadWriteWorkload,1,0.0,16,0,UniformReadWriteWorkload,linearizable,False,True,0:00:00.200000,0,info,"size,1,10s",False,False,info,0:00:01,10,0:00:00,0:01:00,0:02:00,0:04:00,info,1,info,info,5000,False,100,0:00:02,0:00:05,False,info,1,False,info,0:00:01,0:00:01,0:00:01,0:00:01,0:00:01,False,False,1,1,info,4.090296386654808,3.814943,1.040294,35.03632,5.448529199999999,6.1275443,10.833385759999993,94392.03838974614,99801.0,23330.0,119980.0,118490.0,119410.0,119710.0,5.561672002928085,5.117879,3.055605,36.548354,7.0538314,8.528797699999997,14.121836709999949,4947.084461867427,5250.0,1190.0,6490.0,6270.0,6380.0,6440.0
1,10,100,100,0,0,2,2,6,2,6,0,True,DistributionScheme.HASH,8g,12g,12g,12g,12g,12g,12g,12g,10,0:00:10,0:00:15,0:00:05,0:00:15,0:00:20,0:00:05,KeyValueStore,-1,compartmentalized_sweep_1,100000,0.95,1.0,16,0,PointSkewedReadWriteWorkload,1,1.0,16,0,UniformReadWriteWorkload,1,0.0,16,0,UniformReadWriteWorkload,linearizable,False,True,0:00:00.200000,0,info,"size,1,10s",False,False,info,0:00:01,10,0:00:00,0:01:00,0:02:00,0:04:00,info,1,info,info,5000,False,100,0:00:02,0:00:05,False,info,1,False,info,0:00:01,0:00:01,0:00:01,0:00:01,0:00:01,False,False,1,1,info,4.541163073412832,4.057072,0.170213,94.499996,5.754785999999999,6.612739749999995,16.21593965000001,160758.3526614004,176244.0,60400.0,230080.0,225180.0,226860.0,229110.0,5.475273365316732,4.874709,1.494115,1005.132127,6.380862,7.603306,17.126221000000033,8465.176532284497,9320.0,3260.0,12150.0,11830.0,11920.0,12070.0
1,15,100,100,0,0,2,2,6,2,6,0,True,DistributionScheme.HASH,8g,12g,12g,12g,12g,12g,12g,12g,10,0:00:10,0:00:15,0:00:05,0:00:15,0:00:20,0:00:05,KeyValueStore,-1,compartmentalized_sweep_1,100000,0.95,1.0,16,0,PointSkewedReadWriteWorkload,1,1.0,16,0,UniformReadWriteWorkload,1,0.0,16,0,UniformReadWriteWorkload,linearizable,False,True,0:00:00.200000,0,info,"size,1,10s",False,False,info,0:00:01,10,0:00:00,0:01:00,0:02:00,0:04:00,info,1,info,info,5000,False,100,0:00:02,0:00:05,False,info,1,False,info,0:00:01,0:00:01,0:00:01,0:00:01,0:00:01,False,False,1,1,info,4.7910937762386965,3.981976,0.168215,187.715535,5.671196,6.631258999999995,20.611489919999585,228296.0852753451,247495.0,68307.0,339070.0,329340.0,333470.0,338110.0,5.815573625650376,4.857607,1.722703,993.888342,6.644068400000001,8.241330300000005,28.299895899999953,12051.621353930032,12890.0,3496.0,17890.0,17350.0,17540.0,17800.0
1,20,100,100,0,0,2,2,6,2,6,0,True,DistributionScheme.HASH,8g,12g,12g,12g,12g,12g,12g,12g,10,0:00:10,0:00:15,0:00:05,0:00:15,0:00:20,0:00:05,KeyValueStore,-1,compartmentalized_sweep_1,100000,0.95,1.0,16,0,PointSkewedReadWriteWorkload,1,1.0,16,0,UniformReadWriteWorkload,1,0.0,16,0,UniformReadWriteWorkload,linearizable,False,True,0:00:00.200000,0,info,"size,1,10s",False,False,info,0:00:01,10,0:00:00,0:01:00,0:02:00,0:04:00,info,1,info,info,5000,False,100,0:00:02,0:00:05,False,info,1,False,info,0:00:01,0:00:01,0:00:01,0:00:01,0:00:01,False,False,1,1,info,5.664433446914925,4.810359,0.180463,248.616419,6.5615095,7.41880525,23.163262399999926,257998.27837804848,288884.0,74419.0,350783.0,342710.0,345914.0,348898.0,7.0927589841095475,6.277272,1.724685,997.084139,8.1143252,9.54045809999998,32.171101079999985,13506.599783341358,15040.0,3969.0,18410.0,17850.0,18008.0,18290.0
1,30,100,100,0,0,2,2,6,2,6,0,True,DistributionScheme.HASH,8g,12g,12g,12g,12g,12g,12g,12g,10,0:00:10,0:00:15,0:00:05,0:00:15,0:00:20,0:00:05,KeyValueStore,-1,compartmentalized_sweep_1,100000,0.95,1.0,16,0,PointSkewedReadWriteWorkload,1,1.0,16,0,UniformReadWriteWorkload,1,0.0,16,0,UniformReadWriteWorkload,linearizable,False,True,0:00:00.200000,0,info,"size,1,10s",False,False,info,0:00:01,10,0:00:00,0:01:00,0:02:00,0:04:00,info,1,info,info,5000,False,100,0:00:02,0:00:05,False,info,1,False,info,0:00:01,0:00:01,0:00:01,0:00:01,0:00:01,False,False,1,1,info,7.751084224586202,6.591667,0.167375,330.072109,9.1872972,10.2257886,50.27937091999945,270305.6808202686,311730.0,61240.0,361010.0,350340.0,354060.0,359050.0,9.643186332170297,8.733094999999999,1.658753,308.934474,11.399401700000002,13.213489149999997,51.32560803,14196.638485532967,16330.0,3370.0,18680.0,18300.0,18430.0,18580.0
1,5,100,100,0,0,2,3,6,2,6,0,True,DistributionScheme.HASH,8g,12g,12g,12g,12g,12g,12g,12g,10,0:00:10,0:00:15,0:00:05,0:00:15,0:00:20,0:00:05,KeyValueStore,-1,compartmentalized_sweep_1,100000,0.95,1.0,16,0,PointSkewedReadWriteWorkload,1,1.0,16,0,UniformReadWriteWorkload,1,0.0,16,0,UniformReadWriteWorkload,linearizable,False,True,0:00:00.200000,0,info,"size,1,10s",False,False,info,0:00:01,10,0:00:00,0:01:00,0:02:00,0:04:00,info,1,info,info,5000,False,100,0:00:02,0:00:05,False,info,1,False,info,0:00:01,0:00:01,0:00:01,0:00:01,0:00:01,False,False,1,1,info,4.17191465988059,3.862113,0.352832,34.286876,5.746792600000002,6.6359949,9.645583399999998,104554.7590784,114300.0,43730.0,118070.0,117340.0,117550.0,117740.0,5.445116732130219,5.0756695,3.183421,560.102802,6.6982877,7.6993984,11.228802989999956,5513.749514798641,6010.0,2340.0,6290.0,6180.0,6230.0,6260.0
1,10,100,100,0,0,2,3,6,2,6,0,True,DistributionScheme.HASH,8g,12g,12g,12g,12g,12g,12g,12g,10,0:00:10,0:00:15,0:00:05,0:00:15,0:00:20,0:00:05,KeyValueStore,-1,compartmentalized_sweep_1,100000,0.95,1.0,16,0,PointSkewedReadWriteWorkload,1,1.0,16,0,UniformReadWriteWorkload,1,0.0,16,0,UniformReadWriteWorkload,linearizable,False,True,0:00:00.200000,0,info,"size,1,10s",False,False,info,0:00:01,10,0:00:00,0:01:00,0:02:00,0:04:00,info,1,info,info,5000,False,100,0:00:02,0:00:05,False,info,1,False,info,0:00:01,0:00:01,0:00:01,0:00:01,0:00:01,False,False,1,1,info,4.6402487930225425,4.021695,0.178355,100.331654,5.675429,6.5512006,17.97869491999987,190680.80430065453,204380.0,27810.0,227760.0,222950.0,224490.0,227280.0,5.55809061873325,4.793037,1.966306,1005.15301,6.415405,8.278687399999995,25.302185860000076,10035.257549085985,10750.0,1410.0,12090.0,11750.0,11820.0,12030.0
1,15,100,100,0,0,2,3,6,2,6,0,True,DistributionScheme.HASH,8g,12g,12g,12g,12g,12g,12g,12g,10,0:00:10,0:00:15,0:00:05,0:00:15,0:00:20,0:00:05,KeyValueStore,-1,compartmentalized_sweep_1,100000,0.95,1.0,16,0,PointSkewedReadWriteWorkload,1,1.0,16,0,UniformReadWriteWorkload,1,0.0,16,0,UniformReadWriteWorkload,linearizable,False,True,0:00:00.200000,0,info,"size,1,10s",False,False,info,0:00:01,10,0:00:00,0:01:00,0:02:00,0:04:00,info,1,info,info,5000,False,100,0:00:02,0:00:05,False,info,1,False,info,0:00:01,0:00:01,0:00:01,0:00:01,0:00:01,False,False,1,1,info,4.810967713582844,3.9487509999999997,0.167523,175.661932,5.667586,6.5882715,22.473016249999997,283803.18239200633,293830.0,25835.0,352770.0,350030.0,350860.0,351690.0,5.425854465255036,4.475155,1.423812,902.376718,6.127951,7.953158500000001,30.735317699999783,14925.07595641085,15360.0,1330.0,18620.0,18230.0,18280.0,18530.0
1,20,100,100,0,0,2,3,6,2,6,0,True,DistributionScheme.HASH,8g,12g,12g,12g,12g,12g,12g,12g,10,0:00:10,0:00:15,0:00:05,0:00:15,0:00:20,0:00:05,KeyValueStore,-1,compartmentalized_sweep_1,100000,0.95,1.0,16,0,PointSkewedReadWriteWorkload,1,1.0,16,0,UniformReadWriteWorkload,1,0.0,16,0,UniformReadWriteWorkload,linearizable,False,True,0:00:00.200000,0,info,"size,1,10s",False,False,info,0:00:01,10,0:00:00,0:01:00,0:02:00,0:04:00,info,1,info,info,5000,False,100,0:00:02,0:00:05,False,info,1,False,info,0:00:01,0:00:01,0:00:01,0:00:01,0:00:01,False,False,1,1,info,5.502143454786638,4.2636275,0.168186,229.833035,6.505409200000001,8.4572548,43.41374374999995,340377.3899002575,360390.0,25240.0,456920.0,445510.0,453020.0,456060.0,6.093226810735105,4.816231999999999,1.577157,163.000196,7.0495659999999996,10.446559549999993,40.37969753999986,17942.020193050193,19110.0,1330.0,24140.0,23400.0,23830.0,24050.0
1,30,100,100,0,0,2,3,6,2,6,0,True,DistributionScheme.HASH,8g,12g,12g,12g,12g,12g,12g,12g,10,0:00:10,0:00:15,0:00:05,0:00:15,0:00:20,0:00:05,KeyValueStore,-1,compartmentalized_sweep_1,100000,0.95,1.0,16,0,PointSkewedReadWriteWorkload,1,1.0,16,0,UniformReadWriteWorkload,1,0.0,16,0,UniformReadWriteWorkload,linearizable,False,True,0:00:00.200000,0,info,"size,1,10s",False,False,info,0:00:01,10,0:00:00,0:01:00,0:02:00,0:04:00,info,1,info,info,5000,False,100,0:00:02,0:00:05,False,info,1,False,info,0:00:01,0:00:01,0:00:01,0:00:01,0:00:01,False,False,1,1,info,8.045583486574504,6.304165,0.163447,261.307184,11.696043,15.310887,57.0698818,341423.13774076325,383200.0,25180.0,412220.0,400300.0,401700.0,411050.0,8.691388420304532,7.237083,1.573378,1291.132194,11.799631200000002,14.987027999999992,45.37005452000001,18013.259039911714,20420.0,1360.0,21630.0,21020.0,21230.0,21510.0
1,5,100,100,0,0,2,4,6,2,6,0,True,DistributionScheme.HASH,8g,12g,12g,12g,12g,12g,12g,12g,10,0:00:10,0:00:15,0:00:05,0:00:15,0:00:20,0:00:05,KeyValueStore,-1,compartmentalized_sweep_1,100000,0.95,1.0,16,0,PointSkewedReadWriteWorkload,1,1.0,16,0,UniformReadWriteWorkload,1,0.0,16,0,UniformReadWriteWorkload,linearizable,False,True,0:00:00.200000,0,info,"size,1,10s",False,False,info,0:00:01,10,0:00:00,0:01:00,0:02:00,0:04:00,info,1,info,info,5000,False,100,0:00:02,0:00:05,False,info,1,False,info,0:00:01,0:00:01,0:00:01,0:00:01,0:00:01,False,False,1,1,info,4.203399559176888,3.879259,0.552522,181.417331,5.809554299999999,6.69395765,9.970842139999954,101935.13729541482,111927.0,29300.0,117350.0,116510.0,116670.0,117040.0,5.6406809555822335,5.1479610000000005,3.067061,1004.58435,7.0352511,7.931015749999999,11.844302339999969,5348.53785156734,5860.0,1570.0,6340.0,6200.0,6240.0,6290.0
1,10,100,100,0,0,2,4,6,2,6,0,True,DistributionScheme.HASH,8g,12g,12g,12g,12g,12g,12g,12g,10,0:00:10,0:00:15,0:00:05,0:00:15,0:00:20,0:00:05,KeyValueStore,-1,compartmentalized_sweep_1,100000,0.95,1.0,16,0,PointSkewedReadWriteWorkload,1,1.0,16,0,UniformReadWriteWorkload,1,0.0,16,0,UniformReadWriteWorkload,linearizable,False,True,0:00:00.200000,0,info,"size,1,10s",False,False,info,0:00:01,10,0:00:00,0:01:00,0:02:00,0:04:00,info,1,info,info,5000,False,100,0:00:02,0:00:05,False,info,1,False,info,0:00:01,0:00:01,0:00:01,0:00:01,0:00:01,False,False,1,1,info,4.590063596549425,4.004049,0.168897,94.812016,5.658682400000002,6.4893532,18.083338379999848,184761.42323790095,199900.0,24637.0,231550.0,226530.0,229250.0,230730.0,5.591357939397854,4.823945500000001,2.130315,1003.225738,6.519362500000001,8.076780649999998,25.14223297,9736.77803020179,10440.0,1330.0,12270.0,11930.0,12100.0,12210.0
1,15,100,100,0,0,2,4,6,2,6,0,True,DistributionScheme.HASH,8g,12g,12g,12g,12g,12g,12g,12g,10,0:00:10,0:00:15,0:00:05,0:00:15,0:00:20,0:00:05,KeyValueStore,-1,compartmentalized_sweep_1,100000,0.95,1.0,16,0,PointSkewedReadWriteWorkload,1,1.0,16,0,UniformReadWriteWorkload,1,0.0,16,0,UniformReadWriteWorkload,linearizable,False,True,0:00:00.200000,0,info,"size,1,10s",False,False,info,0:00:01,10,0:00:00,0:01:00,0:02:00,0:04:00,info,1,info,info,5000,False,100,0:00:02,0:00:05,False,info,1,False,info,0:00:01,0:00:01,0:00:01,0:00:01,0:00:01,False,False,1,1,info,4.83355309495283,3.949462,0.157629,177.104683,5.627547,6.680145,29.587810700000396,281101.56554028875,303713.0,27490.0,352750.0,346150.0,348820.0,351630.0,5.498066742846893,4.5312335,1.743309,998.732575,6.2474864000000006,8.286362499999992,31.717026839999978,14814.180641582694,15950.0,1430.0,18800.0,18160.0,18610.0,18740.0
1,20,100,100,0,0,2,4,6,2,6,0,True,DistributionScheme.HASH,8g,12g,12g,12g,12g,12g,12g,12g,10,0:00:10,0:00:15,0:00:05,0:00:15,0:00:20,0:00:05,KeyValueStore,-1,compartmentalized_sweep_1,100000,0.95,1.0,16,0,PointSkewedReadWriteWorkload,1,1.0,16,0,UniformReadWriteWorkload,1,0.0,16,0,UniformReadWriteWorkload,linearizable,False,True,0:00:00.200000,0,info,"size,1,10s",False,False,info,0:00:01,10,0:00:00,0:01:00,0:02:00,0:04:00,info,1,info,info,5000,False,100,0:00:02,0:00:05,False,info,1,False,info,0:00:01,0:00:01,0:00:01,0:00:01,0:00:01,False,False,1,1,info,5.412833548009308,4.264139,0.171151,230.753377,7.448488700000003,9.603715349999998,33.122608200000016,339561.38017064607,358130.0,27740.0,446170.0,417320.0,433490.0,444350.0,5.961005158976838,4.998638,1.731619,130.163013,7.335870600000002,9.52493639999999,34.38794440000003,17849.113898511554,18790.0,1440.0,23470.0,21880.0,22760.0,23320.0
1,30,100,100,0,0,2,4,6,2,6,0,True,DistributionScheme.HASH,8g,12g,12g,12g,12g,12g,12g,12g,10,0:00:10,0:00:15,0:00:05,0:00:15,0:00:20,0:00:05,KeyValueStore,-1,compartmentalized_sweep_1,100000,0.95,1.0,16,0,PointSkewedReadWriteWorkload,1,1.0,16,0,UniformReadWriteWorkload,1,0.0,16,0,UniformReadWriteWorkload,linearizable,False,True,0:00:00.200000,0,info,"size,1,10s",False,False,info,0:00:01,10,0:00:00,0:01:00,0:02:00,0:04:00,info,1,info,info,5000,False,100,0:00:02,0:00:05,False,info,1,False,info,0:00:01,0:00:01,0:00:01,0:00:01,0:00:01,False,False,1,1,info,7.89564974284769,6.172242,0.186584,269.390604,11.888735,15.230489500000001,55.83534009999998,343141.7710192336,377960.0,84570.0,399650.0,395280.0,396360.0,398820.0,8.613248054518804,7.083886,1.771612,999.787374,12.438191,15.522868049999992,41.277591570000055,18040.59062647711,19840.0,4450.0,21230.0,20820.0,20940.0,21080.0
1,5,100,100,0,0,2,5,6,2,6,0,True,DistributionScheme.HASH,8g,12g,12g,12g,12g,12g,12g,12g,10,0:00:10,0:00:15,0:00:05,0:00:15,0:00:20,0:00:05,KeyValueStore,-1,compartmentalized_sweep_1,100000,0.95,1.0,16,0,PointSkewedReadWriteWorkload,1,1.0,16,0,UniformReadWriteWorkload,1,0.0,16,0,UniformReadWriteWorkload,linearizable,False,True,0:00:00.200000,0,info,"size,1,10s",False,False,info,0:00:01,10,0:00:00,0:01:00,0:02:00,0:04:00,info,1,info,info,5000,False,100,0:00:02,0:00:05,False,info,1,False,info,0:00:01,0:00:01,0:00:01,0:00:01,0:00:01,False,False,1,1,info,4.301546882775876,3.941387,0.26836,60.049685,5.965772000000001,6.920218000000003,11.493254760000001,102806.60118070191,113420.0,28880.0,115480.0,114800.0,114950.0,115160.0,5.678242512770615,5.1918050000000004,2.480545,719.442149,7.123456100000002,8.234412399999997,13.142530319999999,5458.129938542581,6000.0,1537.0,6270.0,6130.0,6180.0,6230.0
1,10,100,100,0,0,2,5,6,2,6,0,True,DistributionScheme.HASH,8g,12g,12g,12g,12g,12g,12g,12g,10,0:00:10,0:00:15,0:00:05,0:00:15,0:00:20,0:00:05,KeyValueStore,-1,compartmentalized_sweep_1,100000,0.95,1.0,16,0,PointSkewedReadWriteWorkload,1,1.0,16,0,UniformReadWriteWorkload,1,0.0,16,0,UniformReadWriteWorkload,linearizable,False,True,0:00:00.200000,0,info,"size,1,10s",False,False,info,0:00:01,10,0:00:00,0:01:00,0:02:00,0:04:00,info,1,info,info,5000,False,100,0:00:02,0:00:05,False,info,1,False,info,0:00:01,0:00:01,0:00:01,0:00:01,0:00:01,False,False,1,1,info,4.588573389261539,3.99896,0.173731,100.224495,5.667264000000001,6.5600987999999925,17.814180259999993,186481.5917091702,200315.0,27756.0,228260.0,224530.0,226900.0,227900.0,5.60647535735988,4.839842,2.185882,998.637593,6.581668600000002,7.94860579999999,21.564989959999913,9830.916036662875,10670.0,1390.0,12200.0,11840.0,11950.0,12150.0
1,15,100,100,0,0,2,5,6,2,6,0,True,DistributionScheme.HASH,8g,12g,12g,12g,12g,12g,12g,12g,10,0:00:10,0:00:15,0:00:05,0:00:15,0:00:20,0:00:05,KeyValueStore,-1,compartmentalized_sweep_1,100000,0.95,1.0,16,0,PointSkewedReadWriteWorkload,1,1.0,16,0,UniformReadWriteWorkload,1,0.0,16,0,UniformReadWriteWorkload,linearizable,False,True,0:00:00.200000,0,info,"size,1,10s",False,False,info,0:00:01,10,0:00:00,0:01:00,0:02:00,0:04:00,info,1,info,info,5000,False,100,0:00:02,0:00:05,False,info,1,False,info,0:00:01,0:00:01,0:00:01,0:00:01,0:00:01,False,False,1,1,info,4.906139485992147,3.956903,0.161258,194.372068,5.639547200000002,6.709686199999999,33.23360159999995,280591.64931216615,292910.0,28680.0,348770.0,344540.0,347580.0,348110.0,5.58271092302418,4.560863,1.758691,130.065642,6.218425800000002,8.508496400000002,35.28877116000009,14755.998212858016,15420.0,1520.0,18560.0,18040.0,18330.0,18460.0
1,20,100,100,0,0,2,5,6,2,6,0,True,DistributionScheme.HASH,8g,12g,12g,12g,12g,12g,12g,12g,10,0:00:10,0:00:15,0:00:05,0:00:15,0:00:20,0:00:05,KeyValueStore,-1,compartmentalized_sweep_1,100000,0.95,1.0,16,0,PointSkewedReadWriteWorkload,1,1.0,16,0,UniformReadWriteWorkload,1,0.0,16,0,UniformReadWriteWorkload,linearizable,False,True,0:00:00.200000,0,info,"size,1,10s",False,False,info,0:00:01,10,0:00:00,0:01:00,0:02:00,0:04:00,info,1,info,info,5000,False,100,0:00:02,0:00:05,False,info,1,False,info,0:00:01,0:00:01,0:00:01,0:00:01,0:00:01,False,False,1,1,info,5.330572973848464,4.2293585,0.166697,236.134883,6.470422999999999,7.9367864499999925,42.7574855499999,342568.0174369744,371820.0,26510.0,436420.0,430600.0,432060.0,435620.0,6.001085696901842,4.9333805,1.753738,149.697154,6.8243857000000006,9.386797349999997,38.52432943000001,18008.648462493882,19440.0,1370.0,23010.0,22650.0,22770.0,22920.0
1,30,100,100,0,0,2,5,6,2,6,0,True,DistributionScheme.HASH,8g,12g,12g,12g,12g,12g,12g,12g,10,0:00:10,0:00:15,0:00:05,0:00:15,0:00:20,0:00:05,KeyValueStore,-1,compartmentalized_sweep_1,100000,0.95,1.0,16,0,PointSkewedReadWriteWorkload,1,1.0,16,0,UniformReadWriteWorkload,1,0.0,16,0,UniformReadWriteWorkload,linearizable,False,True,0:00:00.200000,0,info,"size,1,10s",False,False,info,0:00:01,10,0:00:00,0:01:00,0:02:00,0:04:00,info,1,info,info,5000,False,100,0:00:02,0:00:05,False,info,1,False,info,0:00:01,0:00:01,0:00:01,0:00:01,0:00:01,False,False,1,1,info,7.739349169603069,6.252782,0.169275,273.386091,11.0825675,14.34459325,53.077920699999964,344294.72307796153,384060.0,26590.0,404110.0,394310.0,397030.0,403510.0,8.531342139409626,7.213247,1.904071,1002.829031,11.6747707,14.322717099999997,45.58885424,18170.249759982933,20260.0,1390.0,21380.0,20810.0,20890.0,21300.0
1,5,100,100,0,0,2,2,6,2,6,0,True,DistributionScheme.HASH,8g,12g,12g,12g,12g,12g,12g,12g,10,0:00:10,0:00:15,0:00:05,0:00:15,0:00:20,0:00:05,KeyValueStore,-1,compartmentalized_sweep_1,100000,0.95,1.0,16,0,PointSkewedReadWriteWorkload,1,1.0,16,0,UniformReadWriteWorkload,1,0.0,16,0,UniformReadWriteWorkload,linearizable,False,True,0:00:00.200000,0,info,"size,1,10s",False,False,info,0:00:01,10,0:00:00,0:01:00,0:02:00,0:04:00,info,1,info,info,5000,False,100,0:00:02,0:00:05,False,info,1,False,info,0:00:01,0:00:01,0:00:01,0:00:01,0:00:01,False,False,1,1,info,4.0449608747251276,3.805905,0.936701,33.942841,5.3853264,6.018935599999997,9.074411999999992,106918.83372691,113890.0,52540.0,118410.0,116820.0,117900.0,118120.0,5.290188769407971,5.055556,3.067098,25.827935,6.297179800000002,6.972724849999999,11.594682020000032,5616.812298891669,5990.0,2840.0,6430.0,6150.0,6180.0,6370.0
1,10,100,100,0,0,2,2,6,2,6,0,True,DistributionScheme.HASH,8g,12g,12g,12g,12g,12g,12g,12g,10,0:00:10,0:00:15,0:00:05,0:00:15,0:00:20,0:00:05,KeyValueStore,-1,compartmentalized_sweep_1,100000,0.95,1.0,16,0,PointSkewedReadWriteWorkload,1,1.0,16,0,UniformReadWriteWorkload,1,0.0,16,0,UniformReadWriteWorkload,linearizable,False,True,0:00:00.200000,0,info,"size,1,10s",False,False,info,0:00:01,10,0:00:00,0:01:00,0:02:00,0:04:00,info,1,info,info,5000,False,100,0:00:02,0:00:05,False,info,1,False,info,0:00:01,0:00:01,0:00:01,0:00:01,0:00:01,False,False,1,1,info,4.680837995897681,4.049374500000001,0.172471,101.18591,5.782353,6.71014625,18.73669310000004,193242.9018323436,201410.0,29610.0,232310.0,228420.0,229580.0,231760.0,5.546194551708249,4.786009,1.850059,780.87825,6.495312,8.397627,24.63193180000006,10192.564107785243,10670.0,1520.0,12400.0,11990.0,12060.0,12330.0
1,15,100,100,0,0,2,2,6,2,6,0,True,DistributionScheme.HASH,8g,12g,12g,12g,12g,12g,12g,12g,10,0:00:10,0:00:15,0:00:05,0:00:15,0:00:20,0:00:05,KeyValueStore,-1,compartmentalized_sweep_1,100000,0.95,1.0,16,0,PointSkewedReadWriteWorkload,1,1.0,16,0,UniformReadWriteWorkload,1,0.0,16,0,UniformReadWriteWorkload,linearizable,False,True,0:00:00.200000,0,info,"size,1,10s",False,False,info,0:00:01,10,0:00:00,0:01:00,0:02:00,0:04:00,info,1,info,info,5000,False,100,0:00:02,0:00:05,False,info,1,False,info,0:00:01,0:00:01,0:00:01,0:00:01,0:00:01,False,False,1,1,info,5.369965132101965,4.215563,0.173684,233.059476,5.927384200000001,6.993477099999998,27.466170679999774,260663.0937614207,291000.0,26710.0,336080.0,327000.0,331830.0,334900.0,6.649882408187659,5.448808,1.625169,1002.474424,7.1855326,9.983130699999997,42.1216969800001,13728.358486686542,15540.0,1452.0,17690.0,17060.0,17370.0,17610.0
1,20,100,100,0,0,2,2,6,2,6,0,True,DistributionScheme.HASH,8g,12g,12g,12g,12g,12g,12g,12g,10,0:00:10,0:00:15,0:00:05,0:00:15,0:00:20,0:00:05,KeyValueStore,-1,compartmentalized_sweep_1,100000,0.95,1.0,16,0,PointSkewedReadWriteWorkload,1,1.0,16,0,UniformReadWriteWorkload,1,0.0,16,0,UniformReadWriteWorkload,linearizable,False,True,0:00:00.200000,0,info,"size,1,10s",False,False,info,0:00:01,10,0:00:00,0:01:00,0:02:00,0:04:00,info,1,info,info,5000,False,100,0:00:02,0:00:05,False,info,1,False,info,0:00:01,0:00:01,0:00:01,0:00:01,0:00:01,False,False,1,1,info,6.393165952157545,5.191004,0.17299,266.771115,6.910568,8.0555005,48.712998,288123.37916077726,318250.0,29510.0,364620.0,356900.0,361240.0,363310.0,8.072964824033393,6.969644000000001,1.636246,233.971421,8.6821437,10.791193799999997,42.05691443,15155.648811667266,16740.0,1590.0,19000.0,18760.0,18850.0,18910.0
1,30,100,100,0,0,2,2,6,2,6,0,True,DistributionScheme.HASH,8g,12g,12g,12g,12g,12g,12g,12g,10,0:00:10,0:00:15,0:00:05,0:00:15,0:00:20,0:00:05,KeyValueStore,-1,compartmentalized_sweep_1,100000,0.95,1.0,16,0,PointSkewedReadWriteWorkload,1,1.0,16,0,UniformReadWriteWorkload,1,0.0,16,0,UniformReadWriteWorkload,linearizable,False,True,0:00:00.200000,0,info,"size,1,10s",False,False,info,0:00:01,10,0:00:00,0:01:00,0:02:00,0:04:00,info,1,info,info,5000,False,100,0:00:02,0:00:05,False,info,1,False,info,0:00:01,0:00:01,0:00:01,0:00:01,0:00:01,False,False,1,1,info,8.9912668816765,7.676321,0.172854,290.452408,9.867418,11.626725,57.61644580000003,301268.7320926613,336275.0,87870.0,357940.0,347300.0,350170.0,353950.0,10.822740038158,9.698519000000001,1.653718,1001.278566,12.138926700000003,15.523113299999993,50.35032936999992,15883.29339528709,17780.0,4780.0,18770.0,18270.0,18360.0,18610.0
1,5,100,100,0,0,2,3,6,2,6,0,True,DistributionScheme.HASH,8g,12g,12g,12g,12g,12g,12g,12g,10,0:00:10,0:00:15,0:00:05,0:00:15,0:00:20,0:00:05,KeyValueStore,-1,compartmentalized_sweep_1,100000,0.95,1.0,16,0,PointSkewedReadWriteWorkload,1,1.0,16,0,UniformReadWriteWorkload,1,0.0,16,0,UniformReadWriteWorkload,linearizable,False,True,0:00:00.200000,0,info,"size,1,10s",False,False,info,0:00:01,10,0:00:00,0:01:00,0:02:00,0:04:00,info,1,info,info,5000,False,100,0:00:02,0:00:05,False,info,1,False,info,0:00:01,0:00:01,0:00:01,0:00:01,0:00:01,False,False,1,1,info,3.9277758664049935,3.657117,0.559141,48.099385,5.3615518,6.065841399999999,8.688493999999999,99900.29400118186,109940.0,26860.0,119290.0,118552.00000000012,118860.0,119060.0,5.446856352855707,5.055622,3.12428,877.621813,6.656195200000001,7.514530399999998,10.534836739999987,5274.808500808501,5770.0,1340.0,6300.0,6220.0,6240.0,6260.0
1,10,100,100,0,0,2,3,6,2,6,0,True,DistributionScheme.HASH,8g,12g,12g,12g,12g,12g,12g,12g,10,0:00:10,0:00:15,0:00:05,0:00:15,0:00:20,0:00:05,KeyValueStore,-1,compartmentalized_sweep_1,100000,0.95,1.0,16,0,PointSkewedReadWriteWorkload,1,1.0,16,0,UniformReadWriteWorkload,1,0.0,16,0,UniformReadWriteWorkload,linearizable,False,True,0:00:00.200000,0,info,"size,1,10s",False,False,info,0:00:01,10,0:00:00,0:01:00,0:02:00,0:04:00,info,1,info,info,5000,False,100,0:00:02,0:00:05,False,info,1,False,info,0:00:01,0:00:01,0:00:01,0:00:01,0:00:01,False,False,1,1,info,4.612589470340137,4.041485,0.176455,104.809384,5.7584444999999995,6.545022099999997,16.64175489999996,187177.2451947778,195920.0,55720.0,228710.0,224800.0,226140.0,228130.0,5.577321361706247,4.8015425,1.958035,2001.473245,6.259275000000001,7.271241750000001,25.65236389999992,9879.176897953743,10360.0,2940.0,12100.0,11690.0,11860.0,12040.0
1,15,100,100,0,0,2,3,6,2,6,0,True,DistributionScheme.HASH,8g,12g,12g,12g,12g,12g,12g,12g,10,0:00:10,0:00:15,0:00:05,0:00:15,0:00:20,0:00:05,KeyValueStore,-1,compartmentalized_sweep_1,100000,0.95,1.0,16,0,PointSkewedReadWriteWorkload,1,1.0,16,0,UniformReadWriteWorkload,1,0.0,16,0,UniformReadWriteWorkload,linearizable,False,True,0:00:00.200000,0,info,"size,1,10s",False,False,info,0:00:01,10,0:00:00,0:01:00,0:02:00,0:04:00,info,1,info,info,5000,False,100,0:00:02,0:00:05,False,info,1,False,info,0:00:01,0:00:01,0:00:01,0:00:01,0:00:01,False,False,1,1,info,4.809169560591474,3.911435,0.172167,177.524013,5.690455,6.667709,23.100399799999856,272306.1172891171,297450.0,27550.0,353420.0,348140.0,349790.0,352940.0,5.4964139858831995,4.5109,1.683564,670.957613,6.4100068,8.348152499999964,31.98238211999999,14332.030633965756,15650.0,1440.0,18560.0,18280.0,18370.0,18510.0
1,20,100,100,0,0,2,3,6,2,6,0,True,DistributionScheme.HASH,8g,12g,12g,12g,12g,12g,12g,12g,10,0:00:10,0:00:15,0:00:05,0:00:15,0:00:20,0:00:05,KeyValueStore,-1,compartmentalized_sweep_1,100000,0.95,1.0,16,0,PointSkewedReadWriteWorkload,1,1.0,16,0,UniformReadWriteWorkload,1,0.0,16,0,UniformReadWriteWorkload,linearizable,False,True,0:00:00.200000,0,info,"size,1,10s",False,False,info,0:00:01,10,0:00:00,0:01:00,0:02:00,0:04:00,info,1,info,info,5000,False,100,0:00:02,0:00:05,False,info,1,False,info,0:00:01,0:00:01,0:00:01,0:00:01,0:00:01,False,False,1,1,info,5.381774593850131,4.246817,0.170415,227.202083,6.5564458,8.484201899999999,39.02999635999993,348608.1554172912,369900.0,26500.0,442910.0,435690.0,439180.0,442270.0,5.960124182408368,4.816529,1.507584,1002.718422,6.932461,9.7408015,36.00811860000003,18326.346700178987,19510.0,1420.0,23320.0,22960.0,23020.0,23140.0
1,30,100,100,0,0,2,3,6,2,6,0,True,DistributionScheme.HASH,8g,12g,12g,12g,12g,12g,12g,12g,10,0:00:10,0:00:15,0:00:05,0:00:15,0:00:20,0:00:05,KeyValueStore,-1,compartmentalized_sweep_1,100000,0.95,1.0,16,0,PointSkewedReadWriteWorkload,1,1.0,16,0,UniformReadWriteWorkload,1,0.0,16,0,UniformReadWriteWorkload,linearizable,False,True,0:00:00.200000,0,info,"size,1,10s",False,False,info,0:00:01,10,0:00:00,0:01:00,0:02:00,0:04:00,info,1,info,info,5000,False,100,0:00:02,0:00:05,False,info,1,False,info,0:00:01,0:00:01,0:00:01,0:00:01,0:00:01,False,False,1,1,info,8.099153233462038,5.789399,0.174678,277.2989,12.959124200000002,17.145910799999996,58.373771999999995,329022.5573329564,363690.0,23520.0,389585.0,373350.0,377141.0,384420.0,8.72925791844759,6.835143,1.521637,1130.94771,13.366244400000003,17.033496,42.87863096,17357.496320523303,19240.0,1280.0,20465.0,19760.0,19880.0,20227.0
1,5,100,100,0,0,2,4,6,2,6,0,True,DistributionScheme.HASH,8g,12g,12g,12g,12g,12g,12g,12g,10,0:00:10,0:00:15,0:00:05,0:00:15,0:00:20,0:00:05,KeyValueStore,-1,compartmentalized_sweep_1,100000,0.95,1.0,16,0,PointSkewedReadWriteWorkload,1,1.0,16,0,UniformReadWriteWorkload,1,0.0,16,0,UniformReadWriteWorkload,linearizable,False,True,0:00:00.200000,0,info,"size,1,10s",False,False,info,0:00:01,10,0:00:00,0:01:00,0:02:00,0:04:00,info,1,info,info,5000,False,100,0:00:02,0:00:05,False,info,1,False,info,0:00:01,0:00:01,0:00:01,0:00:01,0:00:01,False,False,1,1,info,4.081206820934103,3.823863,1.007038,46.910492,5.429759600000001,6.092034400000001,9.564803520000002,108040.45968836185,114590.0,24910.0,117780.0,116450.0,117080.0,117430.0,5.515606486751488,5.058114,3.288975,1000.290336,6.4522446,7.342049299999998,12.041311840000002,5646.973731993706,5970.0,1290.0,6230.0,6140.0,6170.0,6190.0
1,10,100,100,0,0,2,4,6,2,6,0,True,DistributionScheme.HASH,8g,12g,12g,12g,12g,12g,12g,12g,10,0:00:10,0:00:15,0:00:05,0:00:15,0:00:20,0:00:05,KeyValueStore,-1,compartmentalized_sweep_1,100000,0.95,1.0,16,0,PointSkewedReadWriteWorkload,1,1.0,16,0,UniformReadWriteWorkload,1,0.0,16,0,UniformReadWriteWorkload,linearizable,False,True,0:00:00.200000,0,info,"size,1,10s",False,False,info,0:00:01,10,0:00:00,0:01:00,0:02:00,0:04:00,info,1,info,info,5000,False,100,0:00:02,0:00:05,False,info,1,False,info,0:00:01,0:00:01,0:00:01,0:00:01,0:00:01,False,False,1,1,info,4.659547653965621,4.017407,0.171973,99.24584,5.6675044,6.6088424,19.4714225600002,193753.367126579,205490.0,28770.0,231600.0,228570.0,230520.0,231180.0,5.671310944196429,4.772880000000001,2.045588,2672.055755,6.3517737,8.299253549999998,25.40077635000002,10201.170915765857,10890.0,1513.0,12410.0,12100.0,12170.0,12310.0
1,15,100,100,0,0,2,4,6,2,6,0,True,DistributionScheme.HASH,8g,12g,12g,12g,12g,12g,12g,12g,10,0:00:10,0:00:15,0:00:05,0:00:15,0:00:20,0:00:05,KeyValueStore,-1,compartmentalized_sweep_1,100000,0.95,1.0,16,0,PointSkewedReadWriteWorkload,1,1.0,16,0,UniformReadWriteWorkload,1,0.0,16,0,UniformReadWriteWorkload,linearizable,False,True,0:00:00.200000,0,info,"size,1,10s",False,False,info,0:00:01,10,0:00:00,0:01:00,0:02:00,0:04:00,info,1,info,info,5000,False,100,0:00:02,0:00:05,False,info,1,False,info,0:00:01,0:00:01,0:00:01,0:00:01,0:00:01,False,False,1,1,info,4.806012103922654,3.94157,0.167424,188.916635,5.660228000000002,6.652015999999998,26.58869755999965,279081.7144362308,305653.0,26980.0,354170.0,347260.0,349810.0,352330.0,5.5513554211491165,4.552035,1.657285,1505.079642,6.3473132,8.467706199999993,31.302674400000036,14710.746358775812,16200.0,1400.0,18590.0,18260.0,18380.0,18480.0
1,20,100,100,0,0,2,4,6,2,6,0,True,DistributionScheme.HASH,8g,12g,12g,12g,12g,12g,12g,12g,10,0:00:10,0:00:15,0:00:05,0:00:15,0:00:20,0:00:05,KeyValueStore,-1,compartmentalized_sweep_1,100000,0.95,1.0,16,0,PointSkewedReadWriteWorkload,1,1.0,16,0,UniformReadWriteWorkload,1,0.0,16,0,UniformReadWriteWorkload,linearizable,False,True,0:00:00.200000,0,info,"size,1,10s",False,False,info,0:00:01,10,0:00:00,0:01:00,0:02:00,0:04:00,info,1,info,info,5000,False,100,0:00:02,0:00:05,False,info,1,False,info,0:00:01,0:00:01,0:00:01,0:00:01,0:00:01,False,False,1,1,info,5.29365674319918,4.254119,0.161865,228.041548,6.403705400000001,7.963234799999976,31.13862031999983,352419.92654746067,387970.0,25160.0,443720.0,436000.0,437120.4999999999,442370.0,5.900579946038449,4.807402,1.585685,2001.769264,6.6045759,9.337071499999974,35.420220849999964,18547.385523823672,20440.0,1350.0,23600.0,22930.0,23050.0,23440.0
1,30,100,100,0,0,2,4,6,2,6,0,True,DistributionScheme.HASH,8g,12g,12g,12g,12g,12g,12g,12g,10,0:00:10,0:00:15,0:00:05,0:00:15,0:00:20,0:00:05,KeyValueStore,-1,compartmentalized_sweep_1,100000,0.95,1.0,16,0,PointSkewedReadWriteWorkload,1,1.0,16,0,UniformReadWriteWorkload,1,0.0,16,0,UniformReadWriteWorkload,linearizable,False,True,0:00:00.200000,0,info,"size,1,10s",False,False,info,0:00:01,10,0:00:00,0:01:00,0:02:00,0:04:00,info,1,info,info,5000,False,100,0:00:02,0:00:05,False,info,1,False,info,0:00:01,0:00:01,0:00:01,0:00:01,0:00:01,False,False,1,1,info,8.044968000471252,6.418427,0.171057,279.984429,11.011803000000004,14.621484499999994,56.52623771999999,340008.7355743677,381880.0,30446.0,400670.0,393970.0,396730.0,399650.0,8.720754141437226,7.355569,1.538427,154.194453,11.377418200000001,13.9214699,48.87472174000001,17888.242527123773,20050.0,1552.0,21000.0,20770.0,20840.0,20920.0
1,5,100,100,0,0,2,5,6,2,6,0,True,DistributionScheme.HASH,8g,12g,12g,12g,12g,12g,12g,12g,10,0:00:10,0:00:15,0:00:05,0:00:15,0:00:20,0:00:05,KeyValueStore,-1,compartmentalized_sweep_1,100000,0.95,1.0,16,0,PointSkewedReadWriteWorkload,1,1.0,16,0,UniformReadWriteWorkload,1,0.0,16,0,UniformReadWriteWorkload,linearizable,False,True,0:00:00.200000,0,info,"size,1,10s",False,False,info,0:00:01,10,0:00:00,0:01:00,0:02:00,0:04:00,info,1,info,info,5000,False,100,0:00:02,0:00:05,False,info,1,False,info,0:00:01,0:00:01,0:00:01,0:00:01,0:00:01,False,False,1,1,info,4.038031823526221,3.779237,1.012351,40.935087,5.4470334000000005,6.093945999999999,8.941172499999977,103100.66872599871,111750.0,26090.0,117850.0,116700.0,117100.0,117330.0,5.557088328268876,5.1471564999999995,3.213191,1001.090424,6.714788200000001,7.56252295,11.664115109999988,5402.889841610099,5860.0,1370.0,6280.0,6140.0,6190.0,6250.0
1,10,100,100,0,0,2,5,6,2,6,0,True,DistributionScheme.HASH,8g,12g,12g,12g,12g,12g,12g,12g,10,0:00:10,0:00:15,0:00:05,0:00:15,0:00:20,0:00:05,KeyValueStore,-1,compartmentalized_sweep_1,100000,0.95,1.0,16,0,PointSkewedReadWriteWorkload,1,1.0,16,0,UniformReadWriteWorkload,1,0.0,16,0,UniformReadWriteWorkload,linearizable,False,True,0:00:00.200000,0,info,"size,1,10s",False,False,info,0:00:01,10,0:00:00,0:01:00,0:02:00,0:04:00,info,1,info,info,5000,False,100,0:00:02,0:00:05,False,info,1,False,info,0:00:01,0:00:01,0:00:01,0:00:01,0:00:01,False,False,1,1,info,4.7259185455019095,4.1059245,0.167823,91.647731,5.8453993,6.7617560999999995,18.390102430000002,192652.9403961338,207170.0,25790.0,228100.0,226300.0,226930.0,227460.0,5.7491471240953445,4.862827,2.152361,3005.77283,6.493168,7.969161,22.814087199999854,10160.579102230738,10900.0,1330.0,12200.0,11970.0,12080.0,12130.0
1,15,100,100,0,0,2,5,6,2,6,0,True,DistributionScheme.HASH,8g,12g,12g,12g,12g,12g,12g,12g,10,0:00:10,0:00:15,0:00:05,0:00:15,0:00:20,0:00:05,KeyValueStore,-1,compartmentalized_sweep_1,100000,0.95,1.0,16,0,PointSkewedReadWriteWorkload,1,1.0,16,0,UniformReadWriteWorkload,1,0.0,16,0,UniformReadWriteWorkload,linearizable,False,True,0:00:00.200000,0,info,"size,1,10s",False,False,info,0:00:01,10,0:00:00,0:01:00,0:02:00,0:04:00,info,1,info,info,5000,False,100,0:00:02,0:00:05,False,info,1,False,info,0:00:01,0:00:01,0:00:01,0:00:01,0:00:01,False,False,1,1,info,4.8842334537007295,3.972807,0.171754,184.245094,5.6927731,6.8065930499999965,30.740471369999966,281262.62963754096,298140.0,27340.0,354327.0,345480.0,346890.0,351339.00000000023,5.616119740590725,4.5895,1.654275,1336.59459,6.305279799999998,8.80915679999996,32.007756,14826.5726556232,15720.0,1380.0,18590.0,18160.0,18220.0,18390.0
1,20,100,100,0,0,2,5,6,2,6,0,True,DistributionScheme.HASH,8g,12g,12g,12g,12g,12g,12g,12g,10,0:00:10,0:00:15,0:00:05,0:00:15,0:00:20,0:00:05,KeyValueStore,-1,compartmentalized_sweep_1,100000,0.95,1.0,16,0,PointSkewedReadWriteWorkload,1,1.0,16,0,UniformReadWriteWorkload,1,0.0,16,0,UniformReadWriteWorkload,linearizable,False,True,0:00:00.200000,0,info,"size,1,10s",False,False,info,0:00:01,10,0:00:00,0:01:00,0:02:00,0:04:00,info,1,info,info,5000,False,100,0:00:02,0:00:05,False,info,1,False,info,0:00:01,0:00:01,0:00:01,0:00:01,0:00:01,False,False,1,1,info,5.470446352575367,4.244688,0.167349,232.130923,6.830074100000001,8.858412599999996,43.72184673999993,336770.08754321333,366680.0,27300.0,432630.0,422240.0,424970.0,431890.0,6.176914321074753,5.028363000000001,1.799581,145.834521,7.224471699999999,10.029162899999994,41.82181274999987,17767.95005767013,19480.0,1370.0,22800.0,22320.0,22460.0,22690.0
1,30,100,100,0,0,2,5,6,2,6,0,True,DistributionScheme.HASH,8g,12g,12g,12g,12g,12g,12g,12g,10,0:00:10,0:00:15,0:00:05,0:00:15,0:00:20,0:00:05,KeyValueStore,-1,compartmentalized_sweep_1,100000,0.95,1.0,16,0,PointSkewedReadWriteWorkload,1,1.0,16,0,UniformReadWriteWorkload,1,0.0,16,0,UniformReadWriteWorkload,linearizable,False,True,0:00:00.200000,0,info,"size,1,10s",False,False,info,0:00:01,10,0:00:00,0:01:00,0:02:00,0:04:00,info,1,info,info,5000,False,100,0:00:02,0:00:05,False,info,1,False,info,0:00:01,0:00:01,0:00:01,0:00:01,0:00:01,False,False,1,1,info,7.738636607702028,6.437312,0.170286,303.059088,10.1234798,13.178074199999996,52.23583185000079,346878.9999605276,376280.0,26703.0,404210.0,401980.0,402660.0,403650.0,8.530260087458746,7.3900275,1.5539,618.30394,10.828183899999999,13.232801399999996,41.457904429999964,18253.3005503538,19840.0,1527.0,21420.0,21220.0,21270.0,21320.0
1,5,100,100,0,0,2,2,6,2,6,0,True,DistributionScheme.HASH,8g,12g,12g,12g,12g,12g,12g,12g,10,0:00:10,0:00:15,0:00:05,0:00:15,0:00:20,0:00:05,KeyValueStore,-1,compartmentalized_sweep_1,100000,0.95,1.0,16,0,PointSkewedReadWriteWorkload,1,1.0,16,0,UniformReadWriteWorkload,1,0.0,16,0,UniformReadWriteWorkload,linearizable,False,True,0:00:00.200000,0,info,"size,1,10s",False,False,info,0:00:01,10,0:00:00,0:01:00,0:02:00,0:04:00,info,1,info,info,5000,False,100,0:00:02,0:00:05,False,info,1,False,info,0:00:01,0:00:01,0:00:01,0:00:01,0:00:01,False,False,1,1,info,4.2093967238149785,3.911207,1.297799,37.878806,5.573691400000001,6.340303200000001,12.117473300000002,104938.35044865079,112120.0,26890.0,115980.0,114810.0,115420.0,115680.0,5.615020534096328,5.1128905,3.079401,1290.134142,6.6796571,7.677272549999998,13.026314859999983,5533.992100715873,5920.0,1447.0,6180.0,6060.0,6080.0,6110.0
1,10,100,100,0,0,2,2,6,2,6,0,True,DistributionScheme.HASH,8g,12g,12g,12g,12g,12g,12g,12g,10,0:00:10,0:00:15,0:00:05,0:00:15,0:00:20,0:00:05,KeyValueStore,-1,compartmentalized_sweep_1,100000,0.95,1.0,16,0,PointSkewedReadWriteWorkload,1,1.0,16,0,UniformReadWriteWorkload,1,0.0,16,0,UniformReadWriteWorkload,linearizable,False,True,0:00:00.200000,0,info,"size,1,10s",False,False,info,0:00:01,10,0:00:00,0:01:00,0:02:00,0:04:00,info,1,info,info,5000,False,100,0:00:02,0:00:05,False,info,1,False,info,0:00:01,0:00:01,0:00:01,0:00:01,0:00:01,False,False,1,1,info,4.649129702509244,4.037942,0.189313,99.135994,5.798409399999999,6.703966300000002,17.758493000000033,184636.58625513,198210.0,24510.0,229410.0,223800.0,227410.0,228570.0,5.569885982509008,4.799452,1.779611,906.346884,6.7306616,8.319180399999993,19.76273316000003,9696.193398136898,10328.0,1270.0,12070.0,11680.0,11940.0,12020.0
1,15,100,100,0,0,2,2,6,2,6,0,True,DistributionScheme.HASH,8g,12g,12g,12g,12g,12g,12g,12g,10,0:00:10,0:00:15,0:00:05,0:00:15,0:00:20,0:00:05,KeyValueStore,-1,compartmentalized_sweep_1,100000,0.95,1.0,16,0,PointSkewedReadWriteWorkload,1,1.0,16,0,UniformReadWriteWorkload,1,0.0,16,0,UniformReadWriteWorkload,linearizable,False,True,0:00:00.200000,0,info,"size,1,10s",False,False,info,0:00:01,10,0:00:00,0:01:00,0:02:00,0:04:00,info,1,info,info,5000,False,100,0:00:02,0:00:05,False,info,1,False,info,0:00:01,0:00:01,0:00:01,0:00:01,0:00:01,False,False,1,1,info,5.1175601301119995,4.0999,0.156443,232.150765,5.826101700000002,6.843055949999999,24.88578089999997,260131.93181036244,279510.0,27940.0,336250.0,330450.0,332370.0,335410.0,6.3367946396494546,5.233225,1.70859,1004.128885,7.187346500000002,9.036284849999996,36.303620099999996,13764.141746148203,14780.0,1450.0,17740.0,17520.0,17590.0,17670.0
1,20,100,100,0,0,2,2,6,2,6,0,True,DistributionScheme.HASH,8g,12g,12g,12g,12g,12g,12g,12g,10,0:00:10,0:00:15,0:00:05,0:00:15,0:00:20,0:00:05,KeyValueStore,-1,compartmentalized_sweep_1,100000,0.95,1.0,16,0,PointSkewedReadWriteWorkload,1,1.0,16,0,UniformReadWriteWorkload,1,0.0,16,0,UniformReadWriteWorkload,linearizable,False,True,0:00:00.200000,0,info,"size,1,10s",False,False,info,0:00:01,10,0:00:00,0:01:00,0:02:00,0:04:00,info,1,info,info,5000,False,100,0:00:02,0:00:05,False,info,1,False,info,0:00:01,0:00:01,0:00:01,0:00:01,0:00:01,False,False,1,1,info,6.321801694933664,5.0798945,0.167028,267.642749,6.644611699999999,7.663132899999999,50.87867288000016,291325.8867652666,325560.0,29290.0,366070.0,359100.0,361300.0,364120.0,7.985216634271322,6.7378944999999995,1.555739,1001.035989,8.389122399999998,10.305649449999986,48.15374582999998,15327.824785374316,17250.0,1540.0,19110.0,18830.0,18990.0,19060.0
1,30,100,100,0,0,2,2,6,2,6,0,True,DistributionScheme.HASH,8g,12g,12g,12g,12g,12g,12g,12g,10,0:00:10,0:00:15,0:00:05,0:00:15,0:00:20,0:00:05,KeyValueStore,-1,compartmentalized_sweep_1,100000,0.95,1.0,16,0,PointSkewedReadWriteWorkload,1,1.0,16,0,UniformReadWriteWorkload,1,0.0,16,0,UniformReadWriteWorkload,linearizable,False,True,0:00:00.200000,0,info,"size,1,10s",False,False,info,0:00:01,10,0:00:00,0:01:00,0:02:00,0:04:00,info,1,info,info,5000,False,100,0:00:02,0:00:05,False,info,1,False,info,0:00:01,0:00:01,0:00:01,0:00:01,0:00:01,False,False,1,1,info,9.104999440705903,7.669392500000001,0.174673,289.522864,10.106411800000004,12.381148749999994,58.096043820000006,296840.2038675712,324140.0,25530.0,364360.0,345810.0,350180.0,360370.0,11.056301430231597,9.8290645,1.736124,1002.140406,12.429440500000002,16.041640899999997,52.58560924999996,15590.504401071565,17040.0,1317.0,18820.0,18140.0,18310.0,18720.0
1,5,100,100,0,0,2,3,6,2,6,0,True,DistributionScheme.HASH,8g,12g,12g,12g,12g,12g,12g,12g,10,0:00:10,0:00:15,0:00:05,0:00:15,0:00:20,0:00:05,KeyValueStore,-1,compartmentalized_sweep_1,100000,0.95,1.0,16,0,PointSkewedReadWriteWorkload,1,1.0,16,0,UniformReadWriteWorkload,1,0.0,16,0,UniformReadWriteWorkload,linearizable,False,True,0:00:00.200000,0,info,"size,1,10s",False,False,info,0:00:01,10,0:00:00,0:01:00,0:02:00,0:04:00,info,1,info,info,5000,False,100,0:00:02,0:00:05,False,info,1,False,info,0:00:01,0:00:01,0:00:01,0:00:01,0:00:01,False,False,1,1,info,3.9796414046909954,3.7699425,0.308891,56.386331,5.3669365,5.970727700000001,7.797307259999993,106770.87448857246,114210.0,25330.0,118250.0,117480.0,117630.0,117840.0,5.396501572405929,5.0588625,3.227431,1002.939658,6.384307900000001,7.06401075,10.023591859999904,5603.845918247143,5990.0,1270.0,6270.0,6138.0,6210.0,6250.0
1,10,100,100,0,0,2,3,6,2,6,0,True,DistributionScheme.HASH,8g,12g,12g,12g,12g,12g,12g,12g,10,0:00:10,0:00:15,0:00:05,0:00:15,0:00:20,0:00:05,KeyValueStore,-1,compartmentalized_sweep_1,100000,0.95,1.0,16,0,PointSkewedReadWriteWorkload,1,1.0,16,0,UniformReadWriteWorkload,1,0.0,16,0,UniformReadWriteWorkload,linearizable,False,True,0:00:00.200000,0,info,"size,1,10s",False,False,info,0:00:01,10,0:00:00,0:01:00,0:02:00,0:04:00,info,1,info,info,5000,False,100,0:00:02,0:00:05,False,info,1,False,info,0:00:01,0:00:01,0:00:01,0:00:01,0:00:01,False,False,1,1,info,4.676891659751582,4.0597705,0.17292,100.567936,5.818011299999999,6.702099799999999,17.810712150000047,193191.47130111392,202320.0,25660.0,231100.0,223490.0,224000.0,224700.0,5.557189390040678,4.7844705,2.031552,999.354082,6.4406118,8.079626499999986,20.737519080000006,10192.87442271122,10600.0,1355.0,12210.0,11790.0,11820.0,11920.0
1,15,100,100,0,0,2,3,6,2,6,0,True,DistributionScheme.HASH,8g,12g,12g,12g,12g,12g,12g,12g,10,0:00:10,0:00:15,0:00:05,0:00:15,0:00:20,0:00:05,KeyValueStore,-1,compartmentalized_sweep_1,100000,0.95,1.0,16,0,PointSkewedReadWriteWorkload,1,1.0,16,0,UniformReadWriteWorkload,1,0.0,16,0,UniformReadWriteWorkload,linearizable,False,True,0:00:00.200000,0,info,"size,1,10s",False,False,info,0:00:01,10,0:00:00,0:01:00,0:02:00,0:04:00,info,1,info,info,5000,False,100,0:00:02,0:00:05,False,info,1,False,info,0:00:01,0:00:01,0:00:01,0:00:01,0:00:01,False,False,1,1,info,4.737772431871338,3.914858,0.179002,176.707152,5.5648196,6.501709199999995,21.37197919999997,290104.43120174506,309000.0,26460.0,354120.0,352180.0,352710.0,353330.0,5.298337210929588,4.421749,1.65651,127.148392,6.052006400000002,7.715658199999988,30.280085399999198,15271.913750795238,16290.0,1381.0,18790.0,18570.0,18670.0,18720.0
1,20,100,100,0,0,2,3,6,2,6,0,True,DistributionScheme.HASH,8g,12g,12g,12g,12g,12g,12g,12g,10,0:00:10,0:00:15,0:00:05,0:00:15,0:00:20,0:00:05,KeyValueStore,-1,compartmentalized_sweep_1,100000,0.95,1.0,16,0,PointSkewedReadWriteWorkload,1,1.0,16,0,UniformReadWriteWorkload,1,0.0,16,0,UniformReadWriteWorkload,linearizable,False,True,0:00:00.200000,0,info,"size,1,10s",False,False,info,0:00:01,10,0:00:00,0:01:00,0:02:00,0:04:00,info,1,info,info,5000,False,100,0:00:02,0:00:05,False,info,1,False,info,0:00:01,0:00:01,0:00:01,0:00:01,0:00:01,False,False,1,1,info,5.142697799962251,4.210977,0.187745,202.040011,6.3409878,7.770184799999999,21.979466520000166,359771.9502852889,394430.0,25740.0,456210.0,449200.0,452900.0,455060.0,5.667364462226323,4.754534,1.623362,162.803699,6.724328,8.889479,28.117605400000024,18952.65008861721,20780.0,1350.0,23990.0,23620.0,23750.0,23900.0
1,30,100,100,0,0,2,3,6,2,6,0,True,DistributionScheme.HASH,8g,12g,12g,12g,12g,12g,12g,12g,10,0:00:10,0:00:15,0:00:05,0:00:15,0:00:20,0:00:05,KeyValueStore,-1,compartmentalized_sweep_1,100000,0.95,1.0,16,0,PointSkewedReadWriteWorkload,1,1.0,16,0,UniformReadWriteWorkload,1,0.0,16,0,UniformReadWriteWorkload,linearizable,False,True,0:00:00.200000,0,info,"size,1,10s",False,False,info,0:00:01,10,0:00:00,0:01:00,0:02:00,0:04:00,info,1,info,info,5000,False,100,0:00:02,0:00:05,False,info,1,False,info,0:00:01,0:00:01,0:00:01,0:00:01,0:00:01,False,False,1,1,info,7.643524339364947,6.312806,0.179921,272.826884,10.209454799999998,13.18230345,51.44613070999879,354407.85949220206,394590.0,28840.0,433240.0,411820.0,423770.0,432060.0,8.309788738298387,7.141602,1.726413,1003.288245,10.3889106,13.292681799999993,42.05127388000004,18625.16724174354,20690.0,1530.0,22750.0,21600.0,22260.0,22650.0
1,5,100,100,0,0,2,4,6,2,6,0,True,DistributionScheme.HASH,8g,12g,12g,12g,12g,12g,12g,12g,10,0:00:10,0:00:15,0:00:05,0:00:15,0:00:20,0:00:05,KeyValueStore,-1,compartmentalized_sweep_1,100000,0.95,1.0,16,0,PointSkewedReadWriteWorkload,1,1.0,16,0,UniformReadWriteWorkload,1,0.0,16,0,UniformReadWriteWorkload,linearizable,False,True,0:00:00.200000,0,info,"size,1,10s",False,False,info,0:00:01,10,0:00:00,0:01:00,0:02:00,0:04:00,info,1,info,info,5000,False,100,0:00:02,0:00:05,False,info,1,False,info,0:00:01,0:00:01,0:00:01,0:00:01,0:00:01,False,False,1,1,info,4.120649225835637,3.8522985,0.966719,37.435061,5.595840600000001,6.299109000000001,9.82683178999985,106050.34575522855,113170.0,29770.0,116540.0,115180.0,115620.0,116290.0,5.627760148621465,5.118103,2.459632,2006.291814,6.553588,7.293526,12.562722,5562.049228508449,5880.0,1550.0,6310.0,6140.0,6210.0,6250.0
1,10,100,100,0,0,2,4,6,2,6,0,True,DistributionScheme.HASH,8g,12g,12g,12g,12g,12g,12g,12g,10,0:00:10,0:00:15,0:00:05,0:00:15,0:00:20,0:00:05,KeyValueStore,-1,compartmentalized_sweep_1,100000,0.95,1.0,16,0,PointSkewedReadWriteWorkload,1,1.0,16,0,UniformReadWriteWorkload,1,0.0,16,0,UniformReadWriteWorkload,linearizable,False,True,0:00:00.200000,0,info,"size,1,10s",False,False,info,0:00:01,10,0:00:00,0:01:00,0:02:00,0:04:00,info,1,info,info,5000,False,100,0:00:02,0:00:05,False,info,1,False,info,0:00:01,0:00:01,0:00:01,0:00:01,0:00:01,False,False,1,1,info,4.655232765531255,4.0859625,0.165317,101.194875,5.7160633,6.5594462,17.664946050000015,193718.00497342405,205820.0,29410.0,228850.0,226220.0,227670.0,228340.0,5.536634436578171,4.810962,2.014455,998.069295,6.3165254,7.808317299999996,21.161478819999978,10202.327251763429,10860.0,1490.0,12130.0,12000.0,12040.0,12080.0
1,15,100,100,0,0,2,4,6,2,6,0,True,DistributionScheme.HASH,8g,12g,12g,12g,12g,12g,12g,12g,10,0:00:10,0:00:15,0:00:05,0:00:15,0:00:20,0:00:05,KeyValueStore,-1,compartmentalized_sweep_1,100000,0.95,1.0,16,0,PointSkewedReadWriteWorkload,1,1.0,16,0,UniformReadWriteWorkload,1,0.0,16,0,UniformReadWriteWorkload,linearizable,False,True,0:00:00.200000,0,info,"size,1,10s",False,False,info,0:00:01,10,0:00:00,0:01:00,0:02:00,0:04:00,info,1,info,info,5000,False,100,0:00:02,0:00:05,False,info,1,False,info,0:00:01,0:00:01,0:00:01,0:00:01,0:00:01,False,False,1,1,info,4.905447322365404,3.932257,0.170035,181.195185,5.629000000000001,6.759176099999996,34.664531780000424,280017.9589896782,286004.0,84190.0,352250.0,346450.0,347840.0,351150.0,5.50949133556802,4.470174,1.502856,119.057285,6.1181366,8.877024500000005,35.05184574000006,14735.89452124936,14950.0,4440.0,18550.0,18230.0,18340.0,18440.0
1,20,100,100,0,0,2,4,6,2,6,0,True,DistributionScheme.HASH,8g,12g,12g,12g,12g,12g,12g,12g,10,0:00:10,0:00:15,0:00:05,0:00:15,0:00:20,0:00:05,KeyValueStore,-1,compartmentalized_sweep_1,100000,0.95,1.0,16,0,PointSkewedReadWriteWorkload,1,1.0,16,0,UniformReadWriteWorkload,1,0.0,16,0,UniformReadWriteWorkload,linearizable,False,True,0:00:00.200000,0,info,"size,1,10s",False,False,info,0:00:01,10,0:00:00,0:01:00,0:02:00,0:04:00,info,1,info,info,5000,False,100,0:00:02,0:00:05,False,info,1,False,info,0:00:01,0:00:01,0:00:01,0:00:01,0:00:01,False,False,1,1,info,5.362830360960641,4.2652494999999995,0.175887,217.823972,6.671642,8.175847000000001,40.73251965000004,338499.3513961754,378130.0,25880.0,427110.0,422090.0,424630.0,425770.0,6.047593213819308,4.968292,1.598386,1002.364021,6.9449942,9.17675269999998,36.43104423999976,17802.364423692434,19890.0,1310.0,22630.0,22140.0,22320.0,22490.0
1,30,100,100,0,0,2,4,6,2,6,0,True,DistributionScheme.HASH,8g,12g,12g,12g,12g,12g,12g,12g,10,0:00:10,0:00:15,0:00:05,0:00:15,0:00:20,0:00:05,KeyValueStore,-1,compartmentalized_sweep_1,100000,0.95,1.0,16,0,PointSkewedReadWriteWorkload,1,1.0,16,0,UniformReadWriteWorkload,1,0.0,16,0,UniformReadWriteWorkload,linearizable,False,True,0:00:00.200000,0,info,"size,1,10s",False,False,info,0:00:01,10,0:00:00,0:01:00,0:02:00,0:04:00,info,1,info,info,5000,False,100,0:00:02,0:00:05,False,info,1,False,info,0:00:01,0:00:01,0:00:01,0:00:01,0:00:01,False,False,1,1,info,7.729314944636819,6.318817,0.163772,267.087353,10.402656499999999,13.444151499999998,56.833220800000454,347081.05679183354,387920.0,25290.0,407480.0,401187.0000000001,405340.0,406250.0,8.401533391168849,7.189996,1.744354,1000.171074,10.998353,13.713270049999982,41.68886451,18269.91835567471,20380.0,1337.0,21580.0,21120.0,21330.0,21480.0
1,5,100,100,0,0,2,5,6,2,6,0,True,DistributionScheme.HASH,8g,12g,12g,12g,12g,12g,12g,12g,10,0:00:10,0:00:15,0:00:05,0:00:15,0:00:20,0:00:05,KeyValueStore,-1,compartmentalized_sweep_1,100000,0.95,1.0,16,0,PointSkewedReadWriteWorkload,1,1.0,16,0,UniformReadWriteWorkload,1,0.0,16,0,UniformReadWriteWorkload,linearizable,False,True,0:00:00.200000,0,info,"size,1,10s",False,False,info,0:00:01,10,0:00:00,0:01:00,0:02:00,0:04:00,info,1,info,info,5000,False,100,0:00:02,0:00:05,False,info,1,False,info,0:00:01,0:00:01,0:00:01,0:00:01,0:00:01,False,False,1,1,info,3.9650258759924997,3.7097100000000003,0.314007,44.54608,5.430996,6.135473300000001,8.551329669999987,100064.71552220873,106840.0,25870.0,120830.0,118430.0,119350.0,120440.0,5.415068776553895,5.124686,1.954392,25.183532,6.7992974,7.696659199999998,10.805888999999949,5295.250870675644,5680.0,1341.0,6460.0,6300.0,6330.0,6380.0
1,10,100,100,0,0,2,5,6,2,6,0,True,DistributionScheme.HASH,8g,12g,12g,12g,12g,12g,12g,12g,10,0:00:10,0:00:15,0:00:05,0:00:15,0:00:20,0:00:05,KeyValueStore,-1,compartmentalized_sweep_1,100000,0.95,1.0,16,0,PointSkewedReadWriteWorkload,1,1.0,16,0,UniformReadWriteWorkload,1,0.0,16,0,UniformReadWriteWorkload,linearizable,False,True,0:00:00.200000,0,info,"size,1,10s",False,False,info,0:00:01,10,0:00:00,0:01:00,0:02:00,0:04:00,info,1,info,info,5000,False,100,0:00:02,0:00:05,False,info,1,False,info,0:00:01,0:00:01,0:00:01,0:00:01,0:00:01,False,False,1,1,info,4.694809982352737,4.082345999999999,0.162687,103.495436,5.812023,6.7407132999999995,18.094736180000012,192267.19780676605,205270.0,30640.0,228150.0,226230.0,227130.0,227640.0,5.538086198742554,4.8626535,2.024136,58.518868,6.392940900000001,7.919750099999996,23.05546772999992,10107.068593290975,10760.0,1610.0,12140.0,11900.0,11970.0,12080.0
1,15,100,100,0,0,2,5,6,2,6,0,True,DistributionScheme.HASH,8g,12g,12g,12g,12g,12g,12g,12g,10,0:00:10,0:00:15,0:00:05,0:00:15,0:00:20,0:00:05,KeyValueStore,-1,compartmentalized_sweep_1,100000,0.95,1.0,16,0,PointSkewedReadWriteWorkload,1,1.0,16,0,UniformReadWriteWorkload,1,0.0,16,0,UniformReadWriteWorkload,linearizable,False,True,0:00:00.200000,0,info,"size,1,10s",False,False,info,0:00:01,10,0:00:00,0:01:00,0:02:00,0:04:00,info,1,info,info,5000,False,100,0:00:02,0:00:05,False,info,1,False,info,0:00:01,0:00:01,0:00:01,0:00:01,0:00:01,False,False,1,1,info,4.921471678214973,3.931314,0.161545,179.858843,5.769888399999999,6.952853699999999,34.7739034399999,268213.21770725085,290993.0,27120.0,349820.0,337120.0,347050.0,349040.0,5.72059204980966,4.611947,1.83983,804.452115,6.674889399999999,9.524583299999975,34.72553541999995,14145.288289989145,15261.0,1400.0,18720.0,17590.0,18580.0,18670.0
1,20,100,100,0,0,2,5,6,2,6,0,True,DistributionScheme.HASH,8g,12g,12g,12g,12g,12g,12g,12g,10,0:00:10,0:00:15,0:00:05,0:00:15,0:00:20,0:00:05,KeyValueStore,-1,compartmentalized_sweep_1,100000,0.95,1.0,16,0,PointSkewedReadWriteWorkload,1,1.0,16,0,UniformReadWriteWorkload,1,0.0,16,0,UniformReadWriteWorkload,linearizable,False,True,0:00:00.200000,0,info,"size,1,10s",False,False,info,0:00:01,10,0:00:00,0:01:00,0:02:00,0:04:00,info,1,info,info,5000,False,100,0:00:02,0:00:05,False,info,1,False,info,0:00:01,0:00:01,0:00:01,0:00:01,0:00:01,False,False,1,1,info,5.714686039513073,4.313923,0.174593,250.141962,7.664744000000001,10.308325,48.555059999999855,332678.84807430307,352610.0,100730.0,427960.0,414230.0,416730.0,426770.0,6.400757920453657,5.128684,1.78976,718.410203,7.723774500000005,10.690094299999998,40.53211229000025,17561.448213857588,18580.0,5300.0,22720.0,21880.0,22070.0,22600.0
1,30,100,100,0,0,2,5,6,2,6,0,True,DistributionScheme.HASH,8g,12g,12g,12g,12g,12g,12g,12g,10,0:00:10,0:00:15,0:00:05,0:00:15,0:00:20,0:00:05,KeyValueStore,-1,compartmentalized_sweep_1,100000,0.95,1.0,16,0,PointSkewedReadWriteWorkload,1,1.0,16,0,UniformReadWriteWorkload,1,0.0,16,0,UniformReadWriteWorkload,linearizable,False,True,0:00:00.200000,0,info,"size,1,10s",False,False,info,0:00:01,10,0:00:00,0:01:00,0:02:00,0:04:00,info,1,info,info,5000,False,100,0:00:02,0:00:05,False,info,1,False,info,0:00:01,0:00:01,0:00:01,0:00:01,0:00:01,False,False,1,1,info,7.872867761914499,6.4011225,0.162157,272.427041,10.719001500000001,13.440508999999999,55.52562049999985,346928.19327464234,384150.0,15966.0,416480.0,405640.0,407220.0,415840.0,8.718859503432332,7.348374,1.665682,1338.584242,11.5508804,14.158413899999998,47.41282718000002,18311.83075694898,20240.0,773.0,22030.0,21300.0,21590.0,21920.0
