f,num_client_procs,num_warmup_clients_per_proc,num_clients_per_proc,num_leaders,num_matchmakers,num_reconfigurers,num_acceptors,num_replicas,client_jvm_heap_size,leader_jvm_heap_size,matchmaker_jvm_heap_size,reconfigurer_jvm_heap_size,acceptor_jvm_heap_size,replica_jvm_heap_size,driver_jvm_heap_size,warmup_duration,warmup_timeout,warmup_sleep,duration,timeout,client_lag,state_machine,workload.size_mean,workload.size_std,workload.name,driver_workload.name,profiled,monitored,prometheus_scrape_interval,leader_options.resend_match_requests_period,leader_options.resend_reconfigure_period,leader_options.resend_phase1as_period,leader_options.resend_phase2as_period,leader_options.resend_executed_watermark_requests_period,leader_options.resend_persisted_period,leader_options.resend_garbage_collects_period,leader_options.send_chosen_watermark_every_n,leader_options.stutter,leader_options.election_options.ping_period,leader_options.election_options.no_ping_timeout_min,leader_options.election_options.no_ping_timeout_max,leader_log_level,matchmaker_log_level,reconfigurer_options.resend_stops_period,reconfigurer_options.resend_bootstraps_period,reconfigurer_options.resend_match_phase1as_period,reconfigurer_options.resend_match_phase2as_period,reconfigurer_log_level,acceptor_log_level,replica_options.log_grow_size,replica_options.unsafe_dont_use_client_table,replica_options.recover_log_entry_min_period,replica_options.recover_log_entry_max_period,replica_options.unsafe_dont_recover,replica_log_level,client_options.resend_client_request_period,client_options.stutter,client_log_level,driver_log_level,latency.mean_ms,latency.median_ms,latency.min_ms,latency.max_ms,latency.p90_ms,latency.p95_ms,latency.p99_ms,start_throughput_1s.mean,start_throughput_1s.median,start_throughput_1s.min,start_throughput_1s.max,start_throughput_1s.p90,start_throughput_1s.p95,start_throughput_1s.p99
1,1,1,1,2,3,2,3,3,15g,15g,15g,15g,15g,15g,15g,0:00:10,0:00:15,0:00:00,0:00:15,0:00:20,0:00:05,Noop,1,0,StringWorkload,DoNothing,False,True,0:00:00.200000,0:01:00,0:01:00,0:01:00,0:01:00,0:01:00,0:01:00,0:01:00,100,1000,0:01:00,0:02:00,0:04:00,info,info,0:01:00,0:01:00,0:01:00,0:01:00,info,info,5000,False,0:02:00,0:04:00,False,info,0:02:00,1000,info,info,0.2226658302302334,0.220575,0.169866,3.439132,0.2517969,0.264947,0.29942791,4244.455534728656,4312.5,2736.842105263158,4396.0,4367.0,4380.0,4390.0
1,1,2,2,2,3,2,3,3,15g,15g,15g,15g,15g,15g,15g,0:00:10,0:00:15,0:00:00,0:00:15,0:00:20,0:00:05,Noop,1,0,StringWorkload,DoNothing,False,True,0:00:00.200000,0:01:00,0:01:00,0:01:00,0:01:00,0:01:00,0:01:00,0:01:00,100,1000,0:01:00,0:02:00,0:04:00,info,info,0:01:00,0:01:00,0:01:00,0:01:00,info,info,5000,False,0:02:00,0:04:00,False,info,0:02:00,1000,info,info,0.2345330868139864,0.230933,0.166879,10.13421,0.27146479999999995,0.284994,0.32530191999999997,8115.707753845187,8266.0,5033.333333333334,8436.0,8341.0,8366.0,8419.0
1,1,3,3,2,3,2,3,3,15g,15g,15g,15g,15g,15g,15g,0:00:10,0:00:15,0:00:00,0:00:15,0:00:20,0:00:05,Noop,1,0,StringWorkload,DoNothing,False,True,0:00:00.200000,0:01:00,0:01:00,0:01:00,0:01:00,0:01:00,0:01:00,0:01:00,100,1000,0:01:00,0:02:00,0:04:00,info,info,0:01:00,0:01:00,0:01:00,0:01:00,info,info,5000,False,0:02:00,0:04:00,False,info,0:02:00,1000,info,info,0.2602302542936524,0.254166,0.174553,115.260366,0.2894214,0.3052024,0.3555293199999994,10896.92136478934,11075.0,5666.666666666667,11544.0,11455.0,11489.0,11530.0
1,1,4,4,2,3,2,3,3,15g,15g,15g,15g,15g,15g,15g,0:00:10,0:00:15,0:00:00,0:00:15,0:00:20,0:00:05,Noop,1,0,StringWorkload,DoNothing,False,True,0:00:00.200000,0:01:00,0:01:00,0:01:00,0:01:00,0:01:00,0:01:00,0:01:00,100,1000,0:01:00,0:02:00,0:04:00,info,info,0:01:00,0:01:00,0:01:00,0:01:00,info,info,5000,False,0:02:00,0:04:00,False,info,0:02:00,1000,info,info,0.26211410268907565,0.257566,0.160915,7.078802,0.3091372,0.3272539499999999,0.37936950999999997,14585.840297467921,14878.0,5368.421052631579,15736.0,15292.0,15329.0,15653.0
1,1,5,5,2,3,2,3,3,15g,15g,15g,15g,15g,15g,15g,0:00:10,0:00:15,0:00:00,0:00:15,0:00:20,0:00:05,Noop,1,0,StringWorkload,DoNothing,False,True,0:00:00.200000,0:01:00,0:01:00,0:01:00,0:01:00,0:01:00,0:01:00,0:01:00,100,1000,0:01:00,0:02:00,0:04:00,info,info,0:01:00,0:01:00,0:01:00,0:01:00,info,info,5000,False,0:02:00,0:04:00,False,info,0:02:00,1000,info,info,0.30898976299766007,0.3034255,0.16731,7.181121,0.3711055,0.39387025000000003,0.45647164999999984,15556.489866311367,16257.0,6058.823529411764,17015.0,16590.0,16899.0,16997.0
1,1,10,10,2,3,2,3,3,15g,15g,15g,15g,15g,15g,15g,0:00:10,0:00:15,0:00:00,0:00:15,0:00:20,0:00:05,Noop,1,0,StringWorkload,DoNothing,False,True,0:00:00.200000,0:01:00,0:01:00,0:01:00,0:01:00,0:01:00,0:01:00,0:01:00,100,1000,0:01:00,0:02:00,0:04:00,info,info,0:01:00,0:01:00,0:01:00,0:01:00,info,info,5000,False,0:02:00,0:04:00,False,info,0:02:00,1000,info,info,0.4615147879928822,0.44306,0.191494,12.592512,0.5829678,0.636395,0.7430758800000001,21187.159805721643,22709.0,6000.0,23910.0,23661.0,23703.0,23850.0
1,1,25,25,2,3,2,3,3,15g,15g,15g,15g,15g,15g,15g,0:00:10,0:00:15,0:00:00,0:00:15,0:00:20,0:00:05,Noop,1,0,StringWorkload,DoNothing,False,True,0:00:00.200000,0:01:00,0:01:00,0:01:00,0:01:00,0:01:00,0:01:00,0:01:00,100,1000,0:01:00,0:02:00,0:04:00,info,info,0:01:00,0:01:00,0:01:00,0:01:00,info,info,5000,False,0:02:00,0:04:00,False,info,0:02:00,1000,info,info,1.0767853151501365,1.0241924999999998,0.255789,10.869383,1.437561,1.5731579999999998,1.8526395,22905.808272247243,24830.0,6733.333333333334,26269.0,25831.0,26020.0,26234.0
1,1,50,50,2,3,2,3,3,15g,15g,15g,15g,15g,15g,15g,0:00:10,0:00:15,0:00:00,0:00:15,0:00:20,0:00:05,Noop,1,0,StringWorkload,DoNothing,False,True,0:00:00.200000,0:01:00,0:01:00,0:01:00,0:01:00,0:01:00,0:01:00,0:01:00,100,1000,0:01:00,0:02:00,0:04:00,info,info,0:01:00,0:01:00,0:01:00,0:01:00,info,info,5000,False,0:02:00,0:04:00,False,info,0:02:00,1000,info,info,2.055502337440726,1.9705635,0.374146,24.272407,2.6660424000000003,2.8858510500000003,3.48979383,23709.556254737698,25131.0,9047.619047619048,26954.0,26311.0,26653.0,26900.0
1,1,75,75,2,3,2,3,3,15g,15g,15g,15g,15g,15g,15g,0:00:10,0:00:15,0:00:00,0:00:15,0:00:20,0:00:05,Noop,1,0,StringWorkload,DoNothing,False,True,0:00:00.200000,0:01:00,0:01:00,0:01:00,0:01:00,0:01:00,0:01:00,0:01:00,100,1000,0:01:00,0:02:00,0:04:00,info,info,0:01:00,0:01:00,0:01:00,0:01:00,info,info,5000,False,0:02:00,0:04:00,False,info,0:02:00,1000,info,info,3.0728791318681314,2.960001,0.541096,36.897407,3.7989141,4.010964749999999,4.749960469999991,23734.52463318395,24616.0,7909.09090909091,25349.0,25080.0,25227.0,25287.0
1,1,100,100,2,3,2,3,3,15g,15g,15g,15g,15g,15g,15g,0:00:10,0:00:15,0:00:00,0:00:15,0:00:20,0:00:05,Noop,1,0,StringWorkload,DoNothing,False,True,0:00:00.200000,0:01:00,0:01:00,0:01:00,0:01:00,0:01:00,0:01:00,0:01:00,100,1000,0:01:00,0:02:00,0:04:00,info,info,0:01:00,0:01:00,0:01:00,0:01:00,info,info,5000,False,0:02:00,0:04:00,False,info,0:02:00,1000,info,info,4.164188926663389,3.973238,1.138069,17.58858,5.2010246,5.5175578000000005,6.694597160000001,23418.450597497205,24322.0,8000.0,25351.0,25244.0,25268.0,25297.0
1,2,100,100,2,3,2,3,3,15g,15g,15g,15g,15g,15g,15g,0:00:10,0:00:15,0:00:00,0:00:15,0:00:20,0:00:05,Noop,1,0,StringWorkload,DoNothing,False,True,0:00:00.200000,0:01:00,0:01:00,0:01:00,0:01:00,0:01:00,0:01:00,0:01:00,100,1000,0:01:00,0:02:00,0:04:00,info,info,0:01:00,0:01:00,0:01:00,0:01:00,info,info,5000,False,0:02:00,0:04:00,False,info,0:02:00,1000,info,info,7.204576778765209,8.307077,0.605084,60.888077,9.739973599999999,11.272487399999994,13.811442310000004,21144.70598630811,21506.0,6684.21052631579,27324.0,27121.0,27220.0,27275.0
1,3,100,100,2,3,2,3,3,15g,15g,15g,15g,15g,15g,15g,0:00:10,0:00:15,0:00:00,0:00:15,0:00:20,0:00:05,Noop,1,0,StringWorkload,DoNothing,False,True,0:00:00.200000,0:01:00,0:01:00,0:01:00,0:01:00,0:01:00,0:01:00,0:01:00,100,1000,0:01:00,0:02:00,0:04:00,info,info,0:01:00,0:01:00,0:01:00,0:01:00,info,info,5000,False,0:02:00,0:04:00,False,info,0:02:00,1000,info,info,10.16651103840448,11.581952,0.540805,40.331824,15.747664200000003,16.26795,17.334901100000003,21700.726787995925,23632.0,4863.636363636364,26795.0,25972.0,26320.0,26603.0
1,4,100,100,2,3,2,3,3,15g,15g,15g,15g,15g,15g,15g,0:00:10,0:00:15,0:00:00,0:00:15,0:00:20,0:00:05,Noop,1,0,StringWorkload,DoNothing,False,True,0:00:00.200000,0:01:00,0:01:00,0:01:00,0:01:00,0:01:00,0:01:00,0:01:00,100,1000,0:01:00,0:02:00,0:04:00,info,info,0:01:00,0:01:00,0:01:00,0:01:00,info,info,5000,False,0:02:00,0:04:00,False,info,0:02:00,1000,info,info,13.267583467363735,16.6088485,0.575914,53.58581,17.929128,21.05911575,23.2282655,21458.40401384321,22478.0,4296.2962962962965,26400.0,24320.0,25485.0,26214.0
1,5,100,100,2,3,2,3,3,15g,15g,15g,15g,15g,15g,15g,0:00:10,0:00:15,0:00:00,0:00:15,0:00:20,0:00:05,Noop,1,0,StringWorkload,DoNothing,False,True,0:00:00.200000,0:01:00,0:01:00,0:01:00,0:01:00,0:01:00,0:01:00,0:01:00,100,1000,0:01:00,0:02:00,0:04:00,info,info,0:01:00,0:01:00,0:01:00,0:01:00,info,info,5000,False,0:02:00,0:04:00,False,info,0:02:00,1000,info,info,15.855197116148352,20.081178,0.717485,66.580037,22.4289444,25.851085,27.15177348,22296.197381350736,23739.0,7214.285714285714,33666.666666666664,24628.0,24756.0,24920.0
1,1,1,1,2,3,2,3,3,15g,15g,15g,15g,15g,15g,15g,0:00:10,0:00:15,0:00:00,0:00:15,0:00:20,0:00:05,Noop,1,0,StringWorkload,DoNothing,False,True,0:00:00.200000,0:01:00,0:01:00,0:01:00,0:01:00,0:01:00,0:01:00,0:01:00,100,1000,0:01:00,0:02:00,0:04:00,info,info,0:01:00,0:01:00,0:01:00,0:01:00,info,info,5000,False,0:02:00,0:04:00,False,info,0:02:00,1000,info,info,0.22409554781789642,0.220759,0.168994,10.063378,0.2550821,0.26807105000000003,0.30481259000000016,4226.8938501466155,4293.0,2641.025641025641,4357.0,4332.0,4339.0,4350.0
1,1,2,2,2,3,2,3,3,15g,15g,15g,15g,15g,15g,15g,0:00:10,0:00:15,0:00:00,0:00:15,0:00:20,0:00:05,Noop,1,0,StringWorkload,DoNothing,False,True,0:00:00.200000,0:01:00,0:01:00,0:01:00,0:01:00,0:01:00,0:01:00,0:01:00,100,1000,0:01:00,0:02:00,0:04:00,info,info,0:01:00,0:01:00,0:01:00,0:01:00,info,info,5000,False,0:02:00,0:04:00,False,info,0:02:00,1000,info,info,0.23427884221764042,0.230579,0.165123,8.628049,0.2694134000000001,0.282934,0.3251907,8141.058641125625,8243.0,4478.260869565217,8396.0,8351.0,8363.0,8381.0
1,1,3,3,2,3,2,3,3,15g,15g,15g,15g,15g,15g,15g,0:00:10,0:00:15,0:00:00,0:00:15,0:00:20,0:00:05,Noop,1,0,StringWorkload,DoNothing,False,True,0:00:00.200000,0:01:00,0:01:00,0:01:00,0:01:00,0:01:00,0:01:00,0:01:00,100,1000,0:01:00,0:02:00,0:04:00,info,info,0:01:00,0:01:00,0:01:00,0:01:00,info,info,5000,False,0:02:00,0:04:00,False,info,0:02:00,1000,info,info,0.2541258247599552,0.248451,0.175191,13.006837,0.285803,0.3017875,0.3523503000000001,11209.004013939255,11283.0,5571.428571428571,11949.0,11835.0,11888.0,11925.0
1,1,4,4,2,3,2,3,3,15g,15g,15g,15g,15g,15g,15g,0:00:10,0:00:15,0:00:00,0:00:15,0:00:20,0:00:05,Noop,1,0,StringWorkload,DoNothing,False,True,0:00:00.200000,0:01:00,0:01:00,0:01:00,0:01:00,0:01:00,0:01:00,0:01:00,100,1000,0:01:00,0:02:00,0:04:00,info,info,0:01:00,0:01:00,0:01:00,0:01:00,info,info,5000,False,0:02:00,0:04:00,False,info,0:02:00,1000,info,info,0.2638924363242306,0.259661,0.16222,10.174257,0.31337820000000005,0.33106159999999996,0.38022636,14516.066818328003,14798.0,5611.111111111111,15633.0,15519.0,15553.0,15612.0
1,1,5,5,2,3,2,3,3,15g,15g,15g,15g,15g,15g,15g,0:00:10,0:00:15,0:00:00,0:00:15,0:00:20,0:00:05,Noop,1,0,StringWorkload,DoNothing,False,True,0:00:00.200000,0:01:00,0:01:00,0:01:00,0:01:00,0:01:00,0:01:00,0:01:00,100,1000,0:01:00,0:02:00,0:04:00,info,info,0:01:00,0:01:00,0:01:00,0:01:00,info,info,5000,False,0:02:00,0:04:00,False,info,0:02:00,1000,info,info,0.29934949178941295,0.294786,0.171148,6.160074,0.3599091,0.38169509999999995,0.43994546999999995,16093.682111453272,16693.0,4904.761904761905,17772.0,17614.0,17706.0,17737.0
1,1,10,10,2,3,2,3,3,15g,15g,15g,15g,15g,15g,15g,0:00:10,0:00:15,0:00:00,0:00:15,0:00:20,0:00:05,Noop,1,0,StringWorkload,DoNothing,False,True,0:00:00.200000,0:01:00,0:01:00,0:01:00,0:01:00,0:01:00,0:01:00,0:01:00,100,1000,0:01:00,0:02:00,0:04:00,info,info,0:01:00,0:01:00,0:01:00,0:01:00,info,info,5000,False,0:02:00,0:04:00,False,info,0:02:00,1000,info,info,0.5089191023175792,0.493879,0.192259,11.649749,0.6264416000000002,0.6715291999999999,0.7819578800000009,19144.725745289576,19863.0,6000.0,21344.0,21132.0,21216.0,21264.0
1,1,25,25,2,3,2,3,3,15g,15g,15g,15g,15g,15g,15g,0:00:10,0:00:15,0:00:00,0:00:15,0:00:20,0:00:05,Noop,1,0,StringWorkload,DoNothing,False,True,0:00:00.200000,0:01:00,0:01:00,0:01:00,0:01:00,0:01:00,0:01:00,0:01:00,100,1000,0:01:00,0:02:00,0:04:00,info,info,0:01:00,0:01:00,0:01:00,0:01:00,info,info,5000,False,0:02:00,0:04:00,False,info,0:02:00,1000,info,info,1.1512399021277138,1.12256,0.208621,12.643771,1.4293696,1.5446270000000002,1.8239447099999997,21084.419976966845,21955.0,5666.666666666667,23328.0,22728.0,23059.0,23269.0
1,1,50,50,2,3,2,3,3,15g,15g,15g,15g,15g,15g,15g,0:00:10,0:00:15,0:00:00,0:00:15,0:00:20,0:00:05,Noop,1,0,StringWorkload,DoNothing,False,True,0:00:00.200000,0:01:00,0:01:00,0:01:00,0:01:00,0:01:00,0:01:00,0:01:00,100,1000,0:01:00,0:02:00,0:04:00,info,info,0:01:00,0:01:00,0:01:00,0:01:00,info,info,5000,False,0:02:00,0:04:00,False,info,0:02:00,1000,info,info,2.0586525621666047,1.975327,0.192864,10.502404,2.6527032000000004,2.8671586,3.5030024799999997,23834.310028673313,24810.0,8238.095238095237,27029.0,26664.0,26848.0,26920.0
1,1,75,75,2,3,2,3,3,15g,15g,15g,15g,15g,15g,15g,0:00:10,0:00:15,0:00:00,0:00:15,0:00:20,0:00:05,Noop,1,0,StringWorkload,DoNothing,False,True,0:00:00.200000,0:01:00,0:01:00,0:01:00,0:01:00,0:01:00,0:01:00,0:01:00,100,1000,0:01:00,0:02:00,0:04:00,info,info,0:01:00,0:01:00,0:01:00,0:01:00,info,info,5000,False,0:02:00,0:04:00,False,info,0:02:00,1000,info,info,3.233698697500723,3.1560885,0.283666,18.608856,4.0896828,4.4198593,5.20962312,22672.866645632494,22989.0,9413.793103448275,25622.0,25266.0,25391.0,25563.0
1,1,100,100,2,3,2,3,3,15g,15g,15g,15g,15g,15g,15g,0:00:10,0:00:15,0:00:00,0:00:15,0:00:20,0:00:05,Noop,1,0,StringWorkload,DoNothing,False,True,0:00:00.200000,0:01:00,0:01:00,0:01:00,0:01:00,0:01:00,0:01:00,0:01:00,100,1000,0:01:00,0:02:00,0:04:00,info,info,0:01:00,0:01:00,0:01:00,0:01:00,info,info,5000,False,0:02:00,0:04:00,False,info,0:02:00,1000,info,info,4.202314951417735,4.135677,0.648973,18.836904,5.381574,5.7010425,6.609639200000001,23357.056990262114,22827.0,8857.142857142857,28160.0,27772.0,27913.0,28093.0
1,2,100,100,2,3,2,3,3,15g,15g,15g,15g,15g,15g,15g,0:00:10,0:00:15,0:00:00,0:00:15,0:00:20,0:00:05,Noop,1,0,StringWorkload,DoNothing,False,True,0:00:00.200000,0:01:00,0:01:00,0:01:00,0:01:00,0:01:00,0:01:00,0:01:00,100,1000,0:01:00,0:02:00,0:04:00,info,info,0:01:00,0:01:00,0:01:00,0:01:00,info,info,5000,False,0:02:00,0:04:00,False,info,0:02:00,1000,info,info,8.887128919115929,8.9805935,1.41707,30.746749,10.998968300000001,11.67425335,13.056646519999996,22318.454027605952,22013.0,6558.823529411764,27509.0,27114.0,27241.0,27323.0
1,3,100,100,2,3,2,3,3,15g,15g,15g,15g,15g,15g,15g,0:00:10,0:00:15,0:00:00,0:00:15,0:00:20,0:00:05,Noop,1,0,StringWorkload,DoNothing,False,True,0:00:00.200000,0:01:00,0:01:00,0:01:00,0:01:00,0:01:00,0:01:00,0:01:00,100,1000,0:01:00,0:02:00,0:04:00,info,info,0:01:00,0:01:00,0:01:00,0:01:00,info,info,5000,False,0:02:00,0:04:00,False,info,0:02:00,1000,info,info,13.561487465977068,13.874487,2.265132,30.950001,14.6098684,15.619083299999982,18.53974408,21730.079867413853,21235.0,13736.842105263158,52333.333333333336,24333.0,25297.0,26219.0
1,4,100,100,2,3,2,3,3,15g,15g,15g,15g,15g,15g,15g,0:00:10,0:00:15,0:00:00,0:00:15,0:00:20,0:00:05,Noop,1,0,StringWorkload,DoNothing,False,True,0:00:00.200000,0:01:00,0:01:00,0:01:00,0:01:00,0:01:00,0:01:00,0:01:00,100,1000,0:01:00,0:02:00,0:04:00,info,info,0:01:00,0:01:00,0:01:00,0:01:00,info,info,5000,False,0:02:00,0:04:00,False,info,0:02:00,1000,info,info,17.51867340570625,16.835096,1.478052,67.792374,22.108753000000007,23.6472348,27.031678460000002,22331.285296355316,23175.0,5941.176470588235,24417.0,24029.0,24130.0,24229.0
1,5,100,100,2,3,2,3,3,15g,15g,15g,15g,15g,15g,15g,0:00:10,0:00:15,0:00:00,0:00:15,0:00:20,0:00:05,Noop,1,0,StringWorkload,DoNothing,False,True,0:00:00.200000,0:01:00,0:01:00,0:01:00,0:01:00,0:01:00,0:01:00,0:01:00,100,1000,0:01:00,0:02:00,0:04:00,info,info,0:01:00,0:01:00,0:01:00,0:01:00,info,info,5000,False,0:02:00,0:04:00,False,info,0:02:00,1000,info,info,16.62092315460676,17.849758,2.000381,45.592289,25.587052,28.810081849999985,30.195838730000013,22923.677487794597,23469.0,5611.111111111111,28439.0,27978.0,28196.0,28342.0
1,1,1,1,2,3,2,3,3,15g,15g,15g,15g,15g,15g,15g,0:00:10,0:00:15,0:00:00,0:00:15,0:00:20,0:00:05,Noop,1,0,StringWorkload,DoNothing,False,True,0:00:00.200000,0:01:00,0:01:00,0:01:00,0:01:00,0:01:00,0:01:00,0:01:00,100,1000,0:01:00,0:02:00,0:04:00,info,info,0:01:00,0:01:00,0:01:00,0:01:00,info,info,5000,False,0:02:00,0:04:00,False,info,0:02:00,1000,info,info,0.22365515796724805,0.22182249999999998,0.167894,8.606854,0.2514174,0.2639258,0.29761754,4236.971625522959,4293.0,2729.72972972973,4427.0,4362.0,4405.0,4419.0
1,1,2,2,2,3,2,3,3,15g,15g,15g,15g,15g,15g,15g,0:00:10,0:00:15,0:00:00,0:00:15,0:00:20,0:00:05,Noop,1,0,StringWorkload,DoNothing,False,True,0:00:00.200000,0:01:00,0:01:00,0:01:00,0:01:00,0:01:00,0:01:00,0:01:00,100,1000,0:01:00,0:02:00,0:04:00,info,info,0:01:00,0:01:00,0:01:00,0:01:00,info,info,5000,False,0:02:00,0:04:00,False,info,0:02:00,1000,info,info,0.23446712311778894,0.231081,0.16501,10.053067,0.2701003,0.28261464999999997,0.31958989999999987,8140.62048791186,8226.0,4565.217391304348,8344.0,8308.0,8321.0,8334.0
1,1,3,3,2,3,2,3,3,15g,15g,15g,15g,15g,15g,15g,0:00:10,0:00:15,0:00:00,0:00:15,0:00:20,0:00:05,Noop,1,0,StringWorkload,DoNothing,False,True,0:00:00.200000,0:01:00,0:01:00,0:01:00,0:01:00,0:01:00,0:01:00,0:01:00,100,1000,0:01:00,0:02:00,0:04:00,info,info,0:01:00,0:01:00,0:01:00,0:01:00,info,info,5000,False,0:02:00,0:04:00,False,info,0:02:00,1000,info,info,0.2625599133172595,0.257916,0.169303,9.679435,0.2917518,0.30717845,0.35445137999999937,10827.782294663724,10942.0,5315.789473684211,11433.0,11308.899999999994,11344.0,11400.0
1,1,4,4,2,3,2,3,3,15g,15g,15g,15g,15g,15g,15g,0:00:10,0:00:15,0:00:00,0:00:15,0:00:20,0:00:05,Noop,1,0,StringWorkload,DoNothing,False,True,0:00:00.200000,0:01:00,0:01:00,0:01:00,0:01:00,0:01:00,0:01:00,0:01:00,100,1000,0:01:00,0:02:00,0:04:00,info,info,0:01:00,0:01:00,0:01:00,0:01:00,info,info,5000,False,0:02:00,0:04:00,False,info,0:02:00,1000,info,info,0.25830564678159273,0.253286,0.157784,9.491603,0.304421,0.32275325,0.37661225000000015,14791.560262398592,15141.0,5777.777777777778,15907.0,15770.0,15821.0,15889.0
1,1,5,5,2,3,2,3,3,15g,15g,15g,15g,15g,15g,15g,0:00:10,0:00:15,0:00:00,0:00:15,0:00:20,0:00:05,Noop,1,0,StringWorkload,DoNothing,False,True,0:00:00.200000,0:01:00,0:01:00,0:01:00,0:01:00,0:01:00,0:01:00,0:01:00,100,1000,0:01:00,0:02:00,0:04:00,info,info,0:01:00,0:01:00,0:01:00,0:01:00,info,info,5000,False,0:02:00,0:04:00,False,info,0:02:00,1000,info,info,0.31275198454400943,0.3069825,0.173152,10.235731,0.382987,0.406316,0.46864225,15388.89233267252,15689.5,5777.777777777778,18154.0,17818.0,18058.0,18120.0
1,1,10,10,2,3,2,3,3,15g,15g,15g,15g,15g,15g,15g,0:00:10,0:00:15,0:00:00,0:00:15,0:00:20,0:00:05,Noop,1,0,StringWorkload,DoNothing,False,True,0:00:00.200000,0:01:00,0:01:00,0:01:00,0:01:00,0:01:00,0:01:00,0:01:00,100,1000,0:01:00,0:02:00,0:04:00,info,info,0:01:00,0:01:00,0:01:00,0:01:00,info,info,5000,False,0:02:00,0:04:00,False,info,0:02:00,1000,info,info,0.46953175723426444,0.458043,0.201317,10.206657,0.5981174,0.647506,0.7497709599999999,20828.248331777137,20549.0,6875.0,25812.0,25002.0,25188.0,25784.0
1,1,25,25,2,3,2,3,3,15g,15g,15g,15g,15g,15g,15g,0:00:10,0:00:15,0:00:00,0:00:15,0:00:20,0:00:05,Noop,1,0,StringWorkload,DoNothing,False,True,0:00:00.200000,0:01:00,0:01:00,0:01:00,0:01:00,0:01:00,0:01:00,0:01:00,100,1000,0:01:00,0:02:00,0:04:00,info,info,0:01:00,0:01:00,0:01:00,0:01:00,info,info,5000,False,0:02:00,0:04:00,False,info,0:02:00,1000,info,info,1.1329998300395259,1.104585,0.271675,14.100465,1.4149525,1.528302,1.793985449999999,21466.653192618152,21630.0,6933.333333333334,24005.0,23873.0,23923.0,23975.0
1,1,50,50,2,3,2,3,3,15g,15g,15g,15g,15g,15g,15g,0:00:10,0:00:15,0:00:00,0:00:15,0:00:20,0:00:05,Noop,1,0,StringWorkload,DoNothing,False,True,0:00:00.200000,0:01:00,0:01:00,0:01:00,0:01:00,0:01:00,0:01:00,0:01:00,100,1000,0:01:00,0:02:00,0:04:00,info,info,0:01:00,0:01:00,0:01:00,0:01:00,info,info,5000,False,0:02:00,0:04:00,False,info,0:02:00,1000,info,info,2.0431190491629314,1.782878,0.425948,75.215606,3.051337,3.246000999999999,3.9182681599999998,25404.481191781502,28585.0,7785.714285714285,32741.0,32364.0,32583.0,32703.0
1,1,75,75,2,3,2,3,3,15g,15g,15g,15g,15g,15g,15g,0:00:10,0:00:15,0:00:00,0:00:15,0:00:20,0:00:05,Noop,1,0,StringWorkload,DoNothing,False,True,0:00:00.200000,0:01:00,0:01:00,0:01:00,0:01:00,0:01:00,0:01:00,0:01:00,100,1000,0:01:00,0:02:00,0:04:00,info,info,0:01:00,0:01:00,0:01:00,0:01:00,info,info,5000,False,0:02:00,0:04:00,False,info,0:02:00,1000,info,info,2.866351025429756,2.6801765,0.510255,14.853723,3.8876258999999997,4.414273949999999,5.351889989999998,25599.376428567197,27999.0,8000.0,30156.0,29791.0,29964.0,30095.0
1,1,100,100,2,3,2,3,3,15g,15g,15g,15g,15g,15g,15g,0:00:10,0:00:15,0:00:00,0:00:15,0:00:20,0:00:05,Noop,1,0,StringWorkload,DoNothing,False,True,0:00:00.200000,0:01:00,0:01:00,0:01:00,0:01:00,0:01:00,0:01:00,0:01:00,100,1000,0:01:00,0:02:00,0:04:00,info,info,0:01:00,0:01:00,0:01:00,0:01:00,info,info,5000,False,0:02:00,0:04:00,False,info,0:02:00,1000,info,info,4.300278227483924,4.181911,0.441606,71.734876,5.610861,5.94791965,6.962252940000001,22738.049644575698,23019.0,9083.333333333334,33666.666666666664,27975.0,28185.0,28237.0
1,2,100,100,2,3,2,3,3,15g,15g,15g,15g,15g,15g,15g,0:00:10,0:00:15,0:00:00,0:00:15,0:00:20,0:00:05,Noop,1,0,StringWorkload,DoNothing,False,True,0:00:00.200000,0:01:00,0:01:00,0:01:00,0:01:00,0:01:00,0:01:00,0:01:00,100,1000,0:01:00,0:02:00,0:04:00,info,info,0:01:00,0:01:00,0:01:00,0:01:00,info,info,5000,False,0:02:00,0:04:00,False,info,0:02:00,1000,info,info,9.25157413551632,8.963011999999999,1.384376,50.012915,10.988772800000005,11.9229248,14.410222720000007,21407.98005994539,22007.0,16092.0,47500.0,23260.0,23513.0,23639.0
1,3,100,100,2,3,2,3,3,15g,15g,15g,15g,15g,15g,15g,0:00:10,0:00:15,0:00:00,0:00:15,0:00:20,0:00:05,Noop,1,0,StringWorkload,DoNothing,False,True,0:00:00.200000,0:01:00,0:01:00,0:01:00,0:01:00,0:01:00,0:01:00,0:01:00,100,1000,0:01:00,0:02:00,0:04:00,info,info,0:01:00,0:01:00,0:01:00,0:01:00,info,info,5000,False,0:02:00,0:04:00,False,info,0:02:00,1000,info,info,13.048921856617936,12.535338,2.750416,51.949346,16.187728600000007,18.212726,20.305423080000004,22599.693877725364,23478.0,6375.0,24310.0,24060.0,24192.0,24268.0
1,4,100,100,2,3,2,3,3,15g,15g,15g,15g,15g,15g,15g,0:00:10,0:00:15,0:00:00,0:00:15,0:00:20,0:00:05,Noop,1,0,StringWorkload,DoNothing,False,True,0:00:00.200000,0:01:00,0:01:00,0:01:00,0:01:00,0:01:00,0:01:00,0:01:00,100,1000,0:01:00,0:02:00,0:04:00,info,info,0:01:00,0:01:00,0:01:00,0:01:00,info,info,5000,False,0:02:00,0:04:00,False,info,0:02:00,1000,info,info,11.56922283586086,12.499162,0.46766,41.39884,19.030609,20.204021099999974,24.7141844,26177.23273148374,28870.0,3264.705882352941,31596.0,31212.0,31359.0,31510.0
1,5,100,100,2,3,2,3,3,15g,15g,15g,15g,15g,15g,15g,0:00:10,0:00:15,0:00:00,0:00:15,0:00:20,0:00:05,Noop,1,0,StringWorkload,DoNothing,False,True,0:00:00.200000,0:01:00,0:01:00,0:01:00,0:01:00,0:01:00,0:01:00,0:01:00,100,1000,0:01:00,0:02:00,0:04:00,info,info,0:01:00,0:01:00,0:01:00,0:01:00,info,info,5000,False,0:02:00,0:04:00,False,info,0:02:00,1000,info,info,21.611472329378962,21.4640635,3.340193,75.183498,26.0612254,28.32234325,30.791295909999995,22762.13629401707,23160.0,2861.1111111111113,28500.0,27648.0,28228.0,28424.0
1,1,1,1,2,3,2,3,3,15g,15g,15g,15g,15g,15g,15g,0:00:10,0:00:15,0:00:00,0:00:15,0:00:20,0:00:05,Noop,1,0,StringWorkload,DoNothing,False,True,0:00:00.200000,0:01:00,0:01:00,0:01:00,0:01:00,0:01:00,0:01:00,0:01:00,100,1000,0:01:00,0:02:00,0:04:00,info,info,0:01:00,0:01:00,0:01:00,0:01:00,info,info,5000,False,0:02:00,0:04:00,False,info,0:02:00,1000,info,info,0.22464904625685683,0.221783,0.168229,11.584115,0.254597,0.26885529999999996,0.3128999,4218.0621899995695,4300.0,2684.2105263157896,4384.0,4355.0,4372.0,4378.0
1,1,2,2,2,3,2,3,3,15g,15g,15g,15g,15g,15g,15g,0:00:10,0:00:15,0:00:00,0:00:15,0:00:20,0:00:05,Noop,1,0,StringWorkload,DoNothing,False,True,0:00:00.200000,0:01:00,0:01:00,0:01:00,0:01:00,0:01:00,0:01:00,0:01:00,100,1000,0:01:00,0:02:00,0:04:00,info,info,0:01:00,0:01:00,0:01:00,0:01:00,info,info,5000,False,0:02:00,0:04:00,False,info,0:02:00,1000,info,info,0.23487148078931053,0.2316295,0.165838,54.427168,0.27000690000000005,0.28296,0.32094555000000013,8134.898449042445,8286.0,4904.761904761905,8419.0,8363.0,8397.0,8409.0
1,1,3,3,2,3,2,3,3,15g,15g,15g,15g,15g,15g,15g,0:00:10,0:00:15,0:00:00,0:00:15,0:00:20,0:00:05,Noop,1,0,StringWorkload,DoNothing,False,True,0:00:00.200000,0:01:00,0:01:00,0:01:00,0:01:00,0:01:00,0:01:00,0:01:00,100,1000,0:01:00,0:02:00,0:04:00,info,info,0:01:00,0:01:00,0:01:00,0:01:00,info,info,5000,False,0:02:00,0:04:00,False,info,0:02:00,1000,info,info,0.25490262765857,0.249565,0.170995,40.302946,0.2838819,0.2985996999999999,0.3439814399999994,11223.970821967874,11335.0,5250.0,11778.0,11702.0,11724.0,11748.0
1,1,4,4,2,3,2,3,3,15g,15g,15g,15g,15g,15g,15g,0:00:10,0:00:15,0:00:00,0:00:15,0:00:20,0:00:05,Noop,1,0,StringWorkload,DoNothing,False,True,0:00:00.200000,0:01:00,0:01:00,0:01:00,0:01:00,0:01:00,0:01:00,0:01:00,100,1000,0:01:00,0:02:00,0:04:00,info,info,0:01:00,0:01:00,0:01:00,0:01:00,info,info,5000,False,0:02:00,0:04:00,False,info,0:02:00,1000,info,info,0.2679940217575757,0.2631115,0.164783,9.642919,0.3206761,0.339692,0.39274814000000013,14219.478076872121,14605.0,5722.222222222223,15355.0,15195.0,15261.0,15334.0
1,1,5,5,2,3,2,3,3,15g,15g,15g,15g,15g,15g,15g,0:00:10,0:00:15,0:00:00,0:00:15,0:00:20,0:00:05,Noop,1,0,StringWorkload,DoNothing,False,True,0:00:00.200000,0:01:00,0:01:00,0:01:00,0:01:00,0:01:00,0:01:00,0:01:00,100,1000,0:01:00,0:02:00,0:04:00,info,info,0:01:00,0:01:00,0:01:00,0:01:00,info,info,5000,False,0:02:00,0:04:00,False,info,0:02:00,1000,info,info,0.29763589205148244,0.2937655,0.172032,12.662939,0.3517882,0.3723286499999999,0.43254909999999985,16120.241981400286,16595.0,6375.0,17829.0,17206.0,17570.0,17805.0
1,1,10,10,2,3,2,3,3,15g,15g,15g,15g,15g,15g,15g,0:00:10,0:00:15,0:00:00,0:00:15,0:00:20,0:00:05,Noop,1,0,StringWorkload,DoNothing,False,True,0:00:00.200000,0:01:00,0:01:00,0:01:00,0:01:00,0:01:00,0:01:00,0:01:00,100,1000,0:01:00,0:02:00,0:04:00,info,info,0:01:00,0:01:00,0:01:00,0:01:00,info,info,5000,False,0:02:00,0:04:00,False,info,0:02:00,1000,info,info,0.47365340436634495,0.450542,0.189327,10.353083,0.603892,0.6531321499999999,0.761261120000001,20588.60249136683,21963.0,5888.88888888889,22654.0,22589.0,22614.0,22632.0
1,1,25,25,2,3,2,3,3,15g,15g,15g,15g,15g,15g,15g,0:00:10,0:00:15,0:00:00,0:00:15,0:00:20,0:00:05,Noop,1,0,StringWorkload,DoNothing,False,True,0:00:00.200000,0:01:00,0:01:00,0:01:00,0:01:00,0:01:00,0:01:00,0:01:00,100,1000,0:01:00,0:02:00,0:04:00,info,info,0:01:00,0:01:00,0:01:00,0:01:00,info,info,5000,False,0:02:00,0:04:00,False,info,0:02:00,1000,info,info,1.1337606342175648,1.105866,0.206811,15.011682,1.4164622000000002,1.5315651,1.78500987,21336.767427540515,21920.0,8285.714285714286,24165.0,23544.0,23948.0,24097.0
1,1,50,50,2,3,2,3,3,15g,15g,15g,15g,15g,15g,15g,0:00:10,0:00:15,0:00:00,0:00:15,0:00:20,0:00:05,Noop,1,0,StringWorkload,DoNothing,False,True,0:00:00.200000,0:01:00,0:01:00,0:01:00,0:01:00,0:01:00,0:01:00,0:01:00,100,1000,0:01:00,0:02:00,0:04:00,info,info,0:01:00,0:01:00,0:01:00,0:01:00,info,info,5000,False,0:02:00,0:04:00,False,info,0:02:00,1000,info,info,2.0039855703132314,1.9223485,0.339663,13.803484,2.6280203,2.8409302,3.449302969999998,24390.21848468134,25449.0,8000.0,27118.0,26829.0,26972.0,27013.0
1,1,75,75,2,3,2,3,3,15g,15g,15g,15g,15g,15g,15g,0:00:10,0:00:15,0:00:00,0:00:15,0:00:20,0:00:05,Noop,1,0,StringWorkload,DoNothing,False,True,0:00:00.200000,0:01:00,0:01:00,0:01:00,0:01:00,0:01:00,0:01:00,0:01:00,100,1000,0:01:00,0:02:00,0:04:00,info,info,0:01:00,0:01:00,0:01:00,0:01:00,info,info,5000,False,0:02:00,0:04:00,False,info,0:02:00,1000,info,info,3.127252693428744,3.002572,0.490674,17.918353,3.9382476000000004,4.161042399999998,5.104600700000008,23401.9470482164,24552.0,8357.142857142857,24963.0,24828.0,24868.0,24924.0
1,1,100,100,2,3,2,3,3,15g,15g,15g,15g,15g,15g,15g,0:00:10,0:00:15,0:00:00,0:00:15,0:00:20,0:00:05,Noop,1,0,StringWorkload,DoNothing,False,True,0:00:00.200000,0:01:00,0:01:00,0:01:00,0:01:00,0:01:00,0:01:00,0:01:00,100,1000,0:01:00,0:02:00,0:04:00,info,info,0:01:00,0:01:00,0:01:00,0:01:00,info,info,5000,False,0:02:00,0:04:00,False,info,0:02:00,1000,info,info,4.147289034178053,4.005331,0.690484,17.324108,5.330299500000001,5.66160585,6.858401660000001,23480.270993703787,24054.0,8250.0,26461.0,26292.0,26315.0,26401.0
1,2,100,100,2,3,2,3,3,15g,15g,15g,15g,15g,15g,15g,0:00:10,0:00:15,0:00:00,0:00:15,0:00:20,0:00:05,Noop,1,0,StringWorkload,DoNothing,False,True,0:00:00.200000,0:01:00,0:01:00,0:01:00,0:01:00,0:01:00,0:01:00,0:01:00,100,1000,0:01:00,0:02:00,0:04:00,info,info,0:01:00,0:01:00,0:01:00,0:01:00,info,info,5000,False,0:02:00,0:04:00,False,info,0:02:00,1000,info,info,8.49468116938551,8.218422499999999,1.342821,41.836776,10.2464869,10.7447905,12.85057159,23070.16329427971,23887.0,13500.0,24537.0,24329.0,24387.0,24463.0
1,3,100,100,2,3,2,3,3,15g,15g,15g,15g,15g,15g,15g,0:00:10,0:00:15,0:00:00,0:00:15,0:00:20,0:00:05,Noop,1,0,StringWorkload,DoNothing,False,True,0:00:00.200000,0:01:00,0:01:00,0:01:00,0:01:00,0:01:00,0:01:00,0:01:00,100,1000,0:01:00,0:02:00,0:04:00,info,info,0:01:00,0:01:00,0:01:00,0:01:00,info,info,5000,False,0:02:00,0:04:00,False,info,0:02:00,1000,info,info,12.206218063689375,11.193113,2.113087,60.298278,14.430826799999998,15.619895299999998,17.82215886,24034.090766575497,24290.0,4833.333333333333,27900.0,27684.0,27751.0,27825.0
1,4,100,100,2,3,2,3,3,15g,15g,15g,15g,15g,15g,15g,0:00:10,0:00:15,0:00:00,0:00:15,0:00:20,0:00:05,Noop,1,0,StringWorkload,DoNothing,False,True,0:00:00.200000,0:01:00,0:01:00,0:01:00,0:01:00,0:01:00,0:01:00,0:01:00,100,1000,0:01:00,0:02:00,0:04:00,info,info,0:01:00,0:01:00,0:01:00,0:01:00,info,info,5000,False,0:02:00,0:04:00,False,info,0:02:00,1000,info,info,15.458065472723337,13.468472,1.675459,39.411099,22.985051,23.4412619,24.311463579999998,25876.031950127628,28777.0,4642.857142857143,31603.0,30940.0,31045.0,31434.0
1,5,100,100,2,3,2,3,3,15g,15g,15g,15g,15g,15g,15g,0:00:10,0:00:15,0:00:00,0:00:15,0:00:20,0:00:05,Noop,1,0,StringWorkload,DoNothing,False,True,0:00:00.200000,0:01:00,0:01:00,0:01:00,0:01:00,0:01:00,0:01:00,0:01:00,100,1000,0:01:00,0:02:00,0:04:00,info,info,0:01:00,0:01:00,0:01:00,0:01:00,info,info,5000,False,0:02:00,0:04:00,False,info,0:02:00,1000,info,info,19.673276987006076,17.8093595,2.559478,43.189394,24.6138522,29.331903649999994,31.11272209,25219.458372935587,26955.0,4857.142857142857,29036.0,28698.0,28852.0,28968.0
1,1,1,1,2,3,2,3,3,15g,15g,15g,15g,15g,15g,15g,0:00:10,0:00:15,0:00:00,0:00:15,0:00:20,0:00:05,Noop,1,0,StringWorkload,DoNothing,False,True,0:00:00.200000,0:01:00,0:01:00,0:01:00,0:01:00,0:01:00,0:01:00,0:01:00,100,1000,0:01:00,0:02:00,0:04:00,info,info,0:01:00,0:01:00,0:01:00,0:01:00,info,info,5000,False,0:02:00,0:04:00,False,info,0:02:00,1000,info,info,0.22471358217799994,0.22134150000000002,0.171929,9.928797,0.254497,0.26808044999999997,0.3067752600000004,4216.6579988374015,4298.0,2600.0,4376.0,4342.0,4350.0,4370.0
1,1,2,2,2,3,2,3,3,15g,15g,15g,15g,15g,15g,15g,0:00:10,0:00:15,0:00:00,0:00:15,0:00:20,0:00:05,Noop,1,0,StringWorkload,DoNothing,False,True,0:00:00.200000,0:01:00,0:01:00,0:01:00,0:01:00,0:01:00,0:01:00,0:01:00,100,1000,0:01:00,0:02:00,0:04:00,info,info,0:01:00,0:01:00,0:01:00,0:01:00,info,info,5000,False,0:02:00,0:04:00,False,info,0:02:00,1000,info,info,0.23581211865895915,0.232079,0.165432,9.689539,0.2717435,0.28553275,0.32928629999999987,8078.678378823251,8201.0,4478.260869565217,8382.0,8337.0,8346.0,8368.0
1,1,3,3,2,3,2,3,3,15g,15g,15g,15g,15g,15g,15g,0:00:10,0:00:15,0:00:00,0:00:15,0:00:20,0:00:05,Noop,1,0,StringWorkload,DoNothing,False,True,0:00:00.200000,0:01:00,0:01:00,0:01:00,0:01:00,0:01:00,0:01:00,0:01:00,100,1000,0:01:00,0:02:00,0:04:00,info,info,0:01:00,0:01:00,0:01:00,0:01:00,info,info,5000,False,0:02:00,0:04:00,False,info,0:02:00,1000,info,info,0.2644308613720362,0.25972649999999997,0.17826,12.838064,0.2932398,0.30826489999999995,0.35487614,10792.038644056047,10961.0,5050.0,11406.0,11266.0,11300.0,11386.0
1,1,4,4,2,3,2,3,3,15g,15g,15g,15g,15g,15g,15g,0:00:10,0:00:15,0:00:00,0:00:15,0:00:20,0:00:05,Noop,1,0,StringWorkload,DoNothing,False,True,0:00:00.200000,0:01:00,0:01:00,0:01:00,0:01:00,0:01:00,0:01:00,0:01:00,100,1000,0:01:00,0:02:00,0:04:00,info,info,0:01:00,0:01:00,0:01:00,0:01:00,info,info,5000,False,0:02:00,0:04:00,False,info,0:02:00,1000,info,info,0.2649280615095206,0.260829,0.169005,6.509503,0.3112571,0.32905219999999996,0.38006091000000036,14443.807559097282,14785.0,5526.315789473684,15535.0,15439.0,15475.0,15505.0
1,1,5,5,2,3,2,3,3,15g,15g,15g,15g,15g,15g,15g,0:00:10,0:00:15,0:00:00,0:00:15,0:00:20,0:00:05,Noop,1,0,StringWorkload,DoNothing,False,True,0:00:00.200000,0:01:00,0:01:00,0:01:00,0:01:00,0:01:00,0:01:00,0:01:00,100,1000,0:01:00,0:02:00,0:04:00,info,info,0:01:00,0:01:00,0:01:00,0:01:00,info,info,5000,False,0:02:00,0:04:00,False,info,0:02:00,1000,info,info,0.2978199644479964,0.292929,0.167469,9.95045,0.3542268,0.37570799999999993,0.4402643399999997,16093.035039171113,16636.0,5666.666666666667,17301.0,17165.0,17235.0,17271.0
1,1,10,10,2,3,2,3,3,15g,15g,15g,15g,15g,15g,15g,0:00:10,0:00:15,0:00:00,0:00:15,0:00:20,0:00:05,Noop,1,0,StringWorkload,DoNothing,False,True,0:00:00.200000,0:01:00,0:01:00,0:01:00,0:01:00,0:01:00,0:01:00,0:01:00,100,1000,0:01:00,0:02:00,0:04:00,info,info,0:01:00,0:01:00,0:01:00,0:01:00,info,info,5000,False,0:02:00,0:04:00,False,info,0:02:00,1000,info,info,0.4826375748636629,0.463137,0.181064,8.51583,0.6057542,0.6576111999999998,0.7712574799999993,20195.434112184907,21348.0,5894.736842105263,22901.0,22087.0,22645.0,22876.0
1,1,25,25,2,3,2,3,3,15g,15g,15g,15g,15g,15g,15g,0:00:10,0:00:15,0:00:00,0:00:15,0:00:20,0:00:05,Noop,1,0,StringWorkload,DoNothing,False,True,0:00:00.200000,0:01:00,0:01:00,0:01:00,0:01:00,0:01:00,0:01:00,0:01:00,100,1000,0:01:00,0:02:00,0:04:00,info,info,0:01:00,0:01:00,0:01:00,0:01:00,info,info,5000,False,0:02:00,0:04:00,False,info,0:02:00,1000,info,info,1.1207220630680959,1.080081,0.274317,31.567011,1.4277146,1.5627716999999994,1.8426947000000007,21719.766747910104,22795.0,7285.714285714285,24092.0,23940.0,24025.0,24065.0
1,1,50,50,2,3,2,3,3,15g,15g,15g,15g,15g,15g,15g,0:00:10,0:00:15,0:00:00,0:00:15,0:00:20,0:00:05,Noop,1,0,StringWorkload,DoNothing,False,True,0:00:00.200000,0:01:00,0:01:00,0:01:00,0:01:00,0:01:00,0:01:00,0:01:00,100,1000,0:01:00,0:02:00,0:04:00,info,info,0:01:00,0:01:00,0:01:00,0:01:00,info,info,5000,False,0:02:00,0:04:00,False,info,0:02:00,1000,info,info,2.0225897462312328,1.95469,0.351743,68.513625,2.525988,2.7553799999999997,3.261731,24031.170918182543,25176.0,7941.176470588235,26802.0,26708.0,26740.0,26766.0
1,1,75,75,2,3,2,3,3,15g,15g,15g,15g,15g,15g,15g,0:00:10,0:00:15,0:00:00,0:00:15,0:00:20,0:00:05,Noop,1,0,StringWorkload,DoNothing,False,True,0:00:00.200000,0:01:00,0:01:00,0:01:00,0:01:00,0:01:00,0:01:00,0:01:00,100,1000,0:01:00,0:02:00,0:04:00,info,info,0:01:00,0:01:00,0:01:00,0:01:00,info,info,5000,False,0:02:00,0:04:00,False,info,0:02:00,1000,info,info,3.4874711754828875,3.394976,0.20621,14.888623,4.424746,4.726895,5.576985200000002,20939.115662498516,21139.0,8428.571428571428,25802.0,22344.0,25348.0,25740.0
1,1,100,100,2,3,2,3,3,15g,15g,15g,15g,15g,15g,15g,0:00:10,0:00:15,0:00:00,0:00:15,0:00:20,0:00:05,Noop,1,0,StringWorkload,DoNothing,False,True,0:00:00.200000,0:01:00,0:01:00,0:01:00,0:01:00,0:01:00,0:01:00,0:01:00,100,1000,0:01:00,0:02:00,0:04:00,info,info,0:01:00,0:01:00,0:01:00,0:01:00,info,info,5000,False,0:02:00,0:04:00,False,info,0:02:00,1000,info,info,4.459896357670537,4.440242,0.971405,19.100908,5.603010800000001,6.0127732,6.908794159999998,21985.52092143085,21518.0,8185.185185185185,28558.0,26563.0,27513.0,28270.0
1,2,100,100,2,3,2,3,3,15g,15g,15g,15g,15g,15g,15g,0:00:10,0:00:15,0:00:00,0:00:15,0:00:20,0:00:05,Noop,1,0,StringWorkload,DoNothing,False,True,0:00:00.200000,0:01:00,0:01:00,0:01:00,0:01:00,0:01:00,0:01:00,0:01:00,100,1000,0:01:00,0:02:00,0:04:00,info,info,0:01:00,0:01:00,0:01:00,0:01:00,info,info,5000,False,0:02:00,0:04:00,False,info,0:02:00,1000,info,info,8.043217402222837,7.477836,1.436762,55.364826,9.561191,10.551821799999999,14.771330239999996,24668.47824904395,25350.0,6700.0,27910.0,27680.0,27807.0,27865.0
1,3,100,100,2,3,2,3,3,15g,15g,15g,15g,15g,15g,15g,0:00:10,0:00:15,0:00:00,0:00:15,0:00:20,0:00:05,Noop,1,0,StringWorkload,DoNothing,False,True,0:00:00.200000,0:01:00,0:01:00,0:01:00,0:01:00,0:01:00,0:01:00,0:01:00,100,1000,0:01:00,0:02:00,0:04:00,info,info,0:01:00,0:01:00,0:01:00,0:01:00,info,info,5000,False,0:02:00,0:04:00,False,info,0:02:00,1000,info,info,11.959344238767606,11.292326500000001,1.985574,60.57445,14.308478600000003,14.744777500000001,17.293380579999994,24751.029261339263,25801.0,11206.896551724138,27089.0,26796.0,26870.0,26963.0
1,4,100,100,2,3,2,3,3,15g,15g,15g,15g,15g,15g,15g,0:00:10,0:00:15,0:00:00,0:00:15,0:00:20,0:00:05,Noop,1,0,StringWorkload,DoNothing,False,True,0:00:00.200000,0:01:00,0:01:00,0:01:00,0:01:00,0:01:00,0:01:00,0:01:00,100,1000,0:01:00,0:02:00,0:04:00,info,info,0:01:00,0:01:00,0:01:00,0:01:00,info,info,5000,False,0:02:00,0:04:00,False,info,0:02:00,1000,info,info,17.75193707117786,17.398944,2.603794,69.160511,21.9124207,22.60485035,23.735791409999994,22101.260542630174,22624.0,3218.75,25895.0,24869.0,25263.0,25661.52999999997
1,5,100,100,2,3,2,3,3,15g,15g,15g,15g,15g,15g,15g,0:00:10,0:00:15,0:00:00,0:00:15,0:00:20,0:00:05,Noop,1,0,StringWorkload,DoNothing,False,True,0:00:00.200000,0:01:00,0:01:00,0:01:00,0:01:00,0:01:00,0:01:00,0:01:00,100,1000,0:01:00,0:02:00,0:04:00,info,info,0:01:00,0:01:00,0:01:00,0:01:00,info,info,5000,False,0:02:00,0:04:00,False,info,0:02:00,1000,info,info,22.198210476558245,21.813517,2.380982,66.181768,26.4964576,27.8267202,30.360527920000003,21997.44808260521,22605.0,7172.4137931034475,50000.0,23727.0,24080.0,24286.0
