f,num_client_procs,num_warmup_clients_per_proc,num_clients_per_proc,num_servers,client_jvm_heap_size,server_jvm_heap_size,measurement_group_size,warmup_duration,warmup_timeout,warmup_sleep,duration,timeout,client_lag,state_machine,workload.num_keys,workload.size_mean,workload.size_std,workload.name,profiled,monitored,prometheus_scrape_interval,server_options.ack_noops_with_commands,server_options.log_grow_size,server_options.resend_phase1as_period,server_options.resend_phase2a_anys_period,server_options.use_f1_optimization,server_options.recover_log_entry_min_period,server_options.recover_log_entry_max_period,server_options.leader_change_entry_min_period,server_options.leader_change_entry_max_period,server_options.unsafe_dont_recover,server_options.heartbeat_options.fail_period,server_options.heartbeat_options.success_period,server_options.heartbeat_options.num_retries,server_options.heartbeat_options.network_delay_alpha,server_log_level,client_options.resend_client_request_period,client_log_level,output.latency.mean_ms,output.latency.median_ms,output.latency.min_ms,output.latency.max_ms,output.latency.p90_ms,output.latency.p95_ms,output.latency.p99_ms,output.start_throughput_1s.mean,output.start_throughput_1s.median,output.start_throughput_1s.min,output.start_throughput_1s.max,output.start_throughput_1s.p90,output.start_throughput_1s.p95,output.start_throughput_1s.p99
1,1,1,1,3,8g,12g,100,0:00:10,0:00:15,0:00:05,0:00:15,0:00:20,0:00:05,KeyValueStore,100,16,0,UniformSingleKeyWorkload,False,True,0:00:00.200000,False,1000,0:00:01,0:00:01,False,0:00:05,0:00:10,0:00:05,0:00:10,False,0:00:01,0:00:02,3,0.9,info,0:00:01,info,0.2207668345752608,0.219579,0.204979,0.291923,0.229964,0.23344399999999998,0.2532308,4525.062003179651,4500.0,4200.0,4700.0,4600.0,4600.0,4700.0
1,1,10,10,3,8g,12g,100,0:00:10,0:00:15,0:00:05,0:00:15,0:00:20,0:00:05,KeyValueStore,100,16,0,UniformSingleKeyWorkload,False,True,0:00:00.200000,False,1000,0:00:01,0:00:01,False,0:00:05,0:00:10,0:00:05,0:00:10,False,0:00:01,0:00:02,3,0.9,info,0:00:01,info,0.46699608458646613,0.43829850000000004,0.364272,13.426257,0.5297431,0.55320445,0.6402247200000006,21626.150331125828,22600.0,15800.0,23900.0,23800.0,23800.0,23900.0
1,1,25,25,3,8g,12g,100,0:00:10,0:00:15,0:00:05,0:00:15,0:00:20,0:00:05,KeyValueStore,100,16,0,UniformSingleKeyWorkload,False,True,0:00:00.200000,False,1000,0:00:01,0:00:01,False,0:00:05,0:00:10,0:00:05,0:00:10,False,0:00:01,0:00:02,3,0.9,info,0:00:01,info,0.9192393533185295,0.871748,0.662185,30.846836,1.0529716,1.1120889999999999,1.36916988,27475.63802889577,27600.0,17700.0,32100.0,30700.0,30800.0,31700.0
1,1,50,50,3,8g,12g,100,0:00:10,0:00:15,0:00:05,0:00:15,0:00:20,0:00:05,KeyValueStore,100,16,0,UniformSingleKeyWorkload,False,True,0:00:00.200000,False,1000,0:00:01,0:00:01,False,0:00:05,0:00:10,0:00:05,0:00:10,False,0:00:01,0:00:02,3,0.9,info,0:00:01,info,1.6742970470852017,1.6068855000000002,1.169177,83.443713,1.8470798999999998,1.9999537000000003,2.42077334,30258.336737117075,30100.0,24300.0,37600.0,33000.0,36600.0,37600.0
1,1,75,75,3,8g,12g,100,0:00:10,0:00:15,0:00:05,0:00:15,0:00:20,0:00:05,KeyValueStore,100,16,0,UniformSingleKeyWorkload,False,True,0:00:00.200000,False,1000,0:00:01,0:00:01,False,0:00:05,0:00:10,0:00:05,0:00:10,False,0:00:01,0:00:02,3,0.9,info,0:00:01,info,2.497268559643256,2.372569,1.419638,105.604436,2.8388568,3.0609980000000006,3.7507959199999967,30748.879175550817,31300.0,19300.0,40500.0,35300.0,38200.0,40200.0
1,1,100,100,3,8g,12g,100,0:00:10,0:00:15,0:00:05,0:00:15,0:00:20,0:00:05,KeyValueStore,100,16,0,UniformSingleKeyWorkload,False,True,0:00:00.200000,False,1000,0:00:01,0:00:01,False,0:00:05,0:00:10,0:00:05,0:00:10,False,0:00:01,0:00:02,3,0.9,info,0:00:01,info,3.008406307676809,2.836296,2.079018,99.969161,3.3177104,3.5736855999999992,4.2177292,33332.51071581655,33700.0,27900.0,39500.0,36300.0,38800.0,39400.0
1,2,100,100,3,8g,12g,100,0:00:10,0:00:15,0:00:05,0:00:15,0:00:20,0:00:05,KeyValueStore,100,16,0,UniformSingleKeyWorkload,False,True,0:00:00.200000,False,1000,0:00:01,0:00:01,False,0:00:05,0:00:10,0:00:05,0:00:10,False,0:00:01,0:00:02,3,0.9,info,0:00:01,info,6.084426881252542,5.878019,1.066882,151.786544,7.1268383,7.747631949999999,9.302111829999998,31683.345665499124,32600.0,20900.0,35600.0,34800.0,35000.0,35300.0
1,3,100,100,3,8g,12g,100,0:00:10,0:00:15,0:00:05,0:00:15,0:00:20,0:00:05,KeyValueStore,100,16,0,UniformSingleKeyWorkload,False,True,0:00:00.200000,False,1000,0:00:01,0:00:01,False,0:00:05,0:00:10,0:00:05,0:00:10,False,0:00:01,0:00:02,3,0.9,info,0:00:01,info,8.202702276844411,7.9594035000000005,2.23413,166.96955,9.988098,10.6471575,12.61788825,35161.06077348066,34600.0,22100.0,42400.0,41400.0,41700.0,42100.0
1,4,100,100,3,8g,12g,100,0:00:10,0:00:15,0:00:05,0:00:15,0:00:20,0:00:05,KeyValueStore,100,16,0,UniformSingleKeyWorkload,False,True,0:00:00.200000,False,1000,0:00:01,0:00:01,False,0:00:05,0:00:10,0:00:05,0:00:10,False,0:00:01,0:00:02,3,0.9,info,0:00:01,info,11.54750145093503,11.397855,1.867804,169.979025,14.3389794,15.580636999999998,19.465645960000014,33177.4616807068,32700.0,20900.0,42300.0,41700.0,41900.0,42100.0
1,5,100,100,3,8g,12g,100,0:00:10,0:00:15,0:00:05,0:00:15,0:00:20,0:00:05,KeyValueStore,100,16,0,UniformSingleKeyWorkload,False,True,0:00:00.200000,False,1000,0:00:01,0:00:01,False,0:00:05,0:00:10,0:00:05,0:00:10,False,0:00:01,0:00:02,3,0.9,info,0:00:01,info,12.891927382602786,12.0211805,1.689373,221.467379,15.106005,16.503449250000003,29.23476299999985,37545.15562011985,37800.0,24673.0,43300.0,42400.0,42700.0,43000.0
1,1,1,1,3,8g,12g,100,0:00:10,0:00:15,0:00:05,0:00:15,0:00:20,0:00:05,KeyValueStore,100,16,0,UniformSingleKeyWorkload,False,True,0:00:00.200000,False,1000,0:00:01,0:00:01,True,0:00:05,0:00:10,0:00:05,0:00:10,False,0:00:01,0:00:02,3,0.9,info,0:00:01,info,0.22103383779761904,0.2192955,0.204942,0.324688,0.2276497,0.23614464999999996,0.2582796299999999,4545.419303797468,4600.0,4000.0,4700.0,4600.0,4600.0,4700.0
1,1,10,10,3,8g,12g,100,0:00:10,0:00:15,0:00:05,0:00:15,0:00:20,0:00:05,KeyValueStore,100,16,0,UniformSingleKeyWorkload,False,True,0:00:00.200000,False,1000,0:00:01,0:00:01,True,0:00:05,0:00:10,0:00:05,0:00:10,False,0:00:01,0:00:02,3,0.9,info,0:00:01,info,0.4761737321200511,0.4470915,0.377366,13.405759,0.5429198000000001,0.57050245,0.6586905300000001,21193.14194200944,22100.0,15500.0,23500.0,23300.0,23400.0,23500.0
1,1,25,25,3,8g,12g,100,0:00:10,0:00:15,0:00:05,0:00:15,0:00:20,0:00:05,KeyValueStore,100,16,0,UniformSingleKeyWorkload,False,True,0:00:00.200000,False,1000,0:00:01,0:00:01,True,0:00:05,0:00:10,0:00:05,0:00:10,False,0:00:01,0:00:02,3,0.9,info,0:00:01,info,0.9068927569034694,0.825647,0.674142,112.545251,1.0207046,1.0991473999999999,1.3262935600000012,28844.462031558185,29000.0,18100.0,32400.0,32300.0,32300.0,32400.0
1,1,50,50,3,8g,12g,100,0:00:10,0:00:15,0:00:05,0:00:15,0:00:20,0:00:05,KeyValueStore,100,16,0,UniformSingleKeyWorkload,False,True,0:00:00.200000,False,1000,0:00:01,0:00:01,True,0:00:05,0:00:10,0:00:05,0:00:10,False,0:00:01,0:00:02,3,0.9,info,0:00:01,info,1.7510976561255565,1.622751,1.20497,81.053392,2.051117,2.1569114000000003,2.508669359999999,29256.438732218616,29100.0,18900.0,32400.0,32000.0,32100.0,32300.0
1,1,75,75,3,8g,12g,100,0:00:10,0:00:15,0:00:05,0:00:15,0:00:20,0:00:05,KeyValueStore,100,16,0,UniformSingleKeyWorkload,False,True,0:00:00.200000,False,1000,0:00:01,0:00:01,True,0:00:05,0:00:10,0:00:05,0:00:10,False,0:00:01,0:00:02,3,0.9,info,0:00:01,info,2.5920577158381506,2.397721,1.714423,127.612604,2.9770954,3.2470494,3.9956720400000116,29110.43193069307,29500.0,22300.0,31800.0,31300.0,31400.0,31600.0
1,1,100,100,3,8g,12g,100,0:00:10,0:00:15,0:00:05,0:00:15,0:00:20,0:00:05,KeyValueStore,100,16,0,UniformSingleKeyWorkload,False,True,0:00:00.200000,False,1000,0:00:01,0:00:01,True,0:00:05,0:00:10,0:00:05,0:00:10,False,0:00:01,0:00:02,3,0.9,info,0:00:01,info,3.4034690661250284,3.080947,2.110657,167.879363,4.000981,4.4069595,5.2775095999999975,30452.949237368925,31000.0,21700.0,34200.0,32700.0,33300.0,34000.0
1,2,100,100,3,8g,12g,100,0:00:10,0:00:15,0:00:05,0:00:15,0:00:20,0:00:05,KeyValueStore,100,16,0,UniformSingleKeyWorkload,False,True,0:00:00.200000,False,1000,0:00:01,0:00:01,True,0:00:05,0:00:10,0:00:05,0:00:10,False,0:00:01,0:00:02,3,0.9,info,0:00:01,info,7.363076666257368,6.9821954999999996,3.850457,137.365586,8.8091606,9.363529199999999,10.837446699999997,27340.31534614372,28000.0,20300.0,30400.0,29600.0,29800.0,30200.0
1,3,100,100,3,8g,12g,100,0:00:10,0:00:15,0:00:05,0:00:15,0:00:20,0:00:05,KeyValueStore,100,16,0,UniformSingleKeyWorkload,False,True,0:00:00.200000,False,1000,0:00:01,0:00:01,True,0:00:05,0:00:10,0:00:05,0:00:10,False,0:00:01,0:00:02,3,0.9,info,0:00:01,info,10.825816467516843,10.3644415,3.008988,180.251589,12.964765499999999,13.900319499999998,16.653048149999996,27931.262641898866,28400.0,18500.0,32700.0,30700.0,31400.0,32400.0
1,4,100,100,3,8g,12g,100,0:00:10,0:00:15,0:00:05,0:00:15,0:00:20,0:00:05,KeyValueStore,100,16,0,UniformSingleKeyWorkload,False,True,0:00:00.200000,False,1000,0:00:01,0:00:01,True,0:00:05,0:00:10,0:00:05,0:00:10,False,0:00:01,0:00:02,3,0.9,info,0:00:01,info,15.181652484442196,14.643036,2.099332,174.601323,18.044470200000003,19.136514199999997,23.348278800000003,26053.511691136486,26800.0,18900.0,29000.0,28300.0,28600.0,28900.0
1,5,100,100,3,8g,12g,100,0:00:10,0:00:15,0:00:05,0:00:15,0:00:20,0:00:05,KeyValueStore,100,16,0,UniformSingleKeyWorkload,False,True,0:00:00.200000,False,1000,0:00:01,0:00:01,True,0:00:05,0:00:10,0:00:05,0:00:10,False,0:00:01,0:00:02,3,0.9,info,0:00:01,info,18.32556737948718,17.671201,4.228527,185.355281,22.216135,23.708537299999996,28.98718001999999,27772.16393868537,28100.0,18700.0,32600.0,31000.0,31300.0,32200.0
1,1,1,1,3,8g,12g,100,0:00:10,0:00:15,0:00:05,0:00:15,0:00:20,0:00:05,KeyValueStore,100,16,0,UniformSingleKeyWorkload,False,True,0:00:00.200000,True,1000,0:00:01,0:00:01,False,0:00:05,0:00:10,0:00:05,0:00:10,False,0:00:01,0:00:02,3,0.9,info,0:00:01,info,0.21404843722943723,0.213016,0.191657,0.296556,0.2222268,0.22840660000000002,0.25268184,4683.838957055214,4700.0,4100.0,4800.0,4800.0,4800.0,4800.0
1,1,10,10,3,8g,12g,100,0:00:10,0:00:15,0:00:05,0:00:15,0:00:20,0:00:05,KeyValueStore,100,16,0,UniformSingleKeyWorkload,False,True,0:00:00.200000,True,1000,0:00:01,0:00:01,False,0:00:05,0:00:10,0:00:05,0:00:10,False,0:00:01,0:00:02,3,0.9,info,0:00:01,info,0.5701358859214041,0.540321,0.375783,11.78759,0.667702,0.693123,0.8028492,17741.040709391375,18100.0,12800.0,21600.0,19300.0,20700.0,21500.0
1,1,25,25,3,8g,12g,100,0:00:10,0:00:15,0:00:05,0:00:15,0:00:20,0:00:05,KeyValueStore,100,16,0,UniformSingleKeyWorkload,False,True,0:00:00.200000,True,1000,0:00:01,0:00:01,False,0:00:05,0:00:10,0:00:05,0:00:10,False,0:00:01,0:00:02,3,0.9,info,0:00:01,info,1.0907729833722286,1.0112320000000001,0.728234,36.063692,1.2315486000000002,1.2865897999999998,1.5088902100000001,23498.71805087343,24600.0,16300.0,25700.0,25600.0,25700.0,25700.0
1,1,50,50,3,8g,12g,100,0:00:10,0:00:15,0:00:05,0:00:15,0:00:20,0:00:05,KeyValueStore,100,16,0,UniformSingleKeyWorkload,False,True,0:00:00.200000,True,1000,0:00:01,0:00:01,False,0:00:05,0:00:10,0:00:05,0:00:10,False,0:00:01,0:00:02,3,0.9,info,0:00:01,info,2.139054287796513,1.964511,1.441103,59.572048,2.5275264,2.6549459,3.26218702,24008.559843231837,25200.0,15500.0,28800.0,27600.0,28100.0,28700.0
1,1,75,75,3,8g,12g,100,0:00:10,0:00:15,0:00:05,0:00:15,0:00:20,0:00:05,KeyValueStore,100,16,0,UniformSingleKeyWorkload,False,True,0:00:00.200000,True,1000,0:00:01,0:00:01,False,0:00:05,0:00:10,0:00:05,0:00:10,False,0:00:01,0:00:02,3,0.9,info,0:00:01,info,3.581051363288718,3.4390125,2.248656,75.753944,3.9181366000000004,4.313761399999999,5.3619285600000035,21219.37709310114,21600.0,15200.0,22900.0,22100.0,22300.0,22800.0
1,1,100,100,3,8g,12g,100,0:00:10,0:00:15,0:00:05,0:00:15,0:00:20,0:00:05,KeyValueStore,100,16,0,UniformSingleKeyWorkload,False,True,0:00:00.200000,True,1000,0:00:01,0:00:01,False,0:00:05,0:00:10,0:00:05,0:00:10,False,0:00:01,0:00:02,3,0.9,info,0:00:01,info,4.2722851194753355,4.036849,2.650769,115.551923,4.6292046000000004,5.103441599999999,6.423297800000002,23703.923890063426,24300.0,18400.0,26100.0,25600.0,25750.0,25900.0
1,2,100,100,3,8g,12g,100,0:00:10,0:00:15,0:00:05,0:00:15,0:00:20,0:00:05,KeyValueStore,100,16,0,UniformSingleKeyWorkload,False,True,0:00:00.200000,True,1000,0:00:01,0:00:01,False,0:00:05,0:00:10,0:00:05,0:00:10,False,0:00:01,0:00:02,3,0.9,info,0:00:01,info,8.93372872088174,8.564426,4.146485,121.735644,10.6649238,11.2293642,13.405196520000004,23030.593560726807,22500.0,15900.0,29200.0,27840.000000000007,28700.0,29000.0
1,3,100,100,3,8g,12g,100,0:00:10,0:00:15,0:00:05,0:00:15,0:00:20,0:00:05,KeyValueStore,100,16,0,UniformSingleKeyWorkload,False,True,0:00:00.200000,True,1000,0:00:01,0:00:01,False,0:00:05,0:00:10,0:00:05,0:00:10,False,0:00:01,0:00:02,3,0.9,info,0:00:01,info,13.679452166261397,13.102599,3.967028,149.377479,15.769693099999998,16.907296949999992,21.07983795,22308.74862147259,22100.0,16702.0,24500.0,24200.0,24300.0,24400.0
1,4,100,100,3,8g,12g,100,0:00:10,0:00:15,0:00:05,0:00:15,0:00:20,0:00:05,KeyValueStore,100,16,0,UniformSingleKeyWorkload,False,True,0:00:00.200000,True,1000,0:00:01,0:00:01,False,0:00:05,0:00:10,0:00:05,0:00:10,False,0:00:01,0:00:02,3,0.9,info,0:00:01,info,16.447127215616437,15.9423015,3.218065,152.613692,19.180240400000002,20.28816665,25.379502589999937,24186.95050088391,24800.0,17200.0,27400.0,26200.0,26600.0,27100.0
1,5,100,100,3,8g,12g,100,0:00:10,0:00:15,0:00:05,0:00:15,0:00:20,0:00:05,KeyValueStore,100,16,0,UniformSingleKeyWorkload,False,True,0:00:00.200000,True,1000,0:00:01,0:00:01,False,0:00:05,0:00:10,0:00:05,0:00:10,False,0:00:01,0:00:02,3,0.9,info,0:00:01,info,19.543178925260417,18.7842925,2.660839,159.740938,23.3783461,24.791891249999995,30.41989748000001,25602.649293041308,25300.0,19000.0,29200.0,28600.0,28800.0,29000.0
1,1,1,1,3,8g,12g,100,0:00:10,0:00:15,0:00:05,0:00:15,0:00:20,0:00:05,KeyValueStore,100,16,0,UniformSingleKeyWorkload,False,True,0:00:00.200000,False,1000,0:00:01,0:00:01,False,0:00:05,0:00:10,0:00:05,0:00:10,False,0:00:01,0:00:02,3,0.9,info,0:00:01,info,0.21507660579710147,0.21422000000000002,0.19648,0.277042,0.2229403,0.2281614,0.24412874000000004,4661.302936630603,4700.0,4300.0,4800.0,4700.0,4700.0,4700.0
1,1,10,10,3,8g,12g,100,0:00:10,0:00:15,0:00:05,0:00:15,0:00:20,0:00:05,KeyValueStore,100,16,0,UniformSingleKeyWorkload,False,True,0:00:00.200000,False,1000,0:00:01,0:00:01,False,0:00:05,0:00:10,0:00:05,0:00:10,False,0:00:01,0:00:02,3,0.9,info,0:00:01,info,0.4877271171465968,0.45638650000000003,0.344456,13.117531,0.5722160000000001,0.6005805,0.7057568999999997,20674.22463768116,21600.0,14700.0,24000.0,23000.0,23200.0,23503.000000000022
1,1,25,25,3,8g,12g,100,0:00:10,0:00:15,0:00:05,0:00:15,0:00:20,0:00:05,KeyValueStore,100,16,0,UniformSingleKeyWorkload,False,True,0:00:00.200000,False,1000,0:00:01,0:00:01,False,0:00:05,0:00:10,0:00:05,0:00:10,False,0:00:01,0:00:02,3,0.9,info,0:00:01,info,0.869033983438302,0.816806,0.691025,31.72163,0.97641,1.0628882999999998,1.2777143400000006,29255.57894736842,30000.0,18300.0,32100.0,31800.0,31900.0,32000.0
1,1,50,50,3,8g,12g,100,0:00:10,0:00:15,0:00:05,0:00:15,0:00:20,0:00:05,KeyValueStore,100,16,0,UniformSingleKeyWorkload,False,True,0:00:00.200000,False,1000,0:00:01,0:00:01,False,0:00:05,0:00:10,0:00:05,0:00:10,False,0:00:01,0:00:02,3,0.9,info,0:00:01,info,1.5030460050464272,1.401278,1.18643,82.784343,1.6418896,1.76588025,2.0663931100000013,33163.65428633124,34100.0,23800.0,36100.0,35200.0,36000.0,36000.0
1,1,75,75,3,8g,12g,100,0:00:10,0:00:15,0:00:05,0:00:15,0:00:20,0:00:05,KeyValueStore,100,16,0,UniformSingleKeyWorkload,False,True,0:00:00.200000,False,1000,0:00:01,0:00:01,False,0:00:05,0:00:10,0:00:05,0:00:10,False,0:00:01,0:00:02,3,0.9,info,0:00:01,info,2.2334853152434158,2.0806639999999996,0.5926,90.397226,2.4468246000000002,2.6873112499999996,3.4318309700000005,33743.81128486898,35000.0,24900.0,37700.0,36900.0,37400.0,37700.0
1,1,100,100,3,8g,12g,100,0:00:10,0:00:15,0:00:05,0:00:15,0:00:20,0:00:05,KeyValueStore,100,16,0,UniformSingleKeyWorkload,False,True,0:00:00.200000,False,1000,0:00:01,0:00:01,False,0:00:05,0:00:10,0:00:05,0:00:10,False,0:00:01,0:00:02,3,0.9,info,0:00:01,info,2.890779300756254,2.62485,1.944777,144.802761,3.3919424000000005,3.6435616,4.551440199999999,34811.148148148146,35800.0,23500.0,40200.0,39100.0,39300.0,40000.0
1,2,100,100,3,8g,12g,100,0:00:10,0:00:15,0:00:05,0:00:15,0:00:20,0:00:05,KeyValueStore,100,16,0,UniformSingleKeyWorkload,False,True,0:00:00.200000,False,1000,0:00:01,0:00:01,False,0:00:05,0:00:10,0:00:05,0:00:10,False,0:00:01,0:00:02,3,0.9,info,0:00:01,info,5.965504362440191,5.615626,2.524538,134.823788,6.683338,7.17038075,8.380337350000016,33606.53969612669,34400.0,23100.0,37700.0,36500.0,37100.0,37600.0
1,3,100,100,3,8g,12g,100,0:00:10,0:00:15,0:00:05,0:00:15,0:00:20,0:00:05,KeyValueStore,100,16,0,UniformSingleKeyWorkload,False,True,0:00:00.200000,False,1000,0:00:01,0:00:01,False,0:00:05,0:00:10,0:00:05,0:00:10,False,0:00:01,0:00:02,3,0.9,info,0:00:01,info,8.71092093112146,8.180129,2.132365,167.086547,10.0639263,10.885733099999998,13.545864970000014,34342.4025974026,34700.0,22700.0,39800.0,38500.0,39100.0,39500.0
1,4,100,100,3,8g,12g,100,0:00:10,0:00:15,0:00:05,0:00:15,0:00:20,0:00:05,KeyValueStore,100,16,0,UniformSingleKeyWorkload,False,True,0:00:00.200000,False,1000,0:00:01,0:00:01,False,0:00:05,0:00:10,0:00:05,0:00:10,False,0:00:01,0:00:02,3,0.9,info,0:00:01,info,11.042526330630299,10.5318735,2.444867,158.116663,12.882593,13.67992825,16.156597499999997,36279.78271993702,36500.0,26400.0,43600.0,42000.0,43100.0,43400.0
1,5,100,100,3,8g,12g,100,0:00:10,0:00:15,0:00:05,0:00:15,0:00:20,0:00:05,KeyValueStore,100,16,0,UniformSingleKeyWorkload,False,True,0:00:00.200000,False,1000,0:00:01,0:00:01,False,0:00:05,0:00:10,0:00:05,0:00:10,False,0:00:01,0:00:02,3,0.9,info,0:00:01,info,13.91661329468599,13.210112500000001,2.139014,171.665272,16.0764992,17.402697449999998,22.813273779999985,35589.049542379624,36500.0,24200.0,40400.0,38900.0,39500.0,40100.0
1,1,1,1,3,8g,12g,100,0:00:10,0:00:15,0:00:05,0:00:15,0:00:20,0:00:05,KeyValueStore,100,16,0,UniformSingleKeyWorkload,False,True,0:00:00.200000,False,1000,0:00:01,0:00:01,True,0:00:05,0:00:10,0:00:05,0:00:10,False,0:00:01,0:00:02,3,0.9,info,0:00:01,info,0.21989612592592594,0.218466,0.202511,0.331852,0.22814120000000002,0.2354259,0.25223734,4557.721259842519,4600.0,4000.0,4700.0,4700.0,4700.0,4700.0
1,1,10,10,3,8g,12g,100,0:00:10,0:00:15,0:00:05,0:00:15,0:00:20,0:00:05,KeyValueStore,100,16,0,UniformSingleKeyWorkload,False,True,0:00:00.200000,False,1000,0:00:01,0:00:01,True,0:00:05,0:00:10,0:00:05,0:00:10,False,0:00:01,0:00:02,3,0.9,info,0:00:01,info,0.5110221800753166,0.486591,0.317084,13.31079,0.593879,0.631707,0.7319652000000008,19807.701735357918,20300.0,13800.0,24400.0,21700.0,22000.0,23934.999999999993
1,1,25,25,3,8g,12g,100,0:00:10,0:00:15,0:00:05,0:00:15,0:00:20,0:00:05,KeyValueStore,100,16,0,UniformSingleKeyWorkload,False,True,0:00:00.200000,False,1000,0:00:01,0:00:01,True,0:00:05,0:00:10,0:00:05,0:00:10,False,0:00:01,0:00:02,3,0.9,info,0:00:01,info,0.9220228100296441,0.878252,0.626508,41.083538,1.0424586,1.11092145,1.28118118,27433.49501573977,28100.0,18900.0,29700.0,28900.0,29400.0,29500.0
1,1,50,50,3,8g,12g,100,0:00:10,0:00:15,0:00:05,0:00:15,0:00:20,0:00:05,KeyValueStore,100,16,0,UniformSingleKeyWorkload,False,True,0:00:00.200000,False,1000,0:00:01,0:00:01,True,0:00:05,0:00:10,0:00:05,0:00:10,False,0:00:01,0:00:02,3,0.9,info,0:00:01,info,1.8723431224030038,1.756973,1.191206,79.359543,2.1939434,2.3646411,2.8422632999999995,27163.375264270613,26700.0,21100.0,31100.0,30500.0,30800.0,31000.0
1,1,75,75,3,8g,12g,100,0:00:10,0:00:15,0:00:05,0:00:15,0:00:20,0:00:05,KeyValueStore,100,16,0,UniformSingleKeyWorkload,False,True,0:00:00.200000,False,1000,0:00:01,0:00:01,True,0:00:05,0:00:10,0:00:05,0:00:10,False,0:00:01,0:00:02,3,0.9,info,0:00:01,info,2.430744032286024,2.270288,1.720375,118.267585,2.8163978000000003,3.0719297000000005,3.6279842999999987,31044.315558633425,31300.0,22600.0,36100.0,35600.0,35800.0,36000.0
1,1,100,100,3,8g,12g,100,0:00:10,0:00:15,0:00:05,0:00:15,0:00:20,0:00:05,KeyValueStore,100,16,0,UniformSingleKeyWorkload,False,True,0:00:00.200000,False,1000,0:00:01,0:00:01,True,0:00:05,0:00:10,0:00:05,0:00:10,False,0:00:01,0:00:02,3,0.9,info,0:00:01,info,3.5461668735196588,3.2868370000000002,2.203837,157.551881,4.2094921,4.5675152,5.971854459999999,28885.623725441434,29300.0,20100.0,35700.0,31600.0,34800.0,35600.0
1,2,100,100,3,8g,12g,100,0:00:10,0:00:15,0:00:05,0:00:15,0:00:20,0:00:05,KeyValueStore,100,16,0,UniformSingleKeyWorkload,False,True,0:00:00.200000,False,1000,0:00:01,0:00:01,True,0:00:05,0:00:10,0:00:05,0:00:10,False,0:00:01,0:00:02,3,0.9,info,0:00:01,info,7.34385134802841,6.920942,2.770338,125.099826,8.802712,9.409306899999999,11.389106559999984,27821.252738654148,28800.0,18700.0,31200.0,30400.0,30700.0,30900.0
1,3,100,100,3,8g,12g,100,0:00:10,0:00:15,0:00:05,0:00:15,0:00:20,0:00:05,KeyValueStore,100,16,0,UniformSingleKeyWorkload,False,True,0:00:00.200000,False,1000,0:00:01,0:00:01,True,0:00:05,0:00:10,0:00:05,0:00:10,False,0:00:01,0:00:02,3,0.9,info,0:00:01,info,10.645651704921914,9.930338500000001,3.009557,136.933107,13.515333,14.573326000000002,17.148675750000002,28977.088725985843,28700.0,17500.0,36100.0,35300.0,35600.0,35900.0
1,4,100,100,3,8g,12g,100,0:00:10,0:00:15,0:00:05,0:00:15,0:00:20,0:00:05,KeyValueStore,100,16,0,UniformSingleKeyWorkload,False,True,0:00:00.200000,False,1000,0:00:01,0:00:01,True,0:00:05,0:00:10,0:00:05,0:00:10,False,0:00:01,0:00:02,3,0.9,info,0:00:01,info,15.079512489922866,14.303333,2.640994,174.732255,18.4801302,19.772671399999997,24.805495380000004,27093.513354700855,26850.0,20000.0,32600.0,31700.0,32000.0,32200.0
1,5,100,100,3,8g,12g,100,0:00:10,0:00:15,0:00:05,0:00:15,0:00:20,0:00:05,KeyValueStore,100,16,0,UniformSingleKeyWorkload,False,True,0:00:00.200000,False,1000,0:00:01,0:00:01,True,0:00:05,0:00:10,0:00:05,0:00:10,False,0:00:01,0:00:02,3,0.9,info,0:00:01,info,17.502467646523566,17.0141515,2.130166,165.322425,21.7985515,23.33782725,26.971258649999996,28435.073022312372,27900.0,20000.0,35000.0,33500.0,33900.0,34700.0
1,1,1,1,3,8g,12g,100,0:00:10,0:00:15,0:00:05,0:00:15,0:00:20,0:00:05,KeyValueStore,100,16,0,UniformSingleKeyWorkload,False,True,0:00:00.200000,True,1000,0:00:01,0:00:01,False,0:00:05,0:00:10,0:00:05,0:00:10,False,0:00:01,0:00:02,3,0.9,info,0:00:01,info,0.21574970451237266,0.214405,0.199644,0.278563,0.22325879999999998,0.2308608,0.24955287999999998,4648.790697674419,4700.0,4200.0,4800.0,4700.0,4700.0,4800.0
1,1,10,10,3,8g,12g,100,0:00:10,0:00:15,0:00:05,0:00:15,0:00:20,0:00:05,KeyValueStore,100,16,0,UniformSingleKeyWorkload,False,True,0:00:00.200000,True,1000,0:00:01,0:00:01,False,0:00:05,0:00:10,0:00:05,0:00:10,False,0:00:01,0:00:02,3,0.9,info,0:00:01,info,0.5340482284590633,0.507679,0.380106,11.564565,0.6472598,0.6740111999999999,0.785418,18987.244728915663,19200.0,12800.0,22500.0,21000.0,21100.0,22200.0
1,1,25,25,3,8g,12g,100,0:00:10,0:00:15,0:00:05,0:00:15,0:00:20,0:00:05,KeyValueStore,100,16,0,UniformSingleKeyWorkload,False,True,0:00:00.200000,True,1000,0:00:01,0:00:01,False,0:00:05,0:00:10,0:00:05,0:00:10,False,0:00:01,0:00:02,3,0.9,info,0:00:01,info,1.1093273724035608,1.0564885,0.753855,28.021061,1.2699582,1.3752337499999994,1.6539171399999997,23223.021834061135,23000.0,16400.0,27000.0,26600.0,26800.0,26900.0
1,1,50,50,3,8g,12g,100,0:00:10,0:00:15,0:00:05,0:00:15,0:00:20,0:00:05,KeyValueStore,100,16,0,UniformSingleKeyWorkload,False,True,0:00:00.200000,True,1000,0:00:01,0:00:01,False,0:00:05,0:00:10,0:00:05,0:00:10,False,0:00:01,0:00:02,3,0.9,info,0:00:01,info,2.3512449817896393,2.255824,1.647013,49.063413,2.6238454,2.873257599999999,3.3349465999999968,21639.162117724434,21500.0,14400.0,24100.0,23800.0,23900.0,24000.0
1,1,75,75,3,8g,12g,100,0:00:10,0:00:15,0:00:05,0:00:15,0:00:20,0:00:05,KeyValueStore,100,16,0,UniformSingleKeyWorkload,False,True,0:00:00.200000,True,1000,0:00:01,0:00:01,False,0:00:05,0:00:10,0:00:05,0:00:10,False,0:00:01,0:00:02,3,0.9,info,0:00:01,info,3.4098047583208397,3.207598,2.221565,135.350243,3.6764010000000003,4.082251199999999,4.796083699999999,22708.00864,23300.0,16500.0,24300.0,24100.0,24200.0,24300.0
1,1,100,100,3,8g,12g,100,0:00:10,0:00:15,0:00:05,0:00:15,0:00:20,0:00:05,KeyValueStore,100,16,0,UniformSingleKeyWorkload,False,True,0:00:00.200000,True,1000,0:00:01,0:00:01,False,0:00:05,0:00:10,0:00:05,0:00:10,False,0:00:01,0:00:02,3,0.9,info,0:00:01,info,4.476507196892739,4.345509,2.551005,90.648381,5.0533605999999995,5.4178038,6.049982559999999,22942.299121155054,22500.0,16100.0,27700.0,27300.0,27500.0,27600.0
1,2,100,100,3,8g,12g,100,0:00:10,0:00:15,0:00:05,0:00:15,0:00:20,0:00:05,KeyValueStore,100,16,0,UniformSingleKeyWorkload,False,True,0:00:00.200000,True,1000,0:00:01,0:00:01,False,0:00:05,0:00:10,0:00:05,0:00:10,False,0:00:01,0:00:02,3,0.9,info,0:00:01,info,9.09766518901699,8.716263000000001,5.102283,126.759561,10.9728685,11.680376250000002,13.948623050000016,22071.17744020685,22400.0,18800.0,24100.0,23200.0,23500.0,23800.0
1,3,100,100,3,8g,12g,100,0:00:10,0:00:15,0:00:05,0:00:15,0:00:20,0:00:05,KeyValueStore,100,16,0,UniformSingleKeyWorkload,False,True,0:00:00.200000,True,1000,0:00:01,0:00:01,False,0:00:05,0:00:10,0:00:05,0:00:10,False,0:00:01,0:00:02,3,0.9,info,0:00:01,info,12.169600585339465,11.577321,3.045357,113.248437,14.3930434,15.593283999999997,20.027795119999986,24727.110887096773,25600.0,18600.0,27400.0,26500.0,27000.0,27101.16
1,4,100,100,3,8g,12g,100,0:00:10,0:00:15,0:00:05,0:00:15,0:00:20,0:00:05,KeyValueStore,100,16,0,UniformSingleKeyWorkload,False,True,0:00:00.200000,True,1000,0:00:01,0:00:01,False,0:00:05,0:00:10,0:00:05,0:00:10,False,0:00:01,0:00:02,3,0.9,info,0:00:01,info,16.03673831756215,15.55399,2.882019,155.938272,19.049151,19.988544,23.484353799999997,24760.06478548805,25100.0,17500.0,27600.0,26900.0,27100.0,27400.0
1,5,100,100,3,8g,12g,100,0:00:10,0:00:15,0:00:05,0:00:15,0:00:20,0:00:05,KeyValueStore,100,16,0,UniformSingleKeyWorkload,False,True,0:00:00.200000,True,1000,0:00:01,0:00:01,False,0:00:05,0:00:10,0:00:05,0:00:10,False,0:00:01,0:00:02,3,0.9,info,0:00:01,info,23.333995434701496,22.67981,2.712101,153.255147,29.466043,30.730324,49.10697694999998,21377.003057065216,20000.0,14300.0,29500.0,27100.0,28300.0,29200.0
1,1,1,1,3,8g,12g,100,0:00:10,0:00:15,0:00:05,0:00:15,0:00:20,0:00:05,KeyValueStore,100,16,0,UniformSingleKeyWorkload,False,True,0:00:00.200000,False,1000,0:00:01,0:00:01,False,0:00:05,0:00:10,0:00:05,0:00:10,False,0:00:01,0:00:02,3,0.9,info,0:00:01,info,0.21601971906841336,0.214305,0.198193,0.294227,0.2237092,0.23267189999999996,0.2536528,4650.705882352941,4700.0,4100.0,4700.0,4700.0,4700.0,4700.0
1,1,10,10,3,8g,12g,100,0:00:10,0:00:15,0:00:05,0:00:15,0:00:20,0:00:05,KeyValueStore,100,16,0,UniformSingleKeyWorkload,False,True,0:00:00.200000,False,1000,0:00:01,0:00:01,False,0:00:05,0:00:10,0:00:05,0:00:10,False,0:00:01,0:00:02,3,0.9,info,0:00:01,info,0.46636155399061036,0.436527,0.362363,13.19785,0.5309541999999999,0.5596074,0.6686934799999998,21689.475891677674,22300.0,16600.0,24100.0,23900.0,24000.0,24000.0
1,1,25,25,3,8g,12g,100,0:00:10,0:00:15,0:00:05,0:00:15,0:00:20,0:00:05,KeyValueStore,100,16,0,UniformSingleKeyWorkload,False,True,0:00:00.200000,False,1000,0:00:01,0:00:01,False,0:00:05,0:00:10,0:00:05,0:00:10,False,0:00:01,0:00:02,3,0.9,info,0:00:01,info,0.8690373568097015,0.8086990000000001,0.667264,40.420635,0.9805834,1.0666520499999999,1.3025608900000007,29190.94975609756,29100.0,18800.0,32600.0,32300.0,32400.0,32600.0
1,1,50,50,3,8g,12g,100,0:00:10,0:00:15,0:00:05,0:00:15,0:00:20,0:00:05,KeyValueStore,100,16,0,UniformSingleKeyWorkload,False,True,0:00:00.200000,False,1000,0:00:01,0:00:01,False,0:00:05,0:00:10,0:00:05,0:00:10,False,0:00:01,0:00:02,3,0.9,info,0:00:01,info,1.600207509219554,1.494242,1.166822,80.791221,1.7465034,1.9040641999999994,2.4018006599999984,31424.989958922866,32700.0,21700.0,34500.0,33900.0,34100.0,34500.0
1,1,75,75,3,8g,12g,100,0:00:10,0:00:15,0:00:05,0:00:15,0:00:20,0:00:05,KeyValueStore,100,16,0,UniformSingleKeyWorkload,False,True,0:00:00.200000,False,1000,0:00:01,0:00:01,False,0:00:05,0:00:10,0:00:05,0:00:10,False,0:00:01,0:00:02,3,0.9,info,0:00:01,info,2.3720455059296905,2.237854,1.24374,95.842292,2.6667125,2.82784865,3.43860659,32022.50033882991,32900.0,20800.0,38000.0,36600.0,36900.0,37700.0
1,1,100,100,3,8g,12g,100,0:00:10,0:00:15,0:00:05,0:00:15,0:00:20,0:00:05,KeyValueStore,100,16,0,UniformSingleKeyWorkload,False,True,0:00:00.200000,False,1000,0:00:01,0:00:01,False,0:00:05,0:00:10,0:00:05,0:00:10,False,0:00:01,0:00:02,3,0.9,info,0:00:01,info,3.114546903918299,2.938454,2.161591,142.448886,3.5043571,3.8156942999999988,4.677377839999996,32720.452913804565,32600.0,19000.0,37800.0,37300.0,37600.0,37700.0
1,2,100,100,3,8g,12g,100,0:00:10,0:00:15,0:00:05,0:00:15,0:00:20,0:00:05,KeyValueStore,100,16,0,UniformSingleKeyWorkload,False,True,0:00:00.200000,False,1000,0:00:01,0:00:01,False,0:00:05,0:00:10,0:00:05,0:00:10,False,0:00:01,0:00:02,3,0.9,info,0:00:01,info,5.877283974273369,5.523102,3.029519,145.690538,6.765538,7.309275499999999,9.304527030000003,34105.59995786813,34200.0,23000.0,38600.0,38100.0,38300.0,38500.0
1,3,100,100,3,8g,12g,100,0:00:10,0:00:15,0:00:05,0:00:15,0:00:20,0:00:05,KeyValueStore,100,16,0,UniformSingleKeyWorkload,False,True,0:00:00.200000,False,1000,0:00:01,0:00:01,False,0:00:05,0:00:10,0:00:05,0:00:10,False,0:00:01,0:00:02,3,0.9,info,0:00:01,info,8.171920457491353,7.660602,2.11721,153.532884,9.561816800000003,10.462831999999999,12.320616319999996,36805.18054201599,38200.0,22500.0,41100.0,40500.0,40700.0,40900.0
1,4,100,100,3,8g,12g,100,0:00:10,0:00:15,0:00:05,0:00:15,0:00:20,0:00:05,KeyValueStore,100,16,0,UniformSingleKeyWorkload,False,True,0:00:00.200000,False,1000,0:00:01,0:00:01,False,0:00:05,0:00:10,0:00:05,0:00:10,False,0:00:01,0:00:02,3,0.9,info,0:00:01,info,12.600679171362488,11.9476715,2.378086,147.743916,14.899938500000001,16.1032955,19.401211349999993,31371.36464463558,31900.0,21400.0,37000.0,35000.0,35400.0,36500.0
1,5,100,100,3,8g,12g,100,0:00:10,0:00:15,0:00:05,0:00:15,0:00:20,0:00:05,KeyValueStore,100,16,0,UniformSingleKeyWorkload,False,True,0:00:00.200000,False,1000,0:00:01,0:00:01,False,0:00:05,0:00:10,0:00:05,0:00:10,False,0:00:01,0:00:02,3,0.9,info,0:00:01,info,13.859120009435708,13.113682,1.584978,152.016167,16.0429646,17.3346022,22.3969602,35639.604386839485,36800.0,23700.0,40600.0,38400.0,38900.0,40185.99999999997
1,1,1,1,3,8g,12g,100,0:00:10,0:00:15,0:00:05,0:00:15,0:00:20,0:00:05,KeyValueStore,100,16,0,UniformSingleKeyWorkload,False,True,0:00:00.200000,False,1000,0:00:01,0:00:01,True,0:00:05,0:00:10,0:00:05,0:00:10,False,0:00:01,0:00:02,3,0.9,info,0:00:01,info,0.2188592614475628,0.217247,0.200719,0.423482,0.226307,0.23176479999999997,0.25352476,4580.96855345912,4600.0,4100.0,4700.0,4650.0,4700.0,4700.0
1,1,10,10,3,8g,12g,100,0:00:10,0:00:15,0:00:05,0:00:15,0:00:20,0:00:05,KeyValueStore,100,16,0,UniformSingleKeyWorkload,False,True,0:00:00.200000,False,1000,0:00:01,0:00:01,True,0:00:05,0:00:10,0:00:05,0:00:10,False,0:00:01,0:00:02,3,0.9,info,0:00:01,info,0.45589230103911976,0.42656700000000003,0.34994,13.829848,0.5250752999999999,0.5520242999999998,0.6267666599999999,22250.510480490164,23300.0,16000.0,25400.0,24200.0,24800.0,25300.0
1,1,25,25,3,8g,12g,100,0:00:10,0:00:15,0:00:05,0:00:15,0:00:20,0:00:05,KeyValueStore,100,16,0,UniformSingleKeyWorkload,False,True,0:00:00.200000,False,1000,0:00:01,0:00:01,True,0:00:05,0:00:10,0:00:05,0:00:10,False,0:00:01,0:00:02,3,0.9,info,0:00:01,info,0.95633469280041,0.903095,0.689463,32.403674,1.1073034,1.1815039,1.41642768,26439.63577932512,27100.0,16900.0,29100.0,28300.0,28700.0,29000.0
1,1,50,50,3,8g,12g,100,0:00:10,0:00:15,0:00:05,0:00:15,0:00:20,0:00:05,KeyValueStore,100,16,0,UniformSingleKeyWorkload,False,True,0:00:00.200000,False,1000,0:00:01,0:00:01,True,0:00:05,0:00:10,0:00:05,0:00:10,False,0:00:01,0:00:02,3,0.9,info,0:00:01,info,1.730707922613531,1.5829365,1.25658,85.395104,2.0086880000000003,2.15196775,2.5608255000000013,29734.62322738386,30200.0,19009.0,34200.0,32100.0,32600.0,34000.0
1,1,75,75,3,8g,12g,100,0:00:10,0:00:15,0:00:05,0:00:15,0:00:20,0:00:05,KeyValueStore,100,16,0,UniformSingleKeyWorkload,False,True,0:00:00.200000,False,1000,0:00:01,0:00:01,True,0:00:05,0:00:10,0:00:05,0:00:10,False,0:00:01,0:00:02,3,0.9,info,0:00:01,info,2.4628377900637504,2.283713,1.727035,108.544859,2.9196961999999997,3.1680618,3.6989330799999998,30823.612714051138,30300.0,20400.0,35700.0,35300.0,35400.0,35600.0
1,1,100,100,3,8g,12g,100,0:00:10,0:00:15,0:00:05,0:00:15,0:00:20,0:00:05,KeyValueStore,100,16,0,UniformSingleKeyWorkload,False,True,0:00:00.200000,False,1000,0:00:01,0:00:01,True,0:00:05,0:00:10,0:00:05,0:00:10,False,0:00:01,0:00:02,3,0.9,info,0:00:01,info,3.1050193954743617,2.902409,2.144108,122.312791,3.5555552000000006,3.8759599999999996,4.779867560000006,32353.799296548692,33000.0,23700.0,39000.0,34700.0,35300.0,38500.0
1,2,100,100,3,8g,12g,100,0:00:10,0:00:15,0:00:05,0:00:15,0:00:20,0:00:05,KeyValueStore,100,16,0,UniformSingleKeyWorkload,False,True,0:00:00.200000,False,1000,0:00:01,0:00:01,True,0:00:05,0:00:10,0:00:05,0:00:10,False,0:00:01,0:00:02,3,0.9,info,0:00:01,info,7.455177642217802,7.0558645,3.918336,164.556947,8.8767992,9.391978399999998,10.991608609999998,26978.453810934556,27600.0,17500.0,32500.0,29100.0,30300.0,31988.00000000001
1,3,100,100,3,8g,12g,100,0:00:10,0:00:15,0:00:05,0:00:15,0:00:20,0:00:05,KeyValueStore,100,16,0,UniformSingleKeyWorkload,False,True,0:00:00.200000,False,1000,0:00:01,0:00:01,True,0:00:05,0:00:10,0:00:05,0:00:10,False,0:00:01,0:00:02,3,0.9,info,0:00:01,info,12.318407269335513,11.8419965,5.720088,163.794653,14.780749,15.77663595,18.677118749999995,24717.055124892333,25000.0,18800.0,30100.0,26300.0,28200.0,29600.0
1,4,100,100,3,8g,12g,100,0:00:10,0:00:15,0:00:05,0:00:15,0:00:20,0:00:05,KeyValueStore,100,16,0,UniformSingleKeyWorkload,False,True,0:00:00.200000,False,1000,0:00:01,0:00:01,True,0:00:05,0:00:10,0:00:05,0:00:10,False,0:00:01,0:00:02,3,0.9,info,0:00:01,info,14.549050517692681,14.042336500000001,1.963011,150.289152,17.6153245,18.764751,23.622184500000003,27550.80787037037,27800.0,17700.0,33500.0,32200.0,32500.0,33000.0
1,5,100,100,3,8g,12g,100,0:00:10,0:00:15,0:00:05,0:00:15,0:00:20,0:00:05,KeyValueStore,100,16,0,UniformSingleKeyWorkload,False,True,0:00:00.200000,False,1000,0:00:01,0:00:01,True,0:00:05,0:00:10,0:00:05,0:00:10,False,0:00:01,0:00:02,3,0.9,info,0:00:01,info,18.264716957400196,17.447345499999997,3.179694,170.691892,22.494810899999997,23.887585449999996,29.529526899999922,27440.730220492867,26900.0,17800.0,33300.0,32600.0,32800.0,33000.0
1,1,1,1,3,8g,12g,100,0:00:10,0:00:15,0:00:05,0:00:15,0:00:20,0:00:05,KeyValueStore,100,16,0,UniformSingleKeyWorkload,False,True,0:00:00.200000,True,1000,0:00:01,0:00:01,False,0:00:05,0:00:10,0:00:05,0:00:10,False,0:00:01,0:00:02,3,0.9,info,0:00:01,info,0.2206110998509687,0.219138,0.20493,0.318529,0.227531,0.2341005,0.2571669999999999,4537.246031746032,4500.0,4100.0,4700.0,4600.0,4600.0,4600.0
1,1,10,10,3,8g,12g,100,0:00:10,0:00:15,0:00:05,0:00:15,0:00:20,0:00:05,KeyValueStore,100,16,0,UniformSingleKeyWorkload,False,True,0:00:00.200000,True,1000,0:00:01,0:00:01,False,0:00:05,0:00:10,0:00:05,0:00:10,False,0:00:01,0:00:02,3,0.9,info,0:00:01,info,0.5164971362850225,0.484624,0.420391,11.554407,0.60284,0.6282449999999999,0.6717620999999999,19509.61062271062,20200.0,13700.0,21800.0,21200.0,21400.0,21600.0
1,1,25,25,3,8g,12g,100,0:00:10,0:00:15,0:00:05,0:00:15,0:00:20,0:00:05,KeyValueStore,100,16,0,UniformSingleKeyWorkload,False,True,0:00:00.200000,True,1000,0:00:01,0:00:01,False,0:00:05,0:00:10,0:00:05,0:00:10,False,0:00:01,0:00:02,3,0.9,info,0:00:01,info,1.208187998385013,1.1554475,0.908131,27.522674,1.3512705,1.4513927500000001,1.63432455,20933.747371990507,21500.0,14600.0,23800.0,23600.0,23700.0,23800.0
1,1,50,50,3,8g,12g,100,0:00:10,0:00:15,0:00:05,0:00:15,0:00:20,0:00:05,KeyValueStore,100,16,0,UniformSingleKeyWorkload,False,True,0:00:00.200000,True,1000,0:00:01,0:00:01,False,0:00:05,0:00:10,0:00:05,0:00:10,False,0:00:01,0:00:02,3,0.9,info,0:00:01,info,2.287560925450657,2.197124,1.682355,70.2404,2.4212572,2.6014684,3.2923633599999995,22262.54636835279,22400.0,17193.0,24700.0,23800.0,24200.0,24500.0
1,1,75,75,3,8g,12g,100,0:00:10,0:00:15,0:00:05,0:00:15,0:00:20,0:00:05,KeyValueStore,100,16,0,UniformSingleKeyWorkload,False,True,0:00:00.200000,True,1000,0:00:01,0:00:01,False,0:00:05,0:00:10,0:00:05,0:00:10,False,0:00:01,0:00:02,3,0.9,info,0:00:01,info,3.2726116633663365,3.1197955,2.051484,85.220058,3.6998868000000007,3.8451121,4.837653670000002,23336.65628891656,23500.0,16200.0,26300.0,25900.0,26100.0,26200.0
1,1,100,100,3,8g,12g,100,0:00:10,0:00:15,0:00:05,0:00:15,0:00:20,0:00:05,KeyValueStore,100,16,0,UniformSingleKeyWorkload,False,True,0:00:00.200000,True,1000,0:00:01,0:00:01,False,0:00:05,0:00:10,0:00:05,0:00:10,False,0:00:01,0:00:02,3,0.9,info,0:00:01,info,4.223836070764025,3.922208,2.580838,129.622404,4.7408296,5.1932986,6.442095319999999,24177.749557522126,23700.0,15700.0,28000.0,27900.0,27900.0,28000.0
1,2,100,100,3,8g,12g,100,0:00:10,0:00:15,0:00:05,0:00:15,0:00:20,0:00:05,KeyValueStore,100,16,0,UniformSingleKeyWorkload,False,True,0:00:00.200000,True,1000,0:00:01,0:00:01,False,0:00:05,0:00:10,0:00:05,0:00:10,False,0:00:01,0:00:02,3,0.9,info,0:00:01,info,8.453900329103215,8.0962255,4.02305,121.557344,10.0677135,10.576569749999999,12.247709100000003,23671.39183424741,23200.0,17700.0,28500.0,27400.0,28000.0,28300.0
1,3,100,100,3,8g,12g,100,0:00:10,0:00:15,0:00:05,0:00:15,0:00:20,0:00:05,KeyValueStore,100,16,0,UniformSingleKeyWorkload,False,True,0:00:00.200000,True,1000,0:00:01,0:00:01,False,0:00:05,0:00:10,0:00:05,0:00:10,False,0:00:01,0:00:02,3,0.9,info,0:00:01,info,11.548243890115533,11.068577,3.449302,140.479773,13.4884002,14.298554499999998,17.119487099999997,25989.32536411102,27000.0,18900.0,28000.0,27500.0,27600.0,27800.0
1,4,100,100,3,8g,12g,100,0:00:10,0:00:15,0:00:05,0:00:15,0:00:20,0:00:05,KeyValueStore,100,16,0,UniformSingleKeyWorkload,False,True,0:00:00.200000,True,1000,0:00:01,0:00:01,False,0:00:05,0:00:10,0:00:05,0:00:10,False,0:00:01,0:00:02,3,0.9,info,0:00:01,info,17.26810856530495,16.821030999999998,3.264908,151.72264,20.664696,21.80642525,26.34288175,23185.134668721108,23400.0,17700.0,27500.0,26500.0,26900.0,27200.0
1,5,100,100,3,8g,12g,100,0:00:10,0:00:15,0:00:05,0:00:15,0:00:20,0:00:05,KeyValueStore,100,16,0,UniformSingleKeyWorkload,False,True,0:00:00.200000,True,1000,0:00:01,0:00:01,False,0:00:05,0:00:10,0:00:05,0:00:10,False,0:00:01,0:00:02,3,0.9,info,0:00:01,info,20.917137554223583,20.371784,5.605638,159.538385,24.493766,26.048271899999996,39.439586239999656,23694.47289607667,24200.0,16600.0,26400.0,25500.0,25900.0,26200.0
