f,num_client_procs,num_warmup_clients_per_proc,num_clients_per_proc,warmup_duration,warmup_timeout,warmup_sleep,duration,timeout,client_lag,state_machine,workload.conflict_rate,workload.size_mean,workload.size_std,workload.name,profiled,monitored,prometheus_scrape_interval,replica_options.thrifty_system,replica_options.resend_pre_accepts_timer_period,replica_options.default_to_slow_path_timer_period,replica_options.resend_accepts_timer_period,replica_options.resend_prepares_timer_period,replica_options.recover_instance_timer_min_period,replica_options.recover_instance_timer_max_period,replica_options.unsafe_skip_graph_execution,replica_options.execute_graph_batch_size,replica_options.execute_graph_timer_period,replica_options.num_blockers,replica_options.top_k_dependencies,replica_options.unsafe_return_no_dependencies,replica_zigzag_options.vertices_grow_size,replica_zigzag_options.garbage_collect_every_n_commands,replica_log_level,client_options.repropose_period,client_log_level,latency.mean_ms,latency.median_ms,latency.min_ms,latency.max_ms,latency.p90_ms,latency.p95_ms,latency.p99_ms,start_throughput_1s.mean,start_throughput_1s.median,start_throughput_1s.min,start_throughput_1s.max,start_throughput_1s.p90,start_throughput_1s.p95,start_throughput_1s.p99,start_throughput_2s.mean,start_throughput_2s.median,start_throughput_2s.min,start_throughput_2s.max,start_throughput_2s.p90,start_throughput_2s.p95,start_throughput_2s.p99,start_throughput_5s.mean,start_throughput_5s.median,start_throughput_5s.min,start_throughput_5s.max,start_throughput_5s.p90,start_throughput_5s.p95,start_throughput_5s.p99,stop_throughput_1s.mean,stop_throughput_1s.median,stop_throughput_1s.min,stop_throughput_1s.max,stop_throughput_1s.p90,stop_throughput_1s.p95,stop_throughput_1s.p99,stop_throughput_2s.mean,stop_throughput_2s.median,stop_throughput_2s.min,stop_throughput_2s.max,stop_throughput_2s.p90,stop_throughput_2s.p95,stop_throughput_2s.p99,stop_throughput_5s.mean,stop_throughput_5s.median,stop_throughput_5s.min,stop_throughput_5s.max,stop_throughput_5s.p90,stop_throughput_5s.p95,stop_throughput_5s.p99
1,1,50,1,0:00:05,0:00:10,0:00:05,0:00:15,0:00:20,0:00:05,KeyValueStore,0.0,8,0,BernoulliSingleKeyWorkload,False,True,0:00:00.200000,Random,0:10:00,0:10:00,0:10:00,0:10:00,0:10:00,0:20:00,False,1,0:00:01,1,1,False,20000,20000,info,0:10:00,info,0.2722121973442969,0.2529715,0.176833,47.735952,0.320171,0.36798274999999997,0.6066933499999992,6980.065022130859,7344.0,1.0,7657.0,7598.0,7613.0,7634.0,6747.268950126859,7189.5,0.5,7633.5,7574.5,7599.0,7622.0,5997.863553530752,7062.6,0.2,7394.8,7354.2,7365.200000000001,7382.413999999999,6980.082236050151,7344.0,1.0,7656.0,7598.0,7613.0,7634.0,6747.280098894383,7189.5,0.5,7633.5,7574.5,7599.0,7622.0,5997.868722336426,7062.6,0.2,7394.8,7354.2,7365.200000000001,7382.4
1,1,50,10,0:00:05,0:00:10,0:00:05,0:00:15,0:00:20,0:00:05,KeyValueStore,0.0,8,0,BernoulliSingleKeyWorkload,False,True,0:00:00.200000,Random,0:10:00,0:10:00,0:10:00,0:10:00,0:10:00,0:20:00,False,5,0:00:01,1,1,False,20000,20000,info,0:10:00,info,1.8546530987376062,0.571112,0.22225,1002.418746,0.8558904,0.9410072,1.1899199600000006,7606.723432843907,6079.0,1.0,17853.0,15657.600000000006,17307.0,17473.0,5785.586763829441,6375.0,0.5,11857.0,8776.5,9801.0,11395.580000000002,4840.521833450723,5174.6,0.2,8941.4,7095.720000000001,8018.560000000001,8756.832,7605.8715392533995,6077.0,1.0,17853.0,15657.600000000006,17306.0,17473.0,5785.585490599772,6375.0,0.5,11857.0,8776.5,9801.0,11395.580000000002,4840.384045077748,5174.6,0.2,8941.4,7095.720000000001,8018.560000000001,8756.832
1,5,50,10,0:00:05,0:00:10,0:00:05,0:00:15,0:00:20,0:00:05,KeyValueStore,0.0,8,0,BernoulliSingleKeyWorkload,False,True,0:00:00.200000,Random,0:10:00,0:10:00,0:10:00,0:10:00,0:10:00,0:20:00,False,25,0:00:01,1,1,False,20000,20000,info,0:10:00,info,2.6101669572954833,1.896798,0.322807,2167.326437,2.9049255,3.21361925,3.9563268499999955,22947.846406480756,25269.0,1.0,27775.0,27440.0,27660.0,27723.0,21742.253417102816,24600.5,0.5,27437.0,26524.5,26878.0,27396.0,18851.2267695711,21407.2,0.2,25407.0,24933.6,25194.6,25379.4,22946.27581828181,25269.0,1.0,27778.0,27440.0,27661.0,27723.0,21741.02108809699,24600.0,0.5,27437.0,26524.5,26883.0,27396.0,18850.691357139764,21407.2,0.2,25406.6,24933.6,25194.6,25379.4
1,5,50,20,0:00:05,0:00:10,0:00:05,0:00:15,0:00:20,0:00:05,KeyValueStore,0.0,8,0,BernoulliSingleKeyWorkload,False,True,0:00:00.200000,Random,0:10:00,0:10:00,0:10:00,0:10:00,0:10:00,0:20:00,False,50,0:00:01,1,1,False,20000,20000,info,0:10:00,info,4.715851691026378,3.50275,0.526985,1003.902955,5.6793332,6.436909400000002,7.96556156000001,23610.55978287789,25982.0,1.0,28827.0,27856.0,28144.0,28736.0,22327.07170390744,24977.5,0.5,27676.5,27048.0,27514.5,27610.0,19494.028046396295,22221.8,0.2,25768.4,25375.4,25415.200000000004,25714.6,23610.308941573407,25982.0,1.0,28833.0,27856.0,28144.0,28736.0,22327.198744526057,24978.0,0.5,27676.5,27048.0,27514.5,27610.0,19493.734879099808,22222.0,0.2,25767.6,25375.4,25415.200000000004,25714.4
1,6,50,50,0:00:05,0:00:10,0:00:05,0:00:15,0:00:20,0:00:05,KeyValueStore,0.0,8,0,BernoulliSingleKeyWorkload,False,True,0:00:00.200000,Random,0:10:00,0:10:00,0:10:00,0:10:00,0:10:00,0:20:00,False,100,0:00:01,1,1,False,20000,20000,info,0:10:00,info,13.81672298316336,9.782685,0.93974,1181.666892,20.8258436,23.588815150000002,59.978881030000004,22417.789623265817,24422.0,1.0,27015.0,25926.0,26090.0,26570.0,21046.60462704734,23726.5,0.5,26153.0,25215.5,25352.5,25908.0,18315.824462314762,19146.0,0.2,24481.6,24252.8,24380.8,24444.6,22406.578100257615,24432.0,1.0,27015.0,25926.0,26090.0,26572.0,21037.76470510033,23708.0,0.5,26153.0,25215.5,25352.0,25906.0,18309.07495804873,19145.6,0.2,24482.2,24250.2,24380.8,24444.6
1,6,50,100,0:00:05,0:00:10,0:00:05,0:00:15,0:00:20,0:00:05,KeyValueStore,0.0,8,0,BernoulliSingleKeyWorkload,False,True,0:00:00.200000,Random,0:10:00,0:10:00,0:10:00,0:10:00,0:10:00,0:20:00,False,100,0:00:01,1,1,False,20000,20000,info,0:10:00,info,21.73690079520873,15.537885,0.768186,1228.14482,26.236894,30.623404999999998,110.90297309999997,27787.28987224385,31213.0,1.0,35999.0,35172.0,35388.0,35774.0,25081.616021131376,28894.0,0.5,34757.5,33759.0,34239.5,34611.5,21707.994777231328,22487.2,0.2,32240.8,31541.0,31580.2,32152.2,27795.397205051126,31260.0,1.0,35999.0,35164.0,35389.0,35773.0,25072.64065692265,28930.0,0.5,34757.5,33759.5,34240.0,34611.5,21700.16976143762,22487.0,0.2,32240.8,31513.4,31577.6,32152.059999999998
1,12,50,100,0:00:05,0:00:10,0:00:05,0:00:15,0:00:20,0:00:05,KeyValueStore,0.0,8,0,BernoulliSingleKeyWorkload,False,True,0:00:00.200000,Random,0:10:00,0:10:00,0:10:00,0:10:00,0:10:00,0:20:00,False,100,0:00:01,1,1,False,20000,20000,info,0:10:00,info,36.93478640625164,29.129396,0.919226,1305.897618,50.202789300000006,60.169484649999774,132.32465,30739.494209630855,34237.0,1.0,38826.0,37775.0,38099.0,38381.0,28231.1217997653,32312.0,0.5,38357.0,36596.45000000001,37795.5,38181.5,24065.537345038592,26254.699999999997,0.2,34515.2,32951.18,34268.0,34454.6,30748.214680169407,34208.0,1.0,38826.0,37937.0,38255.0,38488.0,28243.272519906932,32348.0,0.5,38407.5,36671.5,37982.5,38245.5,24053.390916916735,26319.2,0.2,34457.6,32708.780000000006,34102.8,34373.2
1,1,50,1,0:00:05,0:00:10,0:00:05,0:00:15,0:00:20,0:00:05,KeyValueStore,0.02,8,0,BernoulliSingleKeyWorkload,False,True,0:00:00.200000,Random,0:10:00,0:10:00,0:10:00,0:10:00,0:10:00,0:20:00,False,1,0:00:01,1,1,False,20000,20000,info,0:10:00,info,0.2606435079239864,0.2510595,0.174476,52.991059,0.294797,0.31228365,0.4157745499999984,7299.976467355657,7507.0,1.0,7932.0,7884.0,7900.0,7908.0,7042.596408501888,7514.5,0.5,7903.5,7711.0,7841.4749999999985,7897.0,6265.846451933135,7438.2,0.2,7723.0,7630.0,7650.4,7717.4,7299.983602488876,7507.0,1.0,7932.0,7884.0,7900.0,7909.0,7042.601429685699,7514.5,0.5,7903.5,7711.0,7841.4749999999985,7897.0,6265.850573469715,7438.2,0.2,7723.0,7630.0,7650.4,7717.4
1,1,50,10,0:00:05,0:00:10,0:00:05,0:00:15,0:00:20,0:00:05,KeyValueStore,0.02,8,0,BernoulliSingleKeyWorkload,False,True,0:00:00.200000,Random,0:10:00,0:10:00,0:10:00,0:10:00,0:10:00,0:20:00,False,5,0:00:01,1,1,False,20000,20000,info,0:10:00,info,2.4639848445132486,0.566988,0.222565,1002.265377,0.8588336000000001,0.9418214,1.2130241999999984,4483.18508108758,3462.0,1.0,14979.0,10210.0,11873.399999999994,14313.679999999993,4420.088933311289,4200.0,0.5,8973.5,7920.4000000000015,8828.5,8934.5,3604.8142906527587,3681.4,0.2,6409.8,5555.8,5888.479999999999,6276.735999999999,4482.404220462026,3462.0,1.0,14979.0,10210.0,11873.399999999994,14313.679999999993,4419.380983872665,4198.5,0.5,8973.5,7920.4000000000015,8828.5,8934.839999999997,3604.138475643666,3680.8,0.2,6407.6,5554.76,5887.4,6274.535999999998
1,5,50,10,0:00:05,0:00:10,0:00:05,0:00:15,0:00:20,0:00:05,KeyValueStore,0.02,8,0,BernoulliSingleKeyWorkload,False,True,0:00:00.200000,Random,0:10:00,0:10:00,0:10:00,0:10:00,0:10:00,0:20:00,False,25,0:00:01,1,1,False,20000,20000,info,0:10:00,info,2.560785599633805,1.8805225,0.319918,2068.059684,2.982695500000001,3.4057587500000004,4.19738038,23234.52168045846,25771.0,1.0,27683.0,27207.0,27387.0,27602.0,21660.01297736244,24478.5,0.5,27080.5,26655.5,26739.5,27006.5,18589.938694297805,20218.6,0.2,25051.0,24665.2,24954.8,25027.0,23230.618570766157,25771.0,1.0,27687.0,27206.0,27387.0,27602.0,21657.612009261902,24476.0,0.5,27080.5,26655.0,26739.5,27006.5,18589.040801707324,20218.6,0.2,25050.0,24665.0,24954.8,25027.0
1,5,50,20,0:00:05,0:00:10,0:00:05,0:00:15,0:00:20,0:00:05,KeyValueStore,0.02,8,0,BernoulliSingleKeyWorkload,False,True,0:00:00.200000,Random,0:10:00,0:10:00,0:10:00,0:10:00,0:10:00,0:20:00,False,50,0:00:01,1,1,False,20000,20000,info,0:10:00,info,5.198035875287376,3.079241,0.378062,1065.853337,4.5233007999999995,4.911089099999999,6.017160819999996,23310.499606113124,27087.0,1.0,33569.0,32864.0,33223.0,33429.0,20239.775228856313,18911.0,0.5,32702.5,31328.0,32491.5,32630.5,16421.649102420233,17500.6,0.2,24042.8,23042.200000000004,23469.2,23840.8,23310.979289588846,27087.0,1.0,33590.0,32866.0,33224.0,33438.0,20239.912233965588,18902.5,0.5,32702.5,31329.5,32491.5,32633.0,16420.123047687644,17500.6,0.2,24042.8,23034.4,23469.0,23836.6
1,6,50,50,0:00:05,0:00:10,0:00:05,0:00:15,0:00:20,0:00:05,KeyValueStore,0.02,8,0,BernoulliSingleKeyWorkload,False,True,0:00:00.200000,Random,0:10:00,0:10:00,0:10:00,0:10:00,0:10:00,0:20:00,False,100,0:00:01,1,1,False,20000,20000,info,0:10:00,info,15.705836002204295,10.033943,0.778271,1109.642213,19.1216998,22.153424199999886,65.51310037999998,20763.246531234705,23651.0,1.0,27140.0,26628.0,26835.0,26980.0,18400.663788654216,18750.0,0.5,26960.0,25796.0,26600.5,26820.0,16426.401944573012,19357.0,0.2,21753.8,20366.6,21319.0,21406.0,20745.99256134229,23638.0,1.0,27141.0,26628.0,26835.0,26980.0,18385.12977194554,18731.0,0.5,26960.0,25795.0,26600.5,26819.5,16422.39955048398,19347.4,0.2,21753.8,20368.0,21329.6,21410.8
1,6,50,100,0:00:05,0:00:10,0:00:05,0:00:15,0:00:20,0:00:05,KeyValueStore,0.02,8,0,BernoulliSingleKeyWorkload,False,True,0:00:00.200000,Random,0:10:00,0:10:00,0:10:00,0:10:00,0:10:00,0:20:00,False,100,0:00:01,1,1,False,20000,20000,info,0:10:00,info,22.496490146701603,16.157192000000002,1.208677,1199.175162,25.553483599999996,29.332209799999987,106.09042793,27027.237635918944,30637.0,1.0,35005.0,34149.0,34583.0,34838.0,24664.971217598006,28939.5,0.5,33443.5,32573.5,33020.0,33284.0,21632.617479151726,25066.8,0.2,31689.4,31055.6,31169.729999999992,31525.945999999996,27030.371398823263,30594.0,1.0,35010.0,34149.0,34584.0,34840.0,24653.167126278153,28928.0,0.5,33443.5,32573.5,33019.5,33282.5,21615.662389128447,25061.4,0.2,31689.4,31041.0,31169.8,31525.8
1,12,50,100,0:00:05,0:00:10,0:00:05,0:00:15,0:00:20,0:00:05,KeyValueStore,0.02,8,0,BernoulliSingleKeyWorkload,False,True,0:00:00.200000,Random,0:10:00,0:10:00,0:10:00,0:10:00,0:10:00,0:20:00,False,100,0:00:01,1,1,False,20000,20000,info,0:10:00,info,38.81181801080127,29.123125,1.483075,1325.005448,43.634586,50.745821500000005,132.30811019999987,31057.82569159918,36635.0,1.0,40244.0,38793.0,39215.0,40004.0,28016.30690520976,31058.0,0.5,39160.0,38369.0,38715.0,39014.0,22725.603697923227,24061.0,0.2,34185.0,31499.8,33771.4,34107.8,31068.142707383675,36735.0,1.0,40244.0,38785.0,39213.0,40004.0,28028.942098251173,31061.0,0.5,39160.0,38453.5,38715.0,39013.649999999994,22705.802620999166,24061.0,0.2,34084.0,31492.2,33599.2,34007.06
1,1,50,1,0:00:05,0:00:10,0:00:05,0:00:15,0:00:20,0:00:05,KeyValueStore,0.1,8,0,BernoulliSingleKeyWorkload,False,True,0:00:00.200000,Random,0:10:00,0:10:00,0:10:00,0:10:00,0:10:00,0:20:00,False,1,0:00:01,1,1,False,20000,20000,info,0:10:00,info,0.265531541318578,0.251721,0.169129,53.2667,0.3015854,0.3229779499999999,0.49653783000000057,7148.603043289573,7400.0,1.0,7793.0,7716.0,7743.0,7758.0,6894.814984087375,7341.0,0.5,7743.0,7626.5,7654.0,7667.0,6145.621171024556,7268.6,0.2,7600.6,7469.0,7538.0,7597.6,7148.608196810242,7400.0,1.0,7794.0,7716.0,7743.0,7758.0,6894.817389063686,7341.0,0.5,7743.0,7626.5,7654.0,7667.0,6145.624792955047,7268.6,0.2,7600.6,7469.0,7538.0,7597.6
1,1,50,10,0:00:05,0:00:10,0:00:05,0:00:15,0:00:20,0:00:05,KeyValueStore,0.1,8,0,BernoulliSingleKeyWorkload,False,True,0:00:00.200000,Random,0:10:00,0:10:00,0:10:00,0:10:00,0:10:00,0:20:00,False,5,0:00:01,1,1,False,20000,20000,info,0:10:00,info,1.404811572298965,0.565007,0.228592,1002.348174,0.835073,0.9084715000000001,1.1103371500000006,9893.342222526908,11030.0,1.0,18095.0,16666.0,16939.0,18032.0,8495.118435936107,8711.5,0.5,15628.5,15509.0,15527.5,15564.0,7023.792616713513,6838.0,0.2,12449.2,11269.8,11853.250000000002,12320.01,9893.853028381436,11030.0,1.0,18095.0,16665.0,16939.0,18031.0,8495.693558476725,8711.5,0.5,15628.5,15509.0,15527.5,15564.0,7023.728979570849,6838.0,0.2,12449.2,11269.8,11853.250000000002,12320.01
1,5,50,10,0:00:05,0:00:10,0:00:05,0:00:15,0:00:20,0:00:05,KeyValueStore,0.1,8,0,BernoulliSingleKeyWorkload,False,True,0:00:00.200000,Random,0:10:00,0:10:00,0:10:00,0:10:00,0:10:00,0:20:00,False,25,0:00:01,1,1,False,20000,20000,info,0:10:00,info,7.137765996206782,1.899692,0.387973,1013.387113,2.7972901000000006,3.0700269499999995,4.217296500000001,11299.613519637462,10251.0,1.0,27109.0,23419.100000000006,25141.0,27038.0,8581.904963914065,9722.5,0.5,14986.0,13125.5,13530.5,14418.705000000002,6395.766894931186,6376.700000000001,0.2,11097.6,10331.6,10539.0,10859.282000000001,11291.353096676738,10237.0,1.0,27109.0,23419.100000000006,25142.0,27037.410000000003,8575.587755958375,9713.5,0.5,14986.0,13122.050000000003,13528.5,14418.705000000002,6393.085342396778,6373.0,0.2,11086.6,10327.0,10537.2,10848.282000000001
1,5,50,20,0:00:05,0:00:10,0:00:05,0:00:15,0:00:20,0:00:05,KeyValueStore,0.1,8,0,BernoulliSingleKeyWorkload,False,True,0:00:00.200000,Random,0:10:00,0:10:00,0:10:00,0:10:00,0:10:00,0:20:00,False,50,0:00:01,1,1,False,20000,20000,info,0:10:00,info,25.666124812885506,3.600093,0.848268,1057.018539,5.5106316,6.791104099999998,1004.76101822,5470.094718669073,3683.0,1.0,20299.0,13927.599999999999,17113.299999999996,19661.86,4144.809840696853,3614.5,0.5,11619.5,9032.8,10387.649999999998,11300.93,3903.897311465118,3792.8,0.2,6915.6,6269.0,6501.0,6788.172,5465.086447461352,3677.0,1.0,20299.0,13927.599999999999,17113.299999999996,19661.86,4137.940437887468,3602.0,0.5,11619.5,9032.8,10387.649999999998,11300.93,3902.636487483324,3792.8,0.2,6915.6,6269.0,6501.0,6788.172
1,6,50,50,0:00:05,0:00:10,0:00:05,0:00:15,0:00:20,0:00:05,KeyValueStore,0.1,8,0,BernoulliSingleKeyWorkload,False,True,0:00:00.200000,Random,0:10:00,0:10:00,0:10:00,0:10:00,0:10:00,0:20:00,False,100,0:00:01,1,1,False,20000,20000,info,0:10:00,info,14.171564939370747,10.258822,0.767637,1017.991936,16.200923,18.7055428,62.550469719999995,23170.767768443737,25011.0,1.0,32284.0,28907.0,30720.0,32019.0,22076.092262949856,24939.0,0.5,29948.5,27138.5,28527.0,29811.0,19869.091254513198,23078.2,0.2,27073.2,26287.799999999996,26699.519999999997,27036.4,23146.11344612217,25003.0,1.0,32282.0,28906.0,30722.0,32020.0,22061.295168808094,24937.0,0.5,29950.5,27128.100000000006,28526.0,29810.5,19856.607287755596,23076.4,0.2,27075.0,26288.200000000004,26699.4,27036.4
1,6,50,100,0:00:05,0:00:10,0:00:05,0:00:15,0:00:20,0:00:05,KeyValueStore,0.1,8,0,BernoulliSingleKeyWorkload,False,True,0:00:00.200000,Random,0:10:00,0:10:00,0:10:00,0:10:00,0:10:00,0:20:00,False,100,0:00:01,1,1,False,20000,20000,info,0:10:00,info,23.59746965743475,17.566038,2.971772,1017.834743,28.064091800000003,40.5704184,94.36262039999994,27188.694690919656,28860.0,1.0,34508.0,32770.0,33792.0,34212.0,24959.574324271747,28829.5,0.5,31147.5,30304.0,30574.0,30998.0,20410.16197454526,19998.0,0.2,29938.4,29560.0,29618.2,29882.2,27193.271025322465,28867.0,1.0,34508.0,32772.0,33793.0,34213.0,24963.683767478415,28841.0,0.5,31148.5,30307.5,30575.0,30998.5,20410.746816341467,19998.0,0.2,29938.4,29559.8,29618.2,29882.2
1,12,50,100,0:00:05,0:00:10,0:00:05,0:00:15,0:00:20,0:00:05,KeyValueStore,0.1,8,0,BernoulliSingleKeyWorkload,False,True,0:00:00.200000,Random,0:10:00,0:10:00,0:10:00,0:10:00,0:10:00,0:20:00,False,100,0:00:01,1,1,False,20000,20000,info,0:10:00,info,80.8224600774298,46.267961,0.738358,1780.484528,150.994227,235.3174675,736.202468,14194.335756498322,14027.0,1.0,26254.0,22456.0,24457.0,25825.5,12391.71911454735,12636.5,0.5,21272.0,17243.0,19486.5,20963.5,10521.127881505474,11011.0,0.2,16839.2,14889.2,15801.8,16408.300000000003,14185.339474853796,14042.0,1.0,26715.0,22076.0,24661.5,26284.5,12393.803193385287,12634.0,0.5,20766.0,17271.0,19426.75,20428.25,10518.511460895661,11024.8,0.2,17056.0,14862.2,15715.8,16625.1
2,1,50,1,0:00:05,0:00:10,0:00:05,0:00:15,0:00:20,0:00:05,KeyValueStore,0.0,8,0,BernoulliSingleKeyWorkload,False,True,0:00:00.200000,Random,0:10:00,0:10:00,0:10:00,0:10:00,0:10:00,0:20:00,False,1,0:00:01,1,1,False,20000,20000,info,0:10:00,info,0.3575113085207743,0.320963,0.24397,204.036531,0.3784062,0.4154546000000001,0.7056954000000001,5366.48435144425,5661.0,1.0,6093.0,6039.0,6047.0,6065.0,5179.191780739311,5467.5,0.5,6060.5,5982.5,6035.5,6053.0,4618.480274980401,5437.8,0.2,5795.4,5726.0,5785.6,5791.0,5366.477645781824,5661.0,1.0,6093.0,6039.0,6047.0,6065.0,5179.200198998975,5467.5,0.5,6060.5,5982.5,6035.5,6053.0,4618.483157450401,5437.8,0.2,5795.2,5726.0,5785.6,5790.8
2,1,50,10,0:00:05,0:00:10,0:00:05,0:00:15,0:00:20,0:00:05,KeyValueStore,0.0,8,0,BernoulliSingleKeyWorkload,False,True,0:00:00.200000,Random,0:10:00,0:10:00,0:10:00,0:10:00,0:10:00,0:20:00,False,5,0:00:01,1,1,False,20000,20000,info,0:10:00,info,1.114385086612994,0.966338,0.294536,1002.225118,1.424831,1.556344,1.8377354000000004,9568.256524727612,10285.0,1.0,10912.0,10839.0,10859.0,10882.0,9138.85865075098,9528.0,0.5,10869.0,10792.5,10825.5,10857.5,8187.92846108302,9577.6,0.2,10310.2,10210.0,10271.0,10304.0,9568.271973104851,10285.0,1.0,10912.0,10839.0,10860.0,10882.0,9138.859293866246,9528.0,0.5,10868.5,10792.5,10825.5,10857.5,8187.906611497132,9577.6,0.2,10310.2,10210.0,10271.0,10304.2
2,5,50,10,0:00:05,0:00:10,0:00:05,0:00:15,0:00:20,0:00:05,KeyValueStore,0.0,8,0,BernoulliSingleKeyWorkload,False,True,0:00:00.200000,Random,0:10:00,0:10:00,0:10:00,0:10:00,0:10:00,0:20:00,False,25,0:00:01,1,1,False,20000,20000,info,0:10:00,info,4.184100411737708,2.631475,0.380546,1462.637175,4.135871300000001,4.678012799999999,6.19214048,15313.171216475095,17563.0,1.0,20022.0,19779.0,19944.0,19984.0,13729.829983337324,15555.5,0.5,19630.5,18970.0,19288.324999999997,19528.0,11087.720082016283,10786.0,0.2,17614.4,17484.6,17525.0,17552.0,15313.028251716156,17565.0,1.0,20022.0,19783.0,19944.0,19984.53,13729.599285101373,15555.5,0.5,19630.5,18970.0,19288.324999999997,19528.0,11085.691371328225,10781.9,0.2,17614.4,17484.6,17525.0,17552.0
2,5,50,20,0:00:05,0:00:10,0:00:05,0:00:15,0:00:20,0:00:05,KeyValueStore,0.0,8,0,BernoulliSingleKeyWorkload,False,True,0:00:00.200000,Random,0:10:00,0:10:00,0:10:00,0:10:00,0:10:00,0:20:00,False,50,0:00:01,1,1,False,20000,20000,info,0:10:00,info,7.870343228356918,4.813473,0.72738,1004.3567,7.7289126,8.99396,49.10696150000004,16197.656045603973,18747.0,1.0,21013.0,20746.0,20857.0,20945.0,14455.470520567216,16264.5,0.5,20567.5,19979.0,20305.5,20511.5,11356.078951147669,11088.8,0.2,18459.0,18306.04,18385.2,18439.8,16195.500207601639,18751.0,1.0,21011.0,20743.0,20857.0,20945.0,14453.18998969319,16262.0,0.5,20567.5,19981.0,20305.5,20511.5,11351.575016486011,11075.2,0.2,18459.0,18306.04,18385.0,18439.8
2,6,50,50,0:00:05,0:00:10,0:00:05,0:00:15,0:00:20,0:00:05,KeyValueStore,0.0,8,0,BernoulliSingleKeyWorkload,False,True,0:00:00.200000,Random,0:10:00,0:10:00,0:10:00,0:10:00,0:10:00,0:20:00,False,100,0:00:01,1,1,False,20000,20000,info,0:10:00,info,19.661696295937826,13.271129,1.200724,1006.658026,24.206422999999997,29.819189799999993,86.88382620000189,16991.317369117856,19363.0,1.0,21590.0,20980.0,21153.0,21415.0,15445.1794903105,17840.0,0.5,20943.0,20184.5,20573.5,20744.0,12079.33531450704,12180.2,0.2,18826.2,18450.2,18701.0,18798.4,16984.966362035502,19365.0,1.0,21488.0,20984.0,21153.0,21351.0,15441.196838434085,17823.0,0.5,20943.0,20204.0,20603.0,20746.5,12072.908378428174,12180.2,0.2,18826.0,18431.8,18700.8,18798.4
2,6,50,100,0:00:05,0:00:10,0:00:05,0:00:15,0:00:20,0:00:05,KeyValueStore,0.0,8,0,BernoulliSingleKeyWorkload,False,True,0:00:00.200000,Random,0:10:00,0:10:00,0:10:00,0:10:00,0:10:00,0:20:00,False,100,0:00:01,1,1,False,20000,20000,info,0:10:00,info,36.24045048712029,24.238245499999998,1.753632,1056.739714,48.464561100000005,59.78330459999997,172.20571266000005,16720.04853253802,19628.0,1.0,22615.0,21646.0,21997.0,22274.0,15969.156392356272,17743.75,0.5,21812.0,21081.5,21401.5,21718.0,14127.290752147268,15375.0,0.2,20301.4,19558.4,19879.6,20255.8,16682.289980454607,19549.0,1.0,22615.0,21645.300000000017,21996.0,22273.0,15936.109937003092,17592.25,0.5,21812.0,21081.5,21401.0,21718.5,14106.782297012125,15372.8,0.2,20293.8,19491.6,19838.8,20250.2
2,12,50,100,0:00:05,0:00:10,0:00:05,0:00:15,0:00:20,0:00:05,KeyValueStore,0.0,8,0,BernoulliSingleKeyWorkload,False,True,0:00:00.200000,Random,0:10:00,0:10:00,0:10:00,0:10:00,0:10:00,0:20:00,False,100,0:00:01,1,1,False,20000,20000,info,0:10:00,info,57.488099341507926,41.859224,2.525231,1596.280204,75.01517959999991,100.22728659999999,811.8738243600001,21330.501134457616,23001.0,1.0,29192.0,27177.0,27672.0,28801.0,19505.49945873312,20902.0,0.5,28001.5,26505.0,27530.5,27878.0,15431.252623098879,15888.8,0.2,24506.8,23031.0,23797.6,24421.2,21339.796477359625,23007.0,1.0,29204.0,27181.0,27672.0,28800.0,19508.595612276687,20923.5,0.5,28001.5,26504.5,27530.5,27878.0,15439.215800587215,15888.8,0.2,24506.8,22897.6,23898.4,24428.4
2,1,50,1,0:00:05,0:00:10,0:00:05,0:00:15,0:00:20,0:00:05,KeyValueStore,0.02,8,0,BernoulliSingleKeyWorkload,False,True,0:00:00.200000,Random,0:10:00,0:10:00,0:10:00,0:10:00,0:10:00,0:20:00,False,1,0:00:01,1,1,False,20000,20000,info,0:10:00,info,0.34679087582550344,0.313162,0.247904,54.437783,0.371488,0.4154045,0.70565,5531.160830957994,5744.0,1.0,6193.0,6160.0,6169.0,6182.0,5352.890881045384,5661.5,0.5,6178.5,6158.0,6164.0,6172.5,4744.687098098556,5611.0,0.2,5915.6,5808.2,5832.2,5895.0,5531.166520040821,5744.0,1.0,6193.0,6160.0,6169.0,6182.0,5352.897631699335,5661.5,0.5,6178.5,6158.0,6164.0,6172.5,4744.694586573765,5611.0,0.2,5915.6,5808.2,5832.2,5895.0
2,1,50,10,0:00:05,0:00:10,0:00:05,0:00:15,0:00:20,0:00:05,KeyValueStore,0.02,8,0,BernoulliSingleKeyWorkload,False,True,0:00:00.200000,Random,0:10:00,0:10:00,0:10:00,0:10:00,0:10:00,0:20:00,False,5,0:00:01,1,1,False,20000,20000,info,0:10:00,info,1.3064079519161362,0.9815305,0.307449,1003.277806,1.4377265000000001,1.57887535,1.8514180899999975,8597.196738799146,9526.0,1.0,10842.0,10701.0,10765.0,10814.0,7985.95646385088,9281.5,0.5,10770.5,10403.0,10462.5,10760.5,7189.0175395819615,8165.1,0.2,10037.8,9929.6,10022.8,10034.0,8597.273769229536,9526.0,1.0,10842.0,10701.0,10765.0,10814.0,7985.723864675404,9281.0,0.5,10770.5,10403.0,10462.5,10760.5,7188.666842586501,8164.0,0.2,10037.8,9929.6,10022.8,10034.0
2,5,50,10,0:00:05,0:00:10,0:00:05,0:00:15,0:00:20,0:00:05,KeyValueStore,0.02,8,0,BernoulliSingleKeyWorkload,False,True,0:00:00.200000,Random,0:10:00,0:10:00,0:10:00,0:10:00,0:10:00,0:20:00,False,25,0:00:01,1,1,False,20000,20000,info,0:10:00,info,5.766368846668358,2.919045,0.551599,1054.419883,4.8536432000000005,5.582147300000001,7.715021260000001,11013.652485282932,12494.0,1.0,17973.0,17359.0,17489.0,17901.0,9601.63647982785,8386.5,0.5,17204.5,16318.100000000006,17009.5,17166.5,8039.081876931721,8895.0,0.2,13699.4,12330.040000000003,12567.4,13407.564,11013.403956989836,12495.0,1.0,17984.0,17359.0,17499.0,17905.0,9601.367505259768,8384.5,0.5,17204.5,16318.100000000006,17009.5,17166.5,8039.312195121952,8895.2,0.2,13699.4,12330.2,12567.4,13407.564
2,5,50,20,0:00:05,0:00:10,0:00:05,0:00:15,0:00:20,0:00:05,KeyValueStore,0.02,8,0,BernoulliSingleKeyWorkload,False,True,0:00:00.200000,Random,0:10:00,0:10:00,0:10:00,0:10:00,0:10:00,0:20:00,False,50,0:00:01,1,1,False,20000,20000,info,0:10:00,info,15.618967408952964,4.915815,0.885945,1057.407816,7.986235599999999,9.332040699999997,115.6895932998082,8282.744092923143,7380.0,1.0,20129.0,17175.0,18261.0,19673.0,7126.990609759645,7769.0,0.5,13747.5,10401.599999999999,11646.049999999996,13231.809999999998,5958.3063865269205,6632.6,0.2,10348.0,8311.64,9343.019999999999,10168.124,8288.674274522731,7388.0,1.0,20129.0,17176.0,18262.0,19673.619999999995,7130.371241722336,7776.0,0.5,13777.5,10411.5,11661.049999999996,13261.809999999998,5963.32877766897,6634.8,0.2,10360.0,8323.64,9355.019999999999,10180.124
2,6,50,50,0:00:05,0:00:10,0:00:05,0:00:15,0:00:20,0:00:05,KeyValueStore,0.02,8,0,BernoulliSingleKeyWorkload,False,True,0:00:00.200000,Random,0:10:00,0:10:00,0:10:00,0:10:00,0:10:00,0:20:00,False,100,0:00:01,1,1,False,20000,20000,info,0:10:00,info,31.390324142731508,13.756390499999998,1.517302,1092.07534,24.032384999999998,40.4191865,1016.87697075,12626.887802252619,15441.5,1.0,21988.0,20613.0,21443.0,21863.0,10725.396882958334,10457.5,0.5,19744.0,17875.0,18831.5,19667.0,9206.463136338576,11019.4,0.2,12471.6,12285.3,12388.0,12439.0,12621.292591036783,15441.5,1.0,21988.0,20613.0,21443.0,21863.0,10722.728796371655,10457.0,0.5,19748.0,17875.0,18831.5,19667.5,9203.684586100975,11019.2,0.2,12470.8,12284.8,12388.4,12439.0
2,6,50,100,0:00:05,0:00:10,0:00:05,0:00:15,0:00:20,0:00:05,KeyValueStore,0.02,8,0,BernoulliSingleKeyWorkload,False,True,0:00:00.200000,Random,0:10:00,0:10:00,0:10:00,0:10:00,0:10:00,0:20:00,False,100,0:00:01,1,1,False,20000,20000,info,0:10:00,info,63.14871562081443,27.7284185,2.11823,1661.541851,50.019435,70.78640200000001,1068.31339275,13112.476628084029,15482.0,1.0,21103.0,20746.0,20870.0,20974.0,10293.126568121488,10234.5,0.5,20311.5,18564.0,19840.5,20196.5,7736.2963133143785,7560.299999999999,0.2,15016.4,12084.5,13568.749999999998,14756.150000000001,13044.915715575438,15330.5,1.0,21103.0,20747.0,20871.0,20973.0,10265.349177367847,10170.5,0.5,20311.5,18564.0,19839.0,20195.0,7708.8767520515285,7560.299999999999,0.2,14915.4,11963.3,13447.550000000001,14634.95
2,12,50,100,0:00:05,0:00:10,0:00:05,0:00:15,0:00:20,0:00:05,KeyValueStore,0.02,8,0,BernoulliSingleKeyWorkload,False,True,0:00:00.200000,Random,0:10:00,0:10:00,0:10:00,0:10:00,0:10:00,0:20:00,False,100,0:00:01,1,1,False,20000,20000,info,0:10:00,info,94.9315900723324,53.775643,3.755666,1818.941194,93.9237868,153.3370062,1072.64878891,17048.645366188495,20307.0,1.0,24220.0,22896.0,23231.0,23821.0,15165.41773940033,18637.0,0.5,23154.0,21443.0,21636.0,22668.5,11126.32613656712,10307.0,0.2,21176.0,20549.54,20680.6,21113.0,16893.11855116293,20152.0,1.0,24227.0,22897.0,23230.0,23818.0,15029.27426085832,18334.0,0.5,23154.0,21443.0,21637.0,22669.0,11057.18578818567,10287.3,0.2,21095.2,20416.6,20577.4,21032.2
2,1,50,1,0:00:05,0:00:10,0:00:05,0:00:15,0:00:20,0:00:05,KeyValueStore,0.1,8,0,BernoulliSingleKeyWorkload,False,True,0:00:00.200000,Random,0:10:00,0:10:00,0:10:00,0:10:00,0:10:00,0:20:00,False,1,0:00:01,1,1,False,20000,20000,info,0:10:00,info,0.3459727188352516,0.314846,0.248624,52.884527,0.370017,0.4127481999999999,0.7044995999999999,5530.302263227529,5730.0,1.0,6241.0,6187.0,6195.0,6230.0,5332.185220527111,5657.5,0.5,6214.5,6139.5,6190.5,6208.0,4723.772059150675,5599.8,0.2,5910.4,5769.8,5810.2,5902.4,5530.294196161997,5730.0,1.0,6241.0,6187.0,6195.0,6230.0,5332.195570724397,5657.5,0.5,6214.5,6139.5,6190.5,6208.0,4723.778341860929,5599.8,0.2,5910.4,5769.8,5810.319999999998,5902.4
2,1,50,10,0:00:05,0:00:10,0:00:05,0:00:15,0:00:20,0:00:05,KeyValueStore,0.1,8,0,BernoulliSingleKeyWorkload,False,True,0:00:00.200000,Random,0:10:00,0:10:00,0:10:00,0:10:00,0:10:00,0:20:00,False,5,0:00:01,1,1,False,20000,20000,info,0:10:00,info,5.278506649156191,0.995572,0.327329,1003.722303,1.4707098000000003,1.6223581999999996,7.821987679999763,2008.9050441401255,1705.0,1.0,6198.0,4379.0,4913.0,5877.439999999999,2217.518997410862,2176.0,0.5,4770.5,3856.0,4121.5,4658.219999999999,1981.839417287956,2061.6,0.2,3486.6,2904.0,3166.0399999999995,3422.488,2008.415385095299,1705.0,1.0,6198.0,4379.0,4913.0,5877.439999999999,2217.4996100695635,2176.0,0.5,4770.5,3856.0,4121.5,4658.219999999999,1981.5691487038712,2061.0,0.2,3486.6,2904.0,3166.0399999999995,3422.488
2,5,50,10,0:00:05,0:00:10,0:00:05,0:00:15,0:00:20,0:00:05,KeyValueStore,0.1,8,0,BernoulliSingleKeyWorkload,False,True,0:00:00.200000,Random,0:10:00,0:10:00,0:10:00,0:10:00,0:10:00,0:20:00,False,25,0:00:01,1,1,False,20000,20000,info,0:10:00,info,54.84937687555641,3.123435,0.508689,1025.742706,5.309588,889.789881,1005.281159,1169.5647377588543,885.0,1.0,4179.0,2629.0,3404.0,4024.0,994.0598993613315,875.5,0.5,2539.0,2013.5,2245.5,2461.5,820.8499838720084,785.4,0.2,1584.2,1343.4,1429.2,1553.2,1162.5629959357461,880.0,1.0,4179.0,2629.0,3404.0,4024.0,989.9351654731953,871.5,0.5,2539.0,2013.5,2245.5,2461.5,817.1398490419973,779.8,0.2,1573.2,1336.8,1418.2,1542.2
2,5,50,20,0:00:05,0:00:10,0:00:05,0:00:15,0:00:20,0:00:05,KeyValueStore,0.1,8,0,BernoulliSingleKeyWorkload,False,True,0:00:00.200000,Random,0:10:00,0:10:00,0:10:00,0:10:00,0:10:00,0:20:00,False,50,0:00:01,1,1,False,20000,20000,info,0:10:00,info,342.9665176670208,8.553041,1.670815,1013.373589,1008.458094,1009.1346779999999,1009.8927084000001,331.3691032724182,248.0,1.0,836.0,649.0,717.75,811.9499999999998,277.4944751381216,280.0,0.5,490.5,438.5,465.5,483.9749999999999,266.0406714832129,250.7,0.2,518.6,424.5,471.55000000000007,509.18999999999994,324.88504037399065,244.0,1.0,836.0,639.0,717.75,811.9499999999998,270.8210794730132,270.0,0.5,490.5,438.5,465.5,483.9749999999999,263.96468338291544,250.7,0.2,518.6,424.5,471.55000000000007,509.18999999999994
2,6,50,50,0:00:05,0:00:10,0:00:05,0:00:15,0:00:20,0:00:05,KeyValueStore,0.1,8,0,BernoulliSingleKeyWorkload,False,True,0:00:00.200000,Random,0:10:00,0:10:00,0:10:00,0:10:00,0:10:00,0:20:00,False,100,0:00:01,1,1,False,20000,20000,info,0:10:00,info,380.66430288009684,27.431223,2.531075,1036.829679,1028.8271411,1031.3843623999999,1034.24917911,1191.5223402593344,788.5,1.0,4078.0,2822.0,3437.949999999999,3949.99,964.9667630057803,825.0,0.5,2237.0,1964.5,2096.0,2195.495,870.7379471957506,917.7,0.2,1822.8,1566.7799999999997,1694.7899999999997,1797.198,1190.1024839868771,789.0,1.0,4078.0,2822.0,3437.949999999999,3949.99,965.0072254335261,825.0,0.5,2237.0,1964.5,2096.0,2195.495,888.4138572098109,978.9,0.2,1822.8,1566.7799999999997,1694.7899999999997,1797.198
2,6,50,100,0:00:05,0:00:10,0:00:05,0:00:15,0:00:20,0:00:05,KeyValueStore,0.1,8,0,BernoulliSingleKeyWorkload,False,True,0:00:00.200000,Random,0:10:00,0:10:00,0:10:00,0:10:00,0:10:00,0:20:00,False,100,0:00:01,1,1,False,20000,20000,info,0:10:00,info,147.77844073884503,35.181269,3.255162,1082.058735,1027.2444169999999,1035.2431325,1055.1594121800001,7063.218973847687,5443.0,1.0,17509.0,16868.0,17197.0,17406.059999999998,5245.147664698213,4111.5,0.5,12742.5,9482.8,11112.649999999998,12416.529999999999,3400.43961960273,3038.2,0.2,7982.6,6786.32,7330.66,7852.2119999999995,7021.351407316512,5430.0,1.0,17509.0,16868.0,17198.0,17406.0,5300.445509624971,4187.0,0.5,12742.5,9533.3,11112.649999999998,12416.529999999999,3446.9799187054223,3083.2,0.2,7982.6,6907.52,7451.86,7912.012
2,12,50,100,0:00:05,0:00:10,0:00:05,0:00:15,0:00:20,0:00:05,KeyValueStore,0.1,8,0,BernoulliSingleKeyWorkload,False,True,0:00:00.200000,Random,0:10:00,0:10:00,0:10:00,0:10:00,0:10:00,0:20:00,False,100,0:00:01,1,1,False,20000,20000,info,0:10:00,info,90.32967591163657,64.152503,6.387445,1306.598972,128.5909406,186.0644053999999,728.85465964,13726.617001841621,15163.0,1.0,18978.0,17109.0,17685.79999999999,18257.0,12807.943565377533,14771.0,0.5,16820.5,15928.0,16328.5,16597.5,11324.663689625539,11640.0,0.2,15829.4,15456.52,15529.159999999998,15741.2,13735.093274401474,15165.0,1.0,18978.0,17108.0,17685.79999999999,18257.0,12800.647722529158,14771.0,0.5,16820.5,15928.0,16328.5,16597.5,11299.521931000616,11614.2,0.2,15829.0,15456.399999999998,15529.159999999998,15741.2
1,1,50,1,0:00:05,0:00:10,0:00:05,0:00:15,0:00:20,0:00:05,KeyValueStore,0.0,8,0,BernoulliSingleKeyWorkload,False,True,0:00:00.200000,Random,0:10:00,0:10:00,0:10:00,0:10:00,0:10:00,0:20:00,False,1,0:00:01,1,1,False,20000,20000,info,0:10:00,info,0.26383510027017565,0.244372,0.178097,49.680517,0.304644,0.33375259999999973,0.4896482399999999,7201.6927178235155,7590.0,1.0,7828.0,7785.0,7795.0,7809.0,6939.987177876114,7414.5,0.5,7799.5,7777.5,7781.5,7793.5,6171.304034683015,7219.8,0.2,7632.8,7550.0,7562.4,7620.4,7201.684352251614,7590.0,1.0,7828.0,7785.0,7795.0,7809.0,6939.987729896148,7414.5,0.5,7799.5,7777.5,7781.5,7793.5,6171.309001965729,7219.8,0.2,7632.8,7550.0,7562.4,7620.4
1,1,50,10,0:00:05,0:00:10,0:00:05,0:00:15,0:00:20,0:00:05,KeyValueStore,0.0,8,0,BernoulliSingleKeyWorkload,False,True,0:00:00.200000,Random,0:10:00,0:10:00,0:10:00,0:10:00,0:10:00,0:20:00,False,5,0:00:01,1,1,False,20000,20000,info,0:10:00,info,1.565794050239144,0.5518415000000001,0.233928,1002.421807,0.8200290000000001,0.9154296,1.12072342,9163.789665951117,7701.0,1.0,18646.0,18425.0,18512.0,18609.0,8482.562455278123,7549.75,0.5,18047.5,17289.950000000004,17581.0,18025.0,6201.845627612699,5612.6,0.2,11809.6,10630.0,11161.09,11597.178,9162.471886415848,7699.0,1.0,18645.0,18425.0,18512.0,18609.0,8481.946889240387,7549.0,0.5,18047.5,17289.950000000004,17581.0,18024.5,6201.881713930629,5612.6,0.2,11809.6,10630.0,11161.09,11597.178
1,5,50,10,0:00:05,0:00:10,0:00:05,0:00:15,0:00:20,0:00:05,KeyValueStore,0.0,8,0,BernoulliSingleKeyWorkload,False,True,0:00:00.200000,Random,0:10:00,0:10:00,0:10:00,0:10:00,0:10:00,0:20:00,False,25,0:00:01,1,1,False,20000,20000,info,0:10:00,info,2.4481472555226267,1.7537985,0.333517,1006.481378,2.5588573000000006,2.7836474,3.2965034099999997,25081.600094532758,28082.0,1.0,30294.0,30145.0,30182.0,30232.0,22966.86260562441,25870.5,0.5,30172.5,29474.0,29935.0,30141.0,18054.825477448427,18020.300000000003,0.2,27626.4,26819.140000000003,27362.0,27608.8,25078.772091957755,28082.0,1.0,30294.0,30145.0,30182.0,30232.0,22965.13329988923,25866.0,0.5,30172.5,29474.0,29934.5,30141.0,18054.05468575107,18019.2,0.2,27626.4,26819.140000000003,27362.0,27608.8
1,5,50,20,0:00:05,0:00:10,0:00:05,0:00:15,0:00:20,0:00:05,KeyValueStore,0.0,8,0,BernoulliSingleKeyWorkload,False,True,0:00:00.200000,Random,0:10:00,0:10:00,0:10:00,0:10:00,0:10:00,0:20:00,False,50,0:00:01,1,1,False,20000,20000,info,0:10:00,info,5.143915648610359,3.744701,0.477557,1003.350736,6.254998200000001,6.83217275,8.18812567,21127.383668141734,23409.0,1.0,26171.0,25680.0,25887.0,26056.0,20041.671185253574,23192.5,0.5,25695.5,24684.0,24810.5,25139.5,17585.097343605743,19690.2,0.2,23982.0,23771.8,23895.6,23950.8,21122.819451784406,23409.0,1.0,26171.0,25680.0,25888.0,26056.0,20038.68264779854,23191.5,0.5,25696.5,24684.0,24810.5,25140.0,17582.196938652065,19689.0,0.2,23982.0,23771.2,23895.6,23950.8
1,6,50,50,0:00:05,0:00:10,0:00:05,0:00:15,0:00:20,0:00:05,KeyValueStore,0.0,8,0,BernoulliSingleKeyWorkload,False,True,0:00:00.200000,Random,0:10:00,0:10:00,0:10:00,0:10:00,0:10:00,0:20:00,False,100,0:00:01,1,1,False,20000,20000,info,0:10:00,info,13.666270747259718,9.4581895,0.651255,1179.241323,19.1664523,21.529109850000005,59.036712429999945,23834.081975006793,26304.0,1.0,29187.0,27661.900000000023,27970.0,28678.0,22409.267618381113,25073.0,0.5,27865.0,27273.0,27349.5,27685.5,19439.067660607343,21917.8,0.2,25920.0,25421.2,25637.0,25838.4,23807.21222080484,26299.0,1.0,29187.0,27662.0,27970.0,28680.0,22390.573039580453,25068.75,0.5,27864.0,27273.5,27349.5,27683.0,19432.142401639445,21917.0,0.2,25920.0,25419.4,25636.8,25838.2
1,6,50,100,0:00:05,0:00:10,0:00:05,0:00:15,0:00:20,0:00:05,KeyValueStore,0.0,8,0,BernoulliSingleKeyWorkload,False,True,0:00:00.200000,Random,0:10:00,0:10:00,0:10:00,0:10:00,0:10:00,0:20:00,False,100,0:00:01,1,1,False,20000,20000,info,0:10:00,info,25.01624173064373,17.944490000000002,1.280078,2210.76751,35.393986800000015,41.03429204999999,90.02120678999998,24929.714903265623,27422.0,1.0,30158.0,29430.0,29629.0,29976.0,23700.027494834572,26327.5,0.5,29616.5,28564.5,28896.5,29536.0,20840.746809241413,23738.0,0.2,27441.4,27054.2,27296.0,27387.0,24881.883811414926,27419.0,1.0,30158.0,29430.0,29630.0,29976.0,23666.96142297475,26233.0,0.5,29616.5,28564.0,28896.0,29535.5,20825.682822872783,23734.2,0.2,27441.4,27020.2,27284.4,27386.0
1,12,50,100,0:00:05,0:00:10,0:00:05,0:00:15,0:00:20,0:00:05,KeyValueStore,0.0,8,0,BernoulliSingleKeyWorkload,False,True,0:00:00.200000,Random,0:10:00,0:10:00,0:10:00,0:10:00,0:10:00,0:20:00,False,100,0:00:01,1,1,False,20000,20000,info,0:10:00,info,36.20141923330346,27.4944235,0.808835,954.630145,46.3409803,55.33071269999999,152.63411249,32753.074878534448,37336.0,1.0,41619.0,40056.0,40572.0,41259.0,30184.758444842693,32476.5,0.5,40828.5,38983.5,39686.0,40562.5,24713.01646196734,25376.0,0.2,36748.8,36196.4,36448.6,36680.8,32762.245772600556,37304.0,1.0,41619.0,40056.0,40570.0,41261.0,30198.083851055355,32442.5,0.5,40828.5,38984.0,39685.0,40562.5,24722.122179609712,25376.0,0.2,36752.2,36196.2,36448.8,36680.8
1,1,50,1,0:00:05,0:00:10,0:00:05,0:00:15,0:00:20,0:00:05,KeyValueStore,0.02,8,0,BernoulliSingleKeyWorkload,False,True,0:00:00.200000,Random,0:10:00,0:10:00,0:10:00,0:10:00,0:10:00,0:20:00,False,1,0:00:01,1,1,False,20000,20000,info,0:10:00,info,0.26783065016739493,0.254439,0.179405,49.349601,0.306731,0.331109,0.4856226000000015,7064.259156548472,7504.0,1.0,7646.0,7614.0,7623.0,7635.0,6796.431140018792,7287.5,0.5,7603.0,7566.5,7582.0,7590.5,6039.759416535154,7076.8,0.2,7551.0,7352.4,7360.6,7547.6,7064.261802026984,7504.0,1.0,7646.0,7614.0,7623.0,7635.0,6796.430875470941,7287.5,0.5,7603.0,7566.5,7582.0,7590.5,6039.76002955638,7076.8,0.2,7551.0,7352.4,7360.6,7547.6
1,1,50,10,0:00:05,0:00:10,0:00:05,0:00:15,0:00:20,0:00:05,KeyValueStore,0.02,8,0,BernoulliSingleKeyWorkload,False,True,0:00:00.200000,Random,0:10:00,0:10:00,0:10:00,0:10:00,0:10:00,0:20:00,False,5,0:00:01,1,1,False,20000,20000,info,0:10:00,info,1.9064512306773453,0.5723335,0.24695,1002.373871,0.8556927000000001,0.9358260999999999,1.198400240000001,7280.414404677937,5829.5,1.0,17709.0,17218.0,17298.0,17622.0,6116.403062501422,6435.0,0.5,13946.0,9550.950000000004,11748.474999999999,13506.495000000003,4444.777615981434,4504.299999999999,0.2,7172.2,6723.180000000001,6947.4,7163.8,7278.2715410343335,5827.0,1.0,17709.0,17218.0,17298.0,17622.0,6115.107307000978,6433.25,0.5,13940.5,9545.450000000004,11742.974999999999,13500.995000000003,4444.343327796864,4503.6,0.2,7172.2,6722.4,6947.2,7163.8
1,5,50,10,0:00:05,0:00:10,0:00:05,0:00:15,0:00:20,0:00:05,KeyValueStore,0.02,8,0,BernoulliSingleKeyWorkload,False,True,0:00:00.200000,Random,0:10:00,0:10:00,0:10:00,0:10:00,0:10:00,0:20:00,False,25,0:00:01,1,1,False,20000,20000,info,0:10:00,info,3.1964021338549173,1.697205,0.27132,1004.120978,2.495628,2.713832,3.228872,20479.05605400582,22649.0,1.0,31138.0,30875.0,30969.0,31080.0,17593.821222435156,15544.0,0.5,30967.5,28538.0,30899.0,30942.0,16057.361217013491,18024.2,0.2,22814.4,22213.8,22237.8,22401.6,20479.34339102639,22651.0,1.0,31138.0,30874.0,30969.0,31080.0,17593.848242288244,15549.5,0.5,30967.5,28538.0,30899.0,30942.0,16057.83863916175,18028.6,0.2,22814.2,22213.8,22237.8,22401.6
1,5,50,20,0:00:05,0:00:10,0:00:05,0:00:15,0:00:20,0:00:05,KeyValueStore,0.02,8,0,BernoulliSingleKeyWorkload,False,True,0:00:00.200000,Random,0:10:00,0:10:00,0:10:00,0:10:00,0:10:00,0:20:00,False,50,0:00:01,1,1,False,20000,20000,info,0:10:00,info,4.731101126126969,3.112159,0.52748,1499.406181,4.668346400000001,5.1769036,6.539134760000001,25505.78678898224,29259.0,1.0,33185.0,32457.0,32994.0,33119.0,22536.9723634843,26255.5,0.5,32907.0,31093.5,31526.100000000006,32826.0,18552.3581549727,17723.8,0.2,29940.0,28779.6,29612.84,29889.0,25501.067879879633,29257.0,1.0,33184.0,32456.0,32994.0,33119.0,22533.777302409366,26250.5,0.5,32906.0,31093.20000000001,31524.5,32826.0,18549.59914492173,17721.6,0.2,29941.2,28779.6,29612.84,29889.200000000004
1,6,50,50,0:00:05,0:00:10,0:00:05,0:00:15,0:00:20,0:00:05,KeyValueStore,0.02,8,0,BernoulliSingleKeyWorkload,False,True,0:00:00.200000,Random,0:10:00,0:10:00,0:10:00,0:10:00,0:10:00,0:20:00,False,100,0:00:01,1,1,False,20000,20000,info,0:10:00,info,12.174983007462489,8.9009965,1.104411,1006.284433,14.148043,16.33829275,59.74615785000002,26773.76713269652,30077.0,1.0,34682.0,33673.0,34119.0,34497.0,24863.67073028434,28158.0,0.5,33492.0,33061.0,33175.5,33385.5,20831.78684438033,21834.4,0.2,30214.8,29121.4,29849.2,30110.0,26769.105278371513,30077.0,1.0,34682.0,33673.0,34118.0,34496.0,24860.852017842084,28152.0,0.5,33492.0,33060.5,33175.0,33385.5,20831.490305129333,21834.4,0.2,30214.8,29123.6,29849.0,30110.0
1,6,50,100,0:00:05,0:00:10,0:00:05,0:00:15,0:00:20,0:00:05,KeyValueStore,0.02,8,0,BernoulliSingleKeyWorkload,False,True,0:00:00.200000,Random,0:10:00,0:10:00,0:10:00,0:10:00,0:10:00,0:20:00,False,100,0:00:01,1,1,False,20000,20000,info,0:10:00,info,22.652060214595053,16.675913,0.89143,1008.567321,29.4511088,35.598887699999985,111.69496232,26620.292384516863,28522.0,1.0,37226.0,33664.0,35241.0,36997.0,24696.139497999073,27574.0,0.5,34003.5,33029.350000000006,33681.0,33903.0,20065.07428896076,20192.1,0.2,30093.8,28754.2,29184.6,29932.8,26617.147939020317,28522.0,1.0,37222.0,33665.0,35241.0,36996.0,24691.89061433192,27550.5,0.5,34003.5,33029.0,33681.17499999999,33903.0,20064.82763272649,20192.1,0.2,30153.4,28765.2,29262.6,29993.6
1,12,50,100,0:00:05,0:00:10,0:00:05,0:00:15,0:00:20,0:00:05,KeyValueStore,0.02,8,0,BernoulliSingleKeyWorkload,False,True,0:00:00.200000,Random,0:10:00,0:10:00,0:10:00,0:10:00,0:10:00,0:20:00,False,100,0:00:01,1,1,False,20000,20000,info,0:10:00,info,43.95430553973065,32.327263,1.21773,1212.209282,56.55312589999998,68.91470965,157.47963771999997,26043.98174484888,29541.0,1.0,35189.0,33170.0,33511.0,34680.0,23695.009518325318,26421.5,0.5,34317.5,32059.5,33029.0,34132.0,20382.729956836065,22788.9,0.2,29162.8,28641.8,28897.329999999994,29014.0,26063.165752900983,29439.0,1.0,35189.0,33191.0,33764.0,34681.0,23684.282476990524,26421.5,0.5,34317.0,32411.5,33030.0,34132.5,20358.230366215997,22754.2,0.2,28980.0,28571.4,28780.6,28911.8
1,1,50,1,0:00:05,0:00:10,0:00:05,0:00:15,0:00:20,0:00:05,KeyValueStore,0.1,8,0,BernoulliSingleKeyWorkload,False,True,0:00:00.200000,Random,0:10:00,0:10:00,0:10:00,0:10:00,0:10:00,0:20:00,False,1,0:00:01,1,1,False,20000,20000,info,0:10:00,info,0.27654693398753627,0.256808,0.176749,46.161884,0.32082859999999996,0.37175839999999993,0.6296868399999999,6862.462773407025,7110.0,1.0,7623.0,7500.0,7571.0,7598.0,6633.451620938255,7097.5,0.5,7514.5,7398.5,7463.0,7499.0,5920.555623231724,7049.4,0.2,7250.4,7224.2,7234.8,7246.6,6862.478385923357,7110.0,1.0,7623.0,7500.0,7571.0,7598.0,6633.467905516548,7097.5,0.5,7514.5,7398.5,7463.0,7499.0,5920.563043171756,7049.4,0.2,7250.4,7224.2,7234.8,7246.6
1,1,50,10,0:00:05,0:00:10,0:00:05,0:00:15,0:00:20,0:00:05,KeyValueStore,0.1,8,0,BernoulliSingleKeyWorkload,False,True,0:00:00.200000,Random,0:10:00,0:10:00,0:10:00,0:10:00,0:10:00,0:20:00,False,5,0:00:01,1,1,False,20000,20000,info,0:10:00,info,2.244245113488782,0.593262,0.24451,1002.685268,0.8844118,0.9679011999999999,1.2625429599999993,5463.79942452011,3673.0,1.0,17605.0,13813.800000000003,17546.0,17580.0,5440.113248998743,5724.5,0.5,10764.5,8750.0,8835.699999999997,10378.739999999998,3917.6854458024964,3714.0,0.2,7455.4,6581.960000000001,6975.6,7301.096,5462.643954220834,3672.0,1.0,17605.0,13813.800000000003,17546.0,17580.0,5439.342527186241,5722.5,0.5,10764.5,8750.0,8835.699999999997,10378.739999999998,3917.887156688658,3714.0,0.2,7455.4,6584.160000000001,6975.6,7301.096
1,5,50,10,0:00:05,0:00:10,0:00:05,0:00:15,0:00:20,0:00:05,KeyValueStore,0.1,8,0,BernoulliSingleKeyWorkload,False,True,0:00:00.200000,Random,0:10:00,0:10:00,0:10:00,0:10:00,0:10:00,0:20:00,False,25,0:00:01,1,1,False,20000,20000,info,0:10:00,info,6.115366757487338,1.828407,0.365165,1004.05095,2.7568824000000003,3.0685274,4.172097109999999,12059.338660198331,9929.0,1.0,28691.0,27609.0,27958.0,28629.0,9906.183577084968,9262.5,0.5,25239.0,18253.550000000003,21757.774999999994,24561.155,8443.543251765712,9237.8,0.2,14437.6,11891.6,13035.909999999996,14157.261999999999,12053.535299992865,9915.0,1.0,28691.0,27609.0,27958.0,28628.0,9903.278668759363,9255.5,0.5,25239.0,18253.550000000003,21757.774999999994,24561.155,8441.309732467718,9237.0,0.2,14437.6,11891.6,13035.909999999996,14157.261999999999
1,5,50,20,0:00:05,0:00:10,0:00:05,0:00:15,0:00:20,0:00:05,KeyValueStore,0.1,8,0,BernoulliSingleKeyWorkload,False,True,0:00:00.200000,Random,0:10:00,0:10:00,0:10:00,0:10:00,0:10:00,0:20:00,False,50,0:00:01,1,1,False,20000,20000,info,0:10:00,info,22.874836256681146,3.5809094999999997,0.607,1006.777921,5.3566857,6.28093185,1004.5771328799999,5520.2554005901675,4352.0,1.0,17787.0,11697.700000000004,14194.849999999991,17068.569999999992,4986.641069539558,4563.5,0.5,12021.0,9752.5,10589.0,11801.784999999996,4109.86003563276,3804.7,0.2,8472.0,7035.14,7753.569999999998,8328.313999999998,5513.042411335672,4320.0,1.0,17787.0,11697.700000000004,14194.849999999991,17068.569999999992,4981.517718946607,4560.75,0.5,12021.0,9752.5,10589.0,11801.784999999996,4110.709192138522,3804.7,0.2,8472.0,7035.14,7753.569999999998,8328.313999999998
1,6,50,50,0:00:05,0:00:10,0:00:05,0:00:15,0:00:20,0:00:05,KeyValueStore,0.1,8,0,BernoulliSingleKeyWorkload,False,True,0:00:00.200000,Random,0:10:00,0:10:00,0:10:00,0:10:00,0:10:00,0:20:00,False,100,0:00:01,1,1,False,20000,20000,info,0:10:00,info,16.493682602305697,9.258862,1.340454,1018.011673,13.7844686,15.837354999999999,70.5447984,21928.431555356343,25828.0,1.0,32721.0,31183.0,31947.0,32579.0,19082.747532048408,19343.5,0.5,30006.0,28470.5,29546.0,29921.5,15388.358871178845,14815.8,0.2,28081.4,25363.92,25789.6,27839.8,21927.82255849395,25832.0,1.0,32747.0,31192.0,31957.0,32626.0,19078.83875392201,19325.0,0.5,30006.0,28468.5,29546.0,29922.0,15372.584763783057,14754.6,0.2,28080.0,25312.92,25769.2,27818.652
1,6,50,100,0:00:05,0:00:10,0:00:05,0:00:15,0:00:20,0:00:05,KeyValueStore,0.1,8,0,BernoulliSingleKeyWorkload,False,True,0:00:00.200000,Random,0:10:00,0:10:00,0:10:00,0:10:00,0:10:00,0:20:00,False,100,0:00:01,1,1,False,20000,20000,info,0:10:00,info,26.230421726435925,18.626348,1.274408,1077.552562,34.266638,43.574301,100.89984849999999,23205.480383427195,24524.0,1.0,31776.0,29011.0,30191.0,31395.29999999999,21625.536232610208,24151.5,0.5,29063.0,27138.5,27271.5,28649.0,19261.531558016548,23940.2,0.2,26888.0,25766.2,26356.6,26778.4,23183.495609426493,24522.0,1.0,31776.0,28935.0,30093.0,31397.0,21598.139051052047,24143.5,0.5,29061.0,27115.0,27254.0,28648.0,19239.704635655413,23916.6,0.2,26888.0,25766.4,26356.6,26778.4
1,12,50,100,0:00:05,0:00:10,0:00:05,0:00:15,0:00:20,0:00:05,KeyValueStore,0.1,8,0,BernoulliSingleKeyWorkload,False,True,0:00:00.200000,Random,0:10:00,0:10:00,0:10:00,0:10:00,0:10:00,0:20:00,False,100,0:00:01,1,1,False,20000,20000,info,0:10:00,info,85.76808252236,50.159419,1.887866,1016.929666,162.807801,238.813208,725.7645352,13419.022254839178,13140.0,1.0,26502.0,21962.0,23711.0,25931.0,12303.420186882686,12823.0,0.5,23029.5,17479.0,19260.0,22362.850000000006,10496.133615044104,11052.0,0.2,16991.6,14809.2,15680.2,16791.0,13328.593897097662,13132.0,1.0,25711.0,21612.0,23079.0,25149.0,12242.810745053312,12824.5,0.5,22426.0,17145.0,18822.5,21757.350000000006,10471.748113176676,11050.6,0.2,16759.6,14728.4,15507.4,16568.54
2,1,50,1,0:00:05,0:00:10,0:00:05,0:00:15,0:00:20,0:00:05,KeyValueStore,0.0,8,0,BernoulliSingleKeyWorkload,False,True,0:00:00.200000,Random,0:10:00,0:10:00,0:10:00,0:10:00,0:10:00,0:20:00,False,1,0:00:01,1,1,False,20000,20000,info,0:10:00,info,0.35466297384209267,0.320529,0.250046,54.596005,0.3827615000000001,0.4324148000000001,0.7063121000000001,5413.441468682506,5714.0,1.0,6093.0,6012.0,6021.0,6071.0,5244.993454523638,5553.0,0.5,6036.5,5981.0,5994.0,6027.0,4645.57321574274,5468.4,0.2,5813.4,5715.6,5723.6,5758.8,5413.441624670027,5714.0,1.0,6093.0,6012.0,6021.0,6071.0,5244.993436525078,5553.0,0.5,6036.0,5981.0,5994.0,6027.0,4645.577053035758,5468.4,0.2,5813.4,5715.6,5723.6,5758.8
2,1,50,10,0:00:05,0:00:10,0:00:05,0:00:15,0:00:20,0:00:05,KeyValueStore,0.0,8,0,BernoulliSingleKeyWorkload,False,True,0:00:00.200000,Random,0:10:00,0:10:00,0:10:00,0:10:00,0:10:00,0:20:00,False,5,0:00:01,1,1,False,20000,20000,info,0:10:00,info,1.2133512128799047,0.979637,0.309854,606.514112,1.39126,1.516376,1.775523,9378.805245887068,9800.0,1.0,10963.0,10893.0,10917.0,10944.0,9091.920485774179,9694.5,0.5,10875.0,10643.5,10778.5,10843.0,8034.208786601582,9604.4,0.2,10362.6,10267.0,10306.4,10350.0,9378.275005370331,9800.0,1.0,10962.0,10893.0,10917.0,10944.0,9091.369634299006,9694.5,0.5,10875.0,10643.5,10778.5,10843.0,8034.0294190413415,9604.4,0.2,10362.6,10267.0,10306.4,10350.0
2,5,50,10,0:00:05,0:00:10,0:00:05,0:00:15,0:00:20,0:00:05,KeyValueStore,0.0,8,0,BernoulliSingleKeyWorkload,False,True,0:00:00.200000,Random,0:10:00,0:10:00,0:10:00,0:10:00,0:10:00,0:20:00,False,25,0:00:01,1,1,False,20000,20000,info,0:10:00,info,4.312279514559321,2.7834865,0.419916,1675.558114,4.4874084000000005,5.177897999999998,6.654065329999992,14441.197995463363,16492.0,1.0,18874.0,18330.0,18536.0,18813.0,13268.098646193639,15108.0,0.5,18545.0,17962.0,18124.0,18507.0,11199.46959940059,11966.5,0.2,16946.2,16545.8,16559.2,16913.2,14439.947674716974,16493.0,1.0,18874.0,18331.0,18537.0,18813.0,13266.244298412177,15104.0,0.5,18544.5,17962.0,18124.0,18506.5,11196.864402795884,11955.5,0.2,16944.0,16546.0,16559.0,16911.0
2,5,50,20,0:00:05,0:00:10,0:00:05,0:00:15,0:00:20,0:00:05,KeyValueStore,0.0,8,0,BernoulliSingleKeyWorkload,False,True,0:00:00.200000,Random,0:10:00,0:10:00,0:10:00,0:10:00,0:10:00,0:20:00,False,50,0:00:01,1,1,False,20000,20000,info,0:10:00,info,7.359768142471468,4.852572,0.582752,1004.059253,7.849879700000001,9.0689589,45.42514386999991,16589.13958839437,18955.0,1.0,20682.0,20415.0,20508.0,20605.0,14955.76089975707,16935.0,0.5,20433.5,19944.0,20312.5,20382.5,11665.884068387037,11115.0,0.2,18331.4,17928.0,18265.4,18311.8,16587.089453178713,18957.0,1.0,20682.0,20415.0,20511.0,20605.0,14954.06493789247,16931.5,0.5,20434.5,19945.0,20313.5,20386.5,11662.671267360316,11115.0,0.2,18329.0,17926.420000000002,18265.2,18311.8
2,6,50,50,0:00:05,0:00:10,0:00:05,0:00:15,0:00:20,0:00:05,KeyValueStore,0.0,8,0,BernoulliSingleKeyWorkload,False,True,0:00:00.200000,Random,0:10:00,0:10:00,0:10:00,0:10:00,0:10:00,0:20:00,False,100,0:00:01,1,1,False,20000,20000,info,0:10:00,info,18.63230299563606,11.868812,1.379675,1007.390594,19.809633400000003,24.216354799999998,93.9023182599999,19188.42427520817,21876.0,1.0,25004.0,24460.0,24725.0,24884.0,17250.00907635892,19355.5,0.5,23950.0,23475.5,23809.0,23872.0,12625.654678579387,12792.8,0.2,21845.8,20963.0,21084.0,21670.611999999997,19175.370732794425,21817.0,1.0,25004.0,24460.0,24725.0,24883.0,17242.573818351262,19381.0,0.5,23950.0,23475.5,23808.5,23871.5,12620.856224801959,12792.8,0.2,21845.8,20942.4,21083.4,21670.611999999997
2,6,50,100,0:00:05,0:00:10,0:00:05,0:00:15,0:00:20,0:00:05,KeyValueStore,0.0,8,0,BernoulliSingleKeyWorkload,False,True,0:00:00.200000,Random,0:10:00,0:10:00,0:10:00,0:10:00,0:10:00,0:20:00,False,100,0:00:01,1,1,False,20000,20000,info,0:10:00,info,32.79031575458016,22.137175,1.294386,1088.90075,40.8996639,54.87371164999962,158.11041264,18810.628513495118,21080.0,1.0,26718.0,25805.0,26160.0,26561.0,16918.00783841684,19591.5,0.5,25290.5,23049.0,23800.5,25130.0,14455.36409661171,14816.4,0.2,22298.0,21408.0,21597.4,22085.8,18807.570903997304,21050.0,1.0,26718.0,25805.0,26160.0,26561.0,16902.85810602641,19573.5,0.5,25290.5,23049.5,23802.0,25128.5,14446.80759337675,14809.8,0.2,22298.0,21367.4,21597.2,22085.8
2,12,50,100,0:00:05,0:00:10,0:00:05,0:00:15,0:00:20,0:00:05,KeyValueStore,0.0,8,0,BernoulliSingleKeyWorkload,False,True,0:00:00.200000,Random,0:10:00,0:10:00,0:10:00,0:10:00,0:10:00,0:20:00,False,100,0:00:01,1,1,False,20000,20000,info,0:10:00,info,60.92232867359868,44.4684805,1.708654,1012.743187,87.0542300000001,111.67232429999981,770.93761446,19329.619367261254,20855.0,1.0,25649.0,24277.0,24806.0,25288.0,17882.729675340306,19810.0,0.5,24877.5,22878.350000000006,24429.0,24755.0,14647.869621319502,15556.6,0.2,22102.2,21212.8,21782.769999999997,22066.314000000002,19349.291113978554,20940.0,1.0,25649.0,24277.0,24807.0,25289.0,17891.631503556815,19887.0,0.5,24877.5,22878.350000000006,24429.5,24755.5,14656.762944936218,15555.6,0.2,22159.2,21346.6,21916.8,22092.0
2,1,50,1,0:00:05,0:00:10,0:00:05,0:00:15,0:00:20,0:00:05,KeyValueStore,0.02,8,0,BernoulliSingleKeyWorkload,False,True,0:00:00.200000,Random,0:10:00,0:10:00,0:10:00,0:10:00,0:10:00,0:20:00,False,1,0:00:01,1,1,False,20000,20000,info,0:10:00,info,0.35371680689357826,0.3205175,0.253037,53.757626,0.37576850000000006,0.4118128999999998,0.7027710199999999,5417.2890009341545,5690.0,1.0,6074.0,6034.0,6054.0,6067.0,5243.686621236437,5571.5,0.5,6033.5,5951.0,5991.5,6029.0,4652.215571630458,5497.2,0.2,5777.2,5717.4,5724.6,5731.4,5417.276162303288,5690.0,1.0,6074.0,6034.0,6054.0,6067.0,5243.691399794007,5571.5,0.5,6033.5,5951.0,5991.5,6029.0,4652.220299887423,5497.2,0.2,5777.2,5717.4,5724.6,5731.4
2,1,50,10,0:00:05,0:00:10,0:00:05,0:00:15,0:00:20,0:00:05,KeyValueStore,0.02,8,0,BernoulliSingleKeyWorkload,False,True,0:00:00.200000,Random,0:10:00,0:10:00,0:10:00,0:10:00,0:10:00,0:20:00,False,5,0:00:01,1,1,False,20000,20000,info,0:10:00,info,1.8484602936884431,0.948342,0.301185,1003.343743,1.38652,1.51629675,1.804995499999995,6330.561308394325,6956.0,1.0,11127.0,10546.0,10713.0,11108.0,5543.801154332701,5286.5,0.5,9716.5,9460.75,9646.0,9701.5,4563.994131200867,4558.0,0.2,8185.8,6442.9,7328.25,8036.529999999999,6331.190318062709,6958.0,1.0,11127.0,10546.0,10713.0,11108.0,5544.45169196711,5286.5,0.5,9715.5,9466.25,9646.0,9701.5,4564.28973298997,4558.0,0.2,8185.8,6445.1,7330.449999999999,8038.73
2,5,50,10,0:00:05,0:00:10,0:00:05,0:00:15,0:00:20,0:00:05,KeyValueStore,0.02,8,0,BernoulliSingleKeyWorkload,False,True,0:00:00.200000,Random,0:10:00,0:10:00,0:10:00,0:10:00,0:10:00,0:20:00,False,25,0:00:01,1,1,False,20000,20000,info,0:10:00,info,5.383153699104887,2.718256,0.558066,1007.089322,4.222049600000002,4.7392522,6.726203979999993,12488.107817489325,13152.0,1.0,19603.0,19234.0,19509.0,19555.0,10191.324561740981,9764.0,0.5,18227.5,16426.0,17191.0,18193.0,8969.873696764515,9570.4,0.2,14161.0,13329.260000000004,13767.029999999999,14142.0,12484.195745008272,13152.0,1.0,19603.0,19234.0,19509.0,19555.0,10190.500528988574,9764.0,0.5,18227.5,16426.0,17191.0,18193.0,8969.413880660179,9570.2,0.2,14162.8,13329.260000000004,13768.0,14142.0
