f,num_client_procs,num_warmup_clients_per_proc,num_clients_per_proc,round_system_type,warmup_duration,warmup_timeout,warmup_sleep,duration_seconds,timeout_seconds,client_lag_seconds,state_machine,workload.conflict_rate,workload.size_mean,workload.size_std,workload.name,profiled,monitored,prometheus_scrape_interval_ms,acceptor.wait_period_ms,acceptor.wait_stagger_ms,acceptor_log_level,leader.thrifty_system,leader.resend_phase1as_timer_period_ms,leader.resend_phase2as_timer_period_ms,leader.phase2a_max_buffer_size,leader.phase2a_buffer_flush_period_ms,leader.value_chosen_max_buffer_size,leader.value_chosen_buffer_flush_period_ms,leader.election.ping_period_ms,leader.election.no_ping_timeout_min_ms,leader.election.no_ping_timeout_max_ms,leader.election.not_enough_votes_timeout_min_ms,leader.election.not_enough_votes_timeout_max_ms,leader.heartbeat.fail_period_ms,leader.heartbeat.success_period_ms,leader.heartbeat.num_retries,leader.heartbeat.network_delay_alpha,leader_log_level,client.repropose_period_ms,client_log_level,latency.mean_ms,latency.median_ms,latency.min_ms,latency.max_ms,latency.p90_ms,latency.p95_ms,latency.p99_ms,start_throughput_1s.mean,start_throughput_1s.median,start_throughput_1s.min,start_throughput_1s.max,start_throughput_1s.p90,start_throughput_1s.p95,start_throughput_1s.p99,start_throughput_2s.mean,start_throughput_2s.median,start_throughput_2s.min,start_throughput_2s.max,start_throughput_2s.p90,start_throughput_2s.p95,start_throughput_2s.p99,start_throughput_5s.mean,start_throughput_5s.median,start_throughput_5s.min,start_throughput_5s.max,start_throughput_5s.p90,start_throughput_5s.p95,start_throughput_5s.p99,stop_throughput_1s.mean,stop_throughput_1s.median,stop_throughput_1s.min,stop_throughput_1s.max,stop_throughput_1s.p90,stop_throughput_1s.p95,stop_throughput_1s.p99,stop_throughput_2s.mean,stop_throughput_2s.median,stop_throughput_2s.min,stop_throughput_2s.max,stop_throughput_2s.p90,stop_throughput_2s.p95,stop_throughput_2s.p99,stop_throughput_5s.mean,stop_throughput_5s.median,stop_throughput_5s.min,stop_throughput_5s.max,stop_throughput_5s.p90,stop_throughput_5s.p95,stop_throughput_5s.p99
1,1,50,1,RoundSystemType.CLASSIC_ROUND_ROBIN,0:00:05,0:00:10,0:00:05,15,20,5,KeyValueStore,0.0,8,0,BernoulliSingleKeyWorkload,False,True,200,0,0,info,Random,600000,600000,1,600000,1,600000,600000,1200000,1500000,1200000,1500000,600000,1200000,3,0.9,info,600000,info,0.26258524489319895,0.248078,0.20008,2.23902,0.2688316,0.31639039999999985,0.6509297599999999,7191.916658443155,7442.0,1.0,7535.0,7493.0,7502.0,7520.0,6944.850003139886,7445.0,0.5,7504.0,7473.5,7478.0,7495.5,6202.881082632841,7440.8,0.2,7467.8,7461.6,7462.6,7464.4,7191.918955045798,7442.0,1.0,7535.0,7493.0,7502.0,7520.0,6944.85166279414,7445.0,0.5,7504.0,7473.5,7478.0,7495.5,6202.882169930654,7440.8,0.2,7467.8,7461.6,7462.6,7464.4
1,1,50,10,RoundSystemType.CLASSIC_ROUND_ROBIN,0:00:05,0:00:10,0:00:05,15,20,5,KeyValueStore,0.0,8,0,BernoulliSingleKeyWorkload,False,True,200,0,0,info,Random,600000,600000,1,600000,1,600000,600000,1200000,1500000,1200000,1500000,600000,1200000,3,0.9,info,600000,info,0.5531767649858391,0.496568,0.226501,49.570426,0.860642,0.918607,1.0121326,18697.102195181546,19311.0,1.0,20715.0,19554.0,20073.0,20468.0,18041.319483397627,19297.5,0.5,20159.5,19383.5,19811.0,20144.0,16102.136895499174,19291.2,0.2,19607.8,19342.2,19352.4,19550.8,18697.171798163054,19311.0,1.0,20714.0,19555.0,20073.0,20469.0,18041.35898049148,19297.5,0.5,20160.0,19383.5,19811.5,20144.0,16102.14969630856,19291.2,0.2,19607.8,19342.2,19352.4,19550.8
1,5,50,10,RoundSystemType.CLASSIC_ROUND_ROBIN,0:00:05,0:00:10,0:00:05,15,20,5,KeyValueStore,0.0,8,0,BernoulliSingleKeyWorkload,False,True,200,0,0,info,Random,600000,600000,1,600000,1,600000,600000,1200000,1500000,1200000,1500000,600000,1200000,3,0.9,info,600000,info,2.1811392328324772,2.377074,0.243553,49.351714,2.8252466,2.8837867999999998,3.26680816,21422.28356509566,20869.0,1.0,29070.0,25823.0,28342.0,28800.0,20677.609539364043,20864.0,0.5,27448.5,25084.5,26647.5,27333.5,18533.39821078595,20850.0,0.2,24669.0,23459.4,24365.200000000004,24621.0,21423.02144390374,20868.0,1.0,29091.0,25841.600000000035,28358.0,28810.0,20678.02954736351,20863.0,0.5,27465.0,25095.0,26659.399999999994,27349.5,18533.732379974666,20849.6,0.2,24675.6,23463.8,24373.4,24627.6
1,5,50,20,RoundSystemType.CLASSIC_ROUND_ROBIN,0:00:05,0:00:10,0:00:05,15,20,5,KeyValueStore,0.0,8,0,BernoulliSingleKeyWorkload,False,True,200,0,0,info,Random,600000,600000,1,600000,1,600000,600000,1200000,1500000,1200000,1500000,600000,1200000,3,0.9,info,600000,info,4.522005596536484,4.673778,0.295482,52.285546,5.0464358,5.1835666,6.037502760000001,21674.32570683284,21811.0,1.0,24506.0,24300.0,24393.0,24457.0,20899.722751974496,21806.0,0.5,24444.5,24286.5,24348.0,24373.0,18600.67314194624,21800.2,0.2,23693.6,22934.4,23467.559999999998,23664.4,21675.194632273025,21811.0,1.0,24534.0,24320.0,24400.0,24469.0,20900.54479530469,21806.0,0.5,24476.0,24287.0,24351.5,24395.5,18601.266936598797,21800.0,0.2,23706.2,22937.2,23481.36,23675.0
1,6,50,50,RoundSystemType.CLASSIC_ROUND_ROBIN,0:00:05,0:00:10,0:00:05,15,20,5,KeyValueStore,0.0,8,0,BernoulliSingleKeyWorkload,False,True,200,0,0,info,Random,600000,600000,1,600000,1,600000,600000,1200000,1500000,1200000,1500000,600000,1200000,3,0.9,info,600000,info,12.978148756003215,13.7025835,0.774303,111.062111,15.7027215,16.2171258,17.867278390000003,21751.730907930792,21846.0,1.0,24735.0,24385.0,24508.0,24628.0,20989.436132364084,21822.5,0.5,24569.5,24057.0,24419.0,24487.5,18716.01210555401,21816.4,0.2,23816.8,23118.8,23695.0,23775.4,21754.047154063956,21844.0,1.0,24735.0,24414.0,24523.0,24637.0,20991.74263520404,21821.5,0.5,24646.0,24060.5,24441.5,24546.5,18717.709953797334,21815.4,0.2,23867.8,23125.6,23700.4,23813.4
1,6,50,100,RoundSystemType.CLASSIC_ROUND_ROBIN,0:00:05,0:00:10,0:00:05,15,20,5,KeyValueStore,0.0,8,0,BernoulliSingleKeyWorkload,False,True,200,0,0,info,Random,600000,600000,1,600000,1,600000,600000,1200000,1500000,1200000,1500000,600000,1200000,3,0.9,info,600000,info,23.3457213939697,24.777890499999998,1.247627,80.998973,30.7298105,35.422002750000004,41.27510224999999,24059.61305970342,24027.0,1.0,27293.0,27025.0,27116.0,27193.0,23231.174882283314,24007.0,0.5,27215.5,27001.0,27054.0,27097.5,20703.091547140946,23971.6,0.2,26729.4,25883.8,26502.0,26620.6,24067.155696143647,24021.0,1.0,27295.0,27045.0,27126.0,27196.0,23237.53826115272,24002.5,0.5,27199.5,27023.5,27063.0,27102.0,20708.043054586422,23966.6,0.2,26835.0,25896.8,26510.0,26717.11
1,12,50,100,RoundSystemType.CLASSIC_ROUND_ROBIN,0:00:05,0:00:10,0:00:05,15,20,5,KeyValueStore,0.0,8,0,BernoulliSingleKeyWorkload,False,True,200,0,0,info,Random,600000,600000,1,600000,1,600000,600000,1200000,1500000,1200000,1500000,600000,1200000,3,0.9,info,600000,info,46.47990882291039,46.223608,1.338766,122.566879,65.096456,68.751719,73.10433820000002,23608.296180490594,23653.0,1.0,26629.0,26193.0,26291.0,26447.0,22812.610963885993,23497.5,0.5,26413.0,25941.0,26106.0,26253.0,20434.340587060873,23435.6,0.2,26018.0,25570.8,25835.4,25958.200000000004,23610.741048385236,23592.0,1.0,26668.0,26249.0,26338.0,26478.0,22817.690098954074,23488.0,0.5,26419.5,26039.0,26199.5,26296.5,20440.95544990658,23432.2,0.2,26145.2,25586.4,25927.0,26090.4
2,1,50,1,RoundSystemType.CLASSIC_ROUND_ROBIN,0:00:05,0:00:10,0:00:05,15,20,5,KeyValueStore,0.0,8,0,BernoulliSingleKeyWorkload,False,True,200,0,0,info,Random,600000,600000,1,600000,1,600000,600000,1200000,1500000,1200000,1500000,600000,1200000,3,0.9,info,600000,info,0.2544686675984951,0.2290485,0.188571,5.272513,0.2883969,0.46334169999999986,0.6492482799999999,7412.047349078622,7657.0,1.0,7892.0,7824.0,7864.0,7882.0,7157.87571846588,7649.0,0.5,7822.5,7766.5,7780.0,7804.5,6385.488227609991,7647.0,0.2,7725.6,7693.0,7705.199999999999,7717.800000000001,7412.04458842791,7657.0,1.0,7893.0,7824.0,7864.0,7882.0,7157.872709617864,7649.0,0.5,7822.5,7766.5,7780.0,7804.5,6385.486104434458,7647.0,0.2,7725.6,7693.0,7705.0,7717.800000000001
2,1,50,10,RoundSystemType.CLASSIC_ROUND_ROBIN,0:00:05,0:00:10,0:00:05,15,20,5,KeyValueStore,0.0,8,0,BernoulliSingleKeyWorkload,False,True,200,0,0,info,Random,600000,600000,1,600000,1,600000,600000,1200000,1500000,1200000,1500000,600000,1200000,3,0.9,info,600000,info,0.7186556078374211,0.664618,0.225193,35.762248,1.041795,1.110856,1.252756,14593.876007614808,14937.0,1.0,16593.0,16026.0,16262.0,16529.0,14061.429108086979,14920.5,0.5,16311.0,15676.0,16069.5,16256.5,12515.138417233138,14916.2,0.2,15537.4,15185.2,15407.2,15493.2,14593.94374141457,14937.0,1.0,16592.0,16027.0,16262.0,16529.0,14061.501194782708,14920.5,0.5,16311.0,15676.0,16069.5,16257.5,12515.172997469092,14916.2,0.2,15537.6,15185.4,15407.2,15493.6
2,5,50,10,RoundSystemType.CLASSIC_ROUND_ROBIN,0:00:05,0:00:10,0:00:05,15,20,5,KeyValueStore,0.0,8,0,BernoulliSingleKeyWorkload,False,True,200,0,0,info,Random,600000,600000,1,600000,1,600000,600000,1200000,1500000,1200000,1500000,600000,1200000,3,0.9,info,600000,info,3.4653959663573723,3.528088,0.356074,41.82774,3.900547,3.9654565,4.6944304000000034,14935.27356735066,15751.0,1.0,15916.0,15812.0,15823.0,15844.0,14413.940303640222,15728.0,0.5,15833.5,15802.5,15811.0,15819.5,12889.83098598681,15071.4,0.2,15804.6,15785.6,15789.2,15796.0,14935.346173483382,15752.0,1.0,15947.0,15812.0,15822.0,15851.0,14413.96461047044,15728.5,0.5,15856.0,15802.0,15811.0,15821.0,12889.71908891055,15071.4,0.2,15804.6,15785.4,15789.0,15796.0
2,5,50,20,RoundSystemType.CLASSIC_ROUND_ROBIN,0:00:05,0:00:10,0:00:05,15,20,5,KeyValueStore,0.0,8,0,BernoulliSingleKeyWorkload,False,True,200,0,0,info,Random,600000,600000,1,600000,1,600000,600000,1200000,1500000,1200000,1500000,600000,1200000,3,0.9,info,600000,info,6.861878571841427,6.998627,0.646153,41.632923,7.4148128,7.771639199999999,8.813362359999998,14409.988750016371,14635.0,1.0,16394.0,15809.0,16119.0,16255.0,13897.374800822467,14629.0,0.5,16094.5,15593.0,15977.0,16053.5,12388.42431253738,14627.2,0.2,15550.6,15065.399999999998,15295.2,15463.6,14410.536659579948,14634.0,1.0,16478.0,15809.0,16136.0,16273.0,13897.913850532814,14629.0,0.5,16136.5,15594.0,15989.0,16054.5,12388.769921464023,14626.8,0.2,15569.4,15066.600000000002,15297.139999999998,15475.2
2,6,50,50,RoundSystemType.CLASSIC_ROUND_ROBIN,0:00:05,0:00:10,0:00:05,15,20,5,KeyValueStore,0.0,8,0,BernoulliSingleKeyWorkload,False,True,200,0,0,info,Random,600000,600000,1,600000,1,600000,600000,1200000,1500000,1200000,1500000,600000,1200000,3,0.9,info,600000,info,20.600446196076053,22.391817500000002,1.245226,55.394597,25.340487499999995,26.3990928,29.73727195,13932.518882928538,14116.0,1.0,15629.0,15427.0,15490.0,15566.0,13440.018350540475,14089.0,0.5,15534.5,15342.5,15436.5,15486.0,11978.183733635246,14057.2,0.2,15060.8,14694.6,14943.989999999996,15021.8,13933.232062790343,14114.0,1.0,15632.0,15431.0,15491.0,15567.0,13441.181982370543,14083.5,0.5,15536.0,15375.0,15440.0,15487.0,11979.218679857313,14056.6,0.2,15064.2,14699.0,14972.0,15028.6
2,6,50,100,RoundSystemType.CLASSIC_ROUND_ROBIN,0:00:05,0:00:10,0:00:05,15,20,5,KeyValueStore,0.0,8,0,BernoulliSingleKeyWorkload,False,True,200,0,0,info,Random,600000,600000,1,600000,1,600000,600000,1200000,1500000,1200000,1500000,600000,1200000,3,0.9,info,600000,info,37.17264003574117,36.693843,1.328091,90.101404,49.74771090000001,52.2363199,56.16079564,15312.150575850279,15562.0,1.0,17483.0,17115.0,17227.0,17369.0,14772.092825183634,15552.0,0.5,17342.0,16646.5,17084.0,17264.5,13170.576812210647,15534.6,0.2,16449.8,16040.400000000001,16287.600000000002,16407.785999999996,15314.39425294878,15556.0,1.0,17483.0,17162.0,17255.0,17375.0,14775.131296317502,15548.5,0.5,17364.0,16676.0,17174.5,17279.0,13172.481926971717,15532.4,0.2,16532.0,16050.8,16298.8,16468.0
2,12,50,100,RoundSystemType.CLASSIC_ROUND_ROBIN,0:00:05,0:00:10,0:00:05,15,20,5,KeyValueStore,0.0,8,0,BernoulliSingleKeyWorkload,False,True,200,0,0,info,Random,600000,600000,1,600000,1,600000,600000,1200000,1500000,1200000,1500000,600000,1200000,3,0.9,info,600000,info,62.431187888068145,67.443266,1.703098,161.298306,79.3948592,82.0117191,95.30567001999995,17658.869909067183,17716.0,1.0,19950.0,19502.0,19587.0,19733.0,17077.95217957171,17544.0,0.5,19607.5,19434.0,19486.0,19537.0,15307.350701913432,17480.0,0.2,19466.0,19198.6,19326.0,19408.4,17663.26494141564,17598.0,1.0,19950.0,19536.0,19608.0,19739.0,17084.112962047224,17512.5,0.5,19657.0,19470.0,19507.0,19560.0,15314.4265374102,17462.6,0.2,19482.8,19278.4,19392.0,19431.8
1,1,50,1,RoundSystemType.CLASSIC_ROUND_ROBIN,0:00:05,0:00:10,0:00:05,15,20,5,KeyValueStore,0.0,8,0,BernoulliSingleKeyWorkload,False,True,200,0,0,info,Random,600000,600000,1,600000,1,600000,600000,1200000,1500000,1200000,1500000,600000,1200000,3,0.9,info,600000,info,0.2567819490202284,0.242483,0.194342,1.282862,0.263468,0.30909050000000005,0.64696,7348.515485578148,7635.0,1.0,7712.0,7677.0,7686.0,7699.0,7102.578566342274,7638.5,0.5,7686.5,7662.5,7669.0,7681.5,6345.701481305659,7598.6,0.2,7662.0,7652.0,7654.6,7658.8,7348.523010786718,7635.0,1.0,7712.0,7677.0,7686.0,7699.0,7102.5846234318815,7638.5,0.5,7686.5,7662.5,7669.0,7681.5,6345.704946769699,7598.6,0.2,7662.0,7652.0,7654.6,7658.8
1,1,50,10,RoundSystemType.CLASSIC_ROUND_ROBIN,0:00:05,0:00:10,0:00:05,15,20,5,KeyValueStore,0.0,8,0,BernoulliSingleKeyWorkload,False,True,200,0,0,info,Random,600000,600000,1,600000,1,600000,600000,1200000,1500000,1200000,1500000,600000,1200000,3,0.9,info,600000,info,0.6005875803717037,0.546887,0.221109,48.242475,0.9090007999999999,0.9723247999999999,1.0647338,17337.383932717417,17944.0,1.0,18814.0,18022.0,18050.0,18773.0,16740.956495896997,17940.0,0.5,18037.5,18005.0,18016.5,18025.0,14958.95649663996,17952.6,0.2,17996.4,17973.4,17978.8,17987.6,17337.416013789363,17944.0,1.0,18814.0,18022.0,18050.0,18773.0,16740.95634173251,17940.0,0.5,18037.5,18005.0,18017.0,18025.0,14958.9584402269,17952.6,0.2,17996.4,17973.4,17978.8,17987.6
1,5,50,10,RoundSystemType.CLASSIC_ROUND_ROBIN,0:00:05,0:00:10,0:00:05,15,20,5,KeyValueStore,0.0,8,0,BernoulliSingleKeyWorkload,False,True,200,0,0,info,Random,600000,600000,1,600000,1,600000,600000,1200000,1500000,1200000,1500000,600000,1200000,3,0.9,info,600000,info,2.519488678090572,2.47293,0.248024,64.556964,2.8824704,2.9768285,3.42351408,20343.61106026287,20658.0,1.0,23198.0,22206.0,22812.0,23011.0,19613.899764249065,20655.5,0.5,22858.5,22100.5,22476.0,22734.5,17489.11553275089,20641.4,0.2,21883.4,21257.0,21570.4,21838.0,20343.980779364858,20658.0,1.0,23231.0,22206.0,22815.0,23034.0,19614.234977426462,20655.0,0.5,22875.5,22102.5,22476.5,22756.0,17489.313164147366,20641.4,0.2,21891.0,21258.2,21571.2,21846.8
1,5,50,20,RoundSystemType.CLASSIC_ROUND_ROBIN,0:00:05,0:00:10,0:00:05,15,20,5,KeyValueStore,0.0,8,0,BernoulliSingleKeyWorkload,False,True,200,0,0,info,Random,600000,600000,1,600000,1,600000,600000,1200000,1500000,1200000,1500000,600000,1200000,3,0.9,info,600000,info,5.135281436810033,5.269255,0.239349,50.870879,5.9417395,6.21512575,6.742642100000001,19142.079647497918,19529.0,1.0,21794.0,20889.0,21498.0,21657.0,18449.77430093209,19530.0,0.5,21581.5,20481.0,20961.5,21516.0,16468.730943963055,19530.0,0.2,20429.2,19840.2,20125.0,20379.8,19143.059579017794,19529.0,1.0,21840.0,20898.0,21500.0,21703.0,18450.564428053236,19530.0,0.5,21622.0,20481.5,20965.875,21554.0,16469.06087581091,19529.8,0.2,20446.0,19843.5,20126.8,20394.4
1,6,50,50,RoundSystemType.CLASSIC_ROUND_ROBIN,0:00:05,0:00:10,0:00:05,15,20,5,KeyValueStore,0.0,8,0,BernoulliSingleKeyWorkload,False,True,200,0,0,info,Random,600000,600000,1,600000,1,600000,600000,1200000,1500000,1200000,1500000,600000,1200000,3,0.9,info,600000,info,12.471001568160235,14.076736,0.740737,65.580043,15.829107200000003,16.5314442,18.328335380000006,22733.99529627451,22676.0,1.0,25926.0,25568.0,25635.0,25751.0,21939.935420229576,22651.0,0.5,25793.0,25259.5,25574.5,25693.0,19561.61117948858,22625.2,0.2,25102.4,24390.6,24957.8,25071.0,22737.86473574038,22673.0,1.0,26075.0,25582.0,25649.0,25855.0,21943.139806542527,22648.5,0.5,25864.5,25262.0,25591.0,25745.5,19563.908547974446,22623.8,0.2,25130.0,24399.6,24964.2,25093.6
1,6,50,100,RoundSystemType.CLASSIC_ROUND_ROBIN,0:00:05,0:00:10,0:00:05,15,20,5,KeyValueStore,0.0,8,0,BernoulliSingleKeyWorkload,False,True,200,0,0,info,Random,600000,600000,1,600000,1,600000,600000,1200000,1500000,1200000,1500000,600000,1200000,3,0.9,info,600000,info,20.748856546804557,20.878507,1.001423,105.258249,26.6684724,28.63601969999998,37.549255239999844,27110.123081662823,26937.0,1.0,30488.0,30167.0,30227.0,30314.0,26175.565549365783,26783.5,0.5,30306.0,30120.0,30184.0,30231.5,23356.87393130658,26738.2,0.2,30200.8,29567.8,29996.0,30153.2,27118.63299436483,26917.0,1.0,30772.0,30180.0,30243.0,30480.0,26182.170923123966,26781.5,0.5,30450.5,30134.0,30195.5,30307.0,23362.39160495418,26736.4,0.2,30261.4,29578.8,30024.0,30201.2
1,12,50,100,RoundSystemType.CLASSIC_ROUND_ROBIN,0:00:05,0:00:10,0:00:05,15,20,5,KeyValueStore,0.0,8,0,BernoulliSingleKeyWorkload,False,True,200,0,0,info,Random,600000,600000,1,600000,1,600000,600000,1200000,1500000,1200000,1500000,600000,1200000,3,0.9,info,600000,info,48.262947723823935,51.274569,1.265569,117.353253,60.774006,61.54869,66.8805534,22819.254640033403,23003.0,1.0,25959.0,25491.0,25646.0,25765.0,22031.469149329427,22839.0,0.5,25730.5,25260.5,25385.5,25574.5,19672.503126687076,22540.2,0.2,25162.6,24595.8,24977.4,25083.200000000004,22819.052579510186,22986.0,1.0,25929.0,25565.0,25667.0,25773.0,22035.30898540241,22836.0,0.5,25827.0,25317.5,25551.0,25657.0,19678.4164958872,22540.2,0.2,25330.0,24744.2,25023.8,25248.4
2,1,50,1,RoundSystemType.CLASSIC_ROUND_ROBIN,0:00:05,0:00:10,0:00:05,15,20,5,KeyValueStore,0.0,8,0,BernoulliSingleKeyWorkload,False,True,200,0,0,info,Random,600000,600000,1,600000,1,600000,600000,1200000,1500000,1200000,1500000,600000,1200000,3,0.9,info,600000,info,0.240722277418978,0.218825,0.189424,6.276038,0.2470447,0.43250689999999986,0.6327129899999999,7741.7356396648975,8046.0,1.0,8122.0,8094.0,8104.0,8112.0,7480.950464770869,8041.0,0.5,8104.0,8083.0,8088.5,8094.5,6679.697715363307,7978.2,0.2,8076.2,8066.8,8069.2,8074.0,7741.743408097193,8046.0,1.0,8122.0,8094.0,8104.0,8112.0,7480.954528386903,8041.0,0.5,8104.0,8083.0,8088.5,8094.5,6679.700472280631,7978.2,0.2,8076.2,8066.8,8069.2,8074.0
2,1,50,10,RoundSystemType.CLASSIC_ROUND_ROBIN,0:00:05,0:00:10,0:00:05,15,20,5,KeyValueStore,0.0,8,0,BernoulliSingleKeyWorkload,False,True,200,0,0,info,Random,600000,600000,1,600000,1,600000,600000,1200000,1500000,1200000,1500000,600000,1200000,3,0.9,info,600000,info,0.7603965217549439,0.702259,0.207869,35.213416,1.0891066,1.1488775999999998,1.2800520000000002,13824.055157910443,14187.0,1.0,15673.0,14700.0,15434.0,15648.0,13314.738201597524,14177.5,0.5,15251.5,14653.199999999997,14956.0,15239.0,11862.466049604347,14175.4,0.2,14598.2,14266.8,14461.0,14590.4,13824.123661153519,14187.0,1.0,15672.0,14701.0,15434.0,15648.0,13314.798938714986,14177.5,0.5,15251.5,14653.699999999997,14956.5,15239.0,11862.48912182862,14175.4,0.2,14598.2,14267.2,14461.2,14590.4
2,5,50,10,RoundSystemType.CLASSIC_ROUND_ROBIN,0:00:05,0:00:10,0:00:05,15,20,5,KeyValueStore,0.0,8,0,BernoulliSingleKeyWorkload,False,True,200,0,0,info,Random,600000,600000,1,600000,1,600000,600000,1200000,1500000,1200000,1500000,600000,1200000,3,0.9,info,600000,info,3.323286175611948,3.502049,0.291969,39.546996,3.6112044,3.698429999999999,4.59459306,15536.572213294257,15751.0,1.0,17667.0,17503.0,17580.0,17599.0,14979.085336728209,15749.0,0.5,17626.5,16966.0,17492.0,17585.0,13346.755819931264,15738.2,0.2,16814.2,16301.399999999998,16558.0,16728.8,15537.026408785658,15751.0,1.0,17711.0,17516.0,17580.0,17602.0,14979.521642331778,15749.0,0.5,17648.5,16969.0,17498.5,17586.0,13346.991937305447,15738.2,0.2,16823.0,16302.399999999998,16559.0,16734.4
2,5,50,20,RoundSystemType.CLASSIC_ROUND_ROBIN,0:00:05,0:00:10,0:00:05,15,20,5,KeyValueStore,0.0,8,0,BernoulliSingleKeyWorkload,False,True,200,0,0,info,Random,600000,600000,1,600000,1,600000,600000,1200000,1500000,1200000,1500000,600000,1200000,3,0.9,info,600000,info,5.966458270467153,6.111037,0.474371,41.814632,7.1631858,7.3628926,7.827468260000001,16557.815956261715,16724.0,1.0,18568.0,18469.0,18490.0,18526.0,15970.273955493709,16695.0,0.5,18518.0,18442.5,18480.5,18499.5,14218.005245248445,16675.8,0.2,18003.8,17518.0,17890.8,17955.4,16558.242514799313,16724.0,1.0,18568.0,18469.0,18490.0,18525.0,15970.836701911268,16694.5,0.5,18518.5,18447.0,18480.5,18499.5,14218.482033617343,16674.0,0.2,18020.6,17519.6,17892.2,17958.6
2,6,50,50,RoundSystemType.CLASSIC_ROUND_ROBIN,0:00:05,0:00:10,0:00:05,15,20,5,KeyValueStore,0.0,8,0,BernoulliSingleKeyWorkload,False,True,200,0,0,info,Random,600000,600000,1,600000,1,600000,600000,1200000,1500000,1200000,1500000,600000,1200000,3,0.9,info,600000,info,16.817226495382386,18.464297,0.941283,134.156987,22.7382222,22.988249800000002,23.418351819999998,17044.012147161317,17091.0,1.0,19115.0,18927.0,18962.0,19026.0,16433.208668255444,17018.5,0.5,18981.0,18870.0,18931.5,18950.5,14636.09578705013,16979.8,0.2,18676.8,18362.679999999997,18495.4,18616.0,17044.010006352655,17090.0,1.0,19114.0,18927.0,18962.0,19025.0,16434.02360581213,17018.5,0.5,18967.0,18871.5,18931.0,18950.0,14637.498553577134,16979.8,0.2,18718.8,18368.8,18499.6,18654.0
2,6,50,100,RoundSystemType.CLASSIC_ROUND_ROBIN,0:00:05,0:00:10,0:00:05,15,20,5,KeyValueStore,0.0,8,0,BernoulliSingleKeyWorkload,False,True,200,0,0,info,Random,600000,600000,1,600000,1,600000,600000,1200000,1500000,1200000,1500000,600000,1200000,3,0.9,info,600000,info,37.757472272446876,39.608381,1.46286,111.337265,47.5583793,50.41434079999999,56.87388441,15025.19381630142,15391.0,1.0,16788.0,16296.0,16645.0,16705.0,14475.569776528882,15355.5,0.5,16631.5,15959.5,16332.0,16564.0,12908.129003857539,15200.0,0.2,15762.0,15597.8,15677.0,15731.599999999999,15024.16597386186,15388.0,1.0,16802.0,16432.0,16659.0,16716.0,14476.141635629012,15355.5,0.5,16728.0,15882.150000000009,16405.0,16643.0,12907.980181071465,15200.0,0.2,15844.0,15590.0,15648.2,15787.400000000001
2,12,50,100,RoundSystemType.CLASSIC_ROUND_ROBIN,0:00:05,0:00:10,0:00:05,15,20,5,KeyValueStore,0.0,8,0,BernoulliSingleKeyWorkload,False,True,200,0,0,info,Random,600000,600000,1,600000,1,600000,600000,1200000,1500000,1200000,1500000,600000,1200000,3,0.9,info,600000,info,65.51607370582069,69.6738395,1.257058,125.000129,83.9600637,86.16721374999999,90.77061579999997,16836.433397711222,17009.0,1.0,18995.0,18569.0,18682.0,18812.0,16275.235457323224,16912.0,0.5,18778.0,18502.5,18600.5,18696.0,14569.231098123431,16813.6,0.2,18419.2,18177.8,18276.8,18355.2,16833.078150673085,16964.0,1.0,18995.0,18580.0,18685.0,18814.0,16275.94920152201,16888.5,0.5,18778.5,18509.5,18600.824999999983,18695.5,14573.665171802486,16807.2,0.2,18561.0,18193.0,18335.8,18498.4
1,1,50,1,RoundSystemType.CLASSIC_ROUND_ROBIN,0:00:05,0:00:10,0:00:05,15,20,5,KeyValueStore,0.0,8,0,BernoulliSingleKeyWorkload,False,True,200,0,0,info,Random,600000,600000,1,600000,1,600000,600000,1200000,1500000,1200000,1500000,600000,1200000,3,0.9,info,600000,info,0.25365338132572435,0.239975,0.198916,1.403858,0.2579336,0.2861467999999998,0.64279968,7445.876438600903,7719.0,1.0,7796.0,7769.0,7778.0,7785.0,7194.949771471687,7704.0,0.5,7785.0,7766.0,7774.5,7780.5,6426.592839735306,7705.4,0.2,7757.2,7750.4,7752.0,7754.6,7445.88241416095,7719.0,1.0,7796.0,7769.0,7778.0,7785.0,7194.953340329393,7704.0,0.5,7785.0,7766.0,7774.5,7780.5,6426.59427595119,7705.4,0.2,7757.2,7750.4,7752.0,7754.6
1,1,50,10,RoundSystemType.CLASSIC_ROUND_ROBIN,0:00:05,0:00:10,0:00:05,15,20,5,KeyValueStore,0.0,8,0,BernoulliSingleKeyWorkload,False,True,200,0,0,info,Random,600000,600000,1,600000,1,600000,600000,1200000,1500000,1200000,1500000,600000,1200000,3,0.9,info,600000,info,0.5936674520786135,0.525127,0.242029,223.298196,0.893632,0.9470019,1.0604042600000008,17497.052015987916,18373.0,1.0,19045.0,18622.0,18693.0,18993.0,16856.20513897331,18227.0,0.5,18611.5,18564.0,18583.5,18599.5,15015.614355970603,17616.0,0.2,18557.0,18475.2,18528.2,18550.2,17497.085852167027,18373.0,1.0,19045.0,18622.0,18693.0,18993.0,16856.201576688585,18227.0,0.5,18611.5,18564.0,18583.5,18599.5,15015.61830284946,17616.0,0.2,18557.0,18475.2,18528.2,18550.2
1,5,50,10,RoundSystemType.CLASSIC_ROUND_ROBIN,0:00:05,0:00:10,0:00:05,15,20,5,KeyValueStore,0.0,8,0,BernoulliSingleKeyWorkload,False,True,200,0,0,info,Random,600000,600000,1,600000,1,600000,600000,1200000,1500000,1200000,1500000,600000,1200000,3,0.9,info,600000,info,2.5778515262363335,2.618444,0.247061,49.410388,3.0700146000000004,3.1299772,3.64378776,20114.678564337246,19205.0,1.0,26455.0,25823.0,25950.0,26220.0,19273.641880115603,19206.0,0.5,26216.0,24762.5,25496.0,26095.5,16908.97911304836,19191.0,0.2,23580.0,21977.799999999996,22800.0,23525.4,20115.926313234937,19205.0,1.0,26485.0,25834.0,25951.0,26245.0,19274.84155296906,19205.5,0.5,26232.0,24765.5,25499.5,26109.0,16909.727088553336,19190.8,0.2,23587.6,21981.0,22803.0,23533.2
1,5,50,20,RoundSystemType.CLASSIC_ROUND_ROBIN,0:00:05,0:00:10,0:00:05,15,20,5,KeyValueStore,0.0,8,0,BernoulliSingleKeyWorkload,False,True,200,0,0,info,Random,600000,600000,1,600000,1,600000,600000,1200000,1500000,1200000,1500000,600000,1200000,3,0.9,info,600000,info,5.008172538400222,5.15723,0.302523,56.300536,5.5469593,5.658000599999999,6.602777520000002,19534.716574681144,19980.0,1.0,22164.0,21218.0,21349.0,21890.0,18843.82643388567,19978.5,0.5,21785.0,20899.5,21048.0,21651.5,16834.884936997387,19977.0,0.2,20753.2,20256.8,20421.0,20705.8,19535.374094017312,19980.0,1.0,22245.0,21226.29999999999,21356.0,21969.0,18844.371051132,19978.5,0.5,21819.5,20900.5,21051.5,21692.0,16835.11670081443,19977.0,0.2,20769.4,20258.2,20422.8,20721.2
1,6,50,50,RoundSystemType.CLASSIC_ROUND_ROBIN,0:00:05,0:00:10,0:00:05,15,20,5,KeyValueStore,0.0,8,0,BernoulliSingleKeyWorkload,False,True,200,0,0,info,Random,600000,600000,1,600000,1,600000,600000,1200000,1500000,1200000,1500000,600000,1200000,3,0.9,info,600000,info,14.260212168653274,14.9661075,0.512856,66.17815,15.6555949,16.0529235,21.187696150000015,19888.983234523213,20084.0,1.0,22412.0,22066.0,22099.0,22205.0,19187.363979031452,20035.0,0.5,22236.5,21981.0,22074.5,22137.0,17122.890169121318,20028.8,0.2,21622.8,21034.4,21528.6,21588.4,19892.629315401897,20081.0,1.0,22567.0,22077.0,22109.0,22318.0,19190.144569083874,20033.5,0.5,22313.0,22044.0,22085.5,22192.0,17124.71125748876,20027.8,0.2,21669.8,21040.0,21531.4,21626.8
1,6,50,100,RoundSystemType.CLASSIC_ROUND_ROBIN,0:00:05,0:00:10,0:00:05,15,20,5,KeyValueStore,0.0,8,0,BernoulliSingleKeyWorkload,False,True,200,0,0,info,Random,600000,600000,1,600000,1,600000,600000,1200000,1500000,1200000,1500000,600000,1200000,3,0.9,info,600000,info,20.68217635179932,22.0050295,1.298708,76.444665,27.2808246,31.5642659,36.6581365,27181.985229046175,26900.0,1.0,30843.0,30431.0,30490.0,30595.0,26241.422444459746,26799.5,0.5,30688.5,30335.0,30365.5,30459.0,23410.10589139814,26743.6,0.2,30322.6,29752.4,30167.6,30271.4,27190.63775360323,26889.0,1.0,31146.0,30459.0,30524.0,30802.0,26248.55811989351,26800.0,0.5,30840.0,30343.5,30383.5,30610.5,23415.632659047093,26739.8,0.2,30383.2,29761.6,30216.8,30314.8
1,12,50,100,RoundSystemType.CLASSIC_ROUND_ROBIN,0:00:05,0:00:10,0:00:05,15,20,5,KeyValueStore,0.0,8,0,BernoulliSingleKeyWorkload,False,True,200,0,0,info,Random,600000,600000,1,600000,1,600000,600000,1200000,1500000,1200000,1500000,600000,1200000,3,0.9,info,600000,info,47.93732098580238,52.277973,1.312355,129.456935,57.246100999999996,58.402895,64.48468635999998,22830.122778240024,23186.0,1.0,25421.0,24825.0,24985.0,25188.0,22119.729770064845,23095.5,0.5,25085.0,24762.5,24839.0,24939.5,19870.393616228852,23014.0,0.2,24697.6,24508.12000000001,24580.6,24641.8,22838.730279857893,23201.0,1.0,25421.0,24861.0,24997.0,25192.0,22126.35719059128,23083.5,0.5,25085.0,24770.0,24843.0,24941.0,19876.29429111032,22982.6,0.2,24810.4,24534.2,24615.4,24753.0
2,1,50,1,RoundSystemType.CLASSIC_ROUND_ROBIN,0:00:05,0:00:10,0:00:05,15,20,5,KeyValueStore,0.0,8,0,BernoulliSingleKeyWorkload,False,True,200,0,0,info,Random,600000,600000,1,600000,1,600000,600000,1200000,1500000,1200000,1500000,600000,1200000,3,0.9,info,600000,info,0.2437534487301112,0.2236375,0.184068,1.311918,0.24942920000000002,0.43218395,0.63637864,7758.624667132681,8044.0,1.0,8141.0,8083.0,8095.0,8114.0,7494.409801278211,8026.5,0.5,8090.5,8074.0,8078.0,8084.5,6690.847288795686,8027.6,0.2,8070.2,8049.8,8059.4,8067.199999999999,7758.628902869316,8044.0,1.0,8141.0,8083.0,8095.0,8114.0,7494.412347713202,8026.5,0.5,8090.5,8074.0,8078.0,8084.5,6690.848337327741,8027.6,0.2,8070.2,8049.8,8059.4,8067.0
2,1,50,10,RoundSystemType.CLASSIC_ROUND_ROBIN,0:00:05,0:00:10,0:00:05,15,20,5,KeyValueStore,0.0,8,0,BernoulliSingleKeyWorkload,False,True,200,0,0,info,Random,600000,600000,1,600000,1,600000,600000,1200000,1500000,1200000,1500000,600000,1200000,3,0.9,info,600000,info,0.7399352805446157,0.679382,0.225298,35.142566,1.0604995000000002,1.129085,1.2557902299999997,14115.849829522664,14563.0,1.0,15603.0,15035.0,15184.0,15576.0,13613.478150184152,14522.0,0.5,15356.0,14676.0,15047.5,15234.5,12151.33662071983,14532.0,0.2,14811.2,14630.2,14638.0,14770.8,14115.91054498049,14563.0,1.0,15603.0,15035.700000000012,15184.0,15576.0,13613.52378705831,14522.0,0.5,15356.5,14676.0,15048.0,15235.5,12151.353718593882,14532.0,0.2,14811.4,14630.2,14638.0,14771.0
2,5,50,10,RoundSystemType.CLASSIC_ROUND_ROBIN,0:00:05,0:00:10,0:00:05,15,20,5,KeyValueStore,0.0,8,0,BernoulliSingleKeyWorkload,False,True,200,0,0,info,Random,600000,600000,1,600000,1,600000,600000,1200000,1500000,1200000,1500000,600000,1200000,3,0.9,info,600000,info,3.513846854210069,3.681461,0.35055,96.648803,3.798855,3.983896,4.763216399999999,14752.277505657488,14940.0,1.0,16580.0,16333.0,16518.0,16553.0,14235.825351534259,14927.0,0.5,16324.0,16249.5,16265.5,16308.0,12682.640888771008,14921.0,0.2,16079.8,15553.6,15768.6,16015.399999999998,14752.591522965764,14940.0,1.0,16580.0,16342.0,16524.0,16554.0,14236.104416476657,14927.0,0.5,16324.0,16251.0,16265.5,16308.0,12682.886999970058,14921.0,0.2,16088.6,15554.6,15769.4,16021.0
2,5,50,20,RoundSystemType.CLASSIC_ROUND_ROBIN,0:00:05,0:00:10,0:00:05,15,20,5,KeyValueStore,0.0,8,0,BernoulliSingleKeyWorkload,False,True,200,0,0,info,Random,600000,600000,1,600000,1,600000,600000,1200000,1500000,1200000,1500000,600000,1200000,3,0.9,info,600000,info,6.351365931799147,6.456715,0.452196,99.291507,7.168321,7.691271999999998,8.266072719999997,15592.107562902815,15761.0,1.0,18226.0,17369.0,17556.0,17938.0,15033.793629408457,15754.0,0.5,17581.5,17223.5,17293.0,17439.67,13389.434896244242,15744.4,0.2,17122.8,16401.0,16665.2,17020.8,15593.103197433315,15760.0,1.0,18310.0,17372.0,17557.0,17986.0,15034.547055229865,15754.0,0.5,17620.0,17224.5,17296.0,17459.5,13389.973299024545,15744.2,0.2,17139.4,16402.8,16668.6,17034.0
2,6,50,50,RoundSystemType.CLASSIC_ROUND_ROBIN,0:00:05,0:00:10,0:00:05,15,20,5,KeyValueStore,0.0,8,0,BernoulliSingleKeyWorkload,False,True,200,0,0,info,Random,600000,600000,1,600000,1,600000,600000,1200000,1500000,1200000,1500000,600000,1200000,3,0.9,info,600000,info,16.152656534503436,17.0733465,1.26556,101.543687,18.944071,20.6568125,24.185076640000002,17811.68075498324,17802.0,1.0,20083.0,19935.0,19972.0,20015.0,17187.155978126655,17788.0,0.5,20016.0,19896.0,19949.0,19979.0,15297.820895396015,17775.8,0.2,19572.6,19111.2,19476.0,19524.0,17813.428375374846,17799.0,1.0,20083.0,19935.0,19972.0,20016.0,17189.1748791674,17787.0,0.5,20016.0,19898.0,19949.0,19979.5,15299.644238490033,17775.0,0.2,19613.4,19116.6,19477.6,19556.2
2,6,50,100,RoundSystemType.CLASSIC_ROUND_ROBIN,0:00:05,0:00:10,0:00:05,15,20,5,KeyValueStore,0.0,8,0,BernoulliSingleKeyWorkload,False,True,200,0,0,info,Random,600000,600000,1,600000,1,600000,600000,1200000,1500000,1200000,1500000,600000,1200000,3,0.9,info,600000,info,39.37191900670553,41.161137,1.321778,140.060954,54.642294199999995,59.701203099999994,66.51760216,14412.601219818587,14802.0,1.0,16064.0,15398.0,15583.0,15883.470000000001,13890.390023564678,14738.0,0.5,15655.0,15219.0,15381.5,15556.5,12413.43287445745,14662.2,0.2,15142.6,14958.6,15009.0,15092.4,14409.834640075545,14800.0,1.0,16107.0,15353.0,15640.0,15951.0,13889.252016425966,14737.5,0.5,15754.5,15173.5,15375.5,15666.0,12412.528622419366,14662.0,0.2,15091.6,14968.2,15009.069999999996,15044.6
2,12,50,100,RoundSystemType.CLASSIC_ROUND_ROBIN,0:00:05,0:00:10,0:00:05,15,20,5,KeyValueStore,0.0,8,0,BernoulliSingleKeyWorkload,False,True,200,0,0,info,Random,600000,600000,1,600000,1,600000,600000,1200000,1500000,1200000,1500000,600000,1200000,3,0.9,info,600000,info,56.38532416574815,58.0961095,1.447047,119.325184,69.8400945,71.05899235000001,73.01775549999999,19448.421501272263,19650.0,1.0,21988.0,21614.0,21715.0,21870.0,18807.481570781358,19239.5,0.5,21767.0,21453.0,21514.5,21659.5,16896.037896108734,19017.2,0.2,21541.0,21258.4,21402.0,21481.881999999994,19460.49889530193,19619.0,1.0,21988.0,21634.0,21730.0,21876.0,18818.235389126792,19069.5,0.5,21767.0,21491.0,21552.5,21674.0,16906.097804257435,18918.2,0.2,21548.4,21383.0,21473.0,21513.281999999996
