f,num_client_procs,num_warmup_clients_per_proc,num_clients_per_proc,num_leaders,num_matchmakers,num_reconfigurers,num_acceptors,num_replicas,client_jvm_heap_size,leader_jvm_heap_size,matchmaker_jvm_heap_size,reconfigurer_jvm_heap_size,acceptor_jvm_heap_size,replica_jvm_heap_size,driver_jvm_heap_size,warmup_duration,warmup_timeout,warmup_sleep,duration,timeout,client_lag,state_machine,workload.size_mean,workload.size_std,workload.name,driver_workload.name,profiled,monitored,prometheus_scrape_interval,leader_options.thrifty,leader_options.resend_match_requests_period,leader_options.resend_reconfigure_period,leader_options.resend_phase1as_period,leader_options.resend_phase2as_period,leader_options.resend_executed_watermark_requests_period,leader_options.resend_persisted_period,leader_options.resend_garbage_collects_period,leader_options.send_chosen_watermark_every_n,leader_options.stutter,leader_options.stall_during_matchmaking,leader_options.stall_during_phase1,leader_options.disable_gc,leader_options.election_options.ping_period,leader_options.election_options.no_ping_timeout_min,leader_options.election_options.no_ping_timeout_max,leader_log_level,matchmaker_options.match_request_delay,matchmaker_log_level,reconfigurer_options.resend_stops_period,reconfigurer_options.resend_bootstraps_period,reconfigurer_options.resend_match_phase1as_period,reconfigurer_options.resend_match_phase2as_period,reconfigurer_log_level,acceptor_options.phase1a_delay,acceptor_log_level,replica_options.log_grow_size,replica_options.unsafe_dont_use_client_table,replica_options.recover_log_entry_min_period,replica_options.recover_log_entry_max_period,replica_options.unsafe_dont_recover,replica_log_level,client_options.resend_client_request_period,client_options.stutter,client_log_level,driver_log_level,latency.mean_ms,latency.median_ms,latency.min_ms,latency.max_ms,latency.p90_ms,latency.p95_ms,latency.p99_ms,start_throughput_1s.mean,start_throughput_1s.median,start_throughput_1s.min,start_throughput_1s.max,start_throughput_1s.p90,start_throughput_1s.p95,start_throughput_1s.p99
1,1,1,1,2,3,2,3,3,15g,15g,15g,15g,15g,15g,15g,0:00:10,0:00:15,0:00:00,0:00:15,0:00:20,0:00:05,Noop,1,0,StringWorkload,DoNothing,False,True,0:00:00.200000,False,0:01:00,0:01:00,0:01:00,0:01:00,0:01:00,0:01:00,0:01:00,100,1000,False,False,False,0:01:00,0:02:00,0:04:00,info,0:00:00,info,0:01:00,0:01:00,0:01:00,0:01:00,info,0:00:00,info,5000,False,0:02:00,0:04:00,False,info,0:02:00,1000,info,info,0.2253402512836767,0.214155,0.171205,3.255447,0.2605151,0.27342325,0.3346664300000001,4183.35839680164,4258.0,2741.3793103448274,4393.0,4334.0,4343.0,4386.0
1,1,2,2,2,3,2,3,3,15g,15g,15g,15g,15g,15g,15g,0:00:10,0:00:15,0:00:00,0:00:15,0:00:20,0:00:05,Noop,1,0,StringWorkload,DoNothing,False,True,0:00:00.200000,False,0:01:00,0:01:00,0:01:00,0:01:00,0:01:00,0:01:00,0:01:00,100,1000,False,False,False,0:01:00,0:02:00,0:04:00,info,0:00:00,info,0:01:00,0:01:00,0:01:00,0:01:00,info,0:00:00,info,5000,False,0:02:00,0:04:00,False,info,0:02:00,1000,info,info,0.23655512333514428,0.2271045,0.158211,5.511725,0.2831907000000001,0.29982559999999997,0.36067971000000004,8051.379130090842,8119.0,4772.727272727273,8613.0,8409.0,8495.0,8583.0
1,1,3,3,2,3,2,3,3,15g,15g,15g,15g,15g,15g,15g,0:00:10,0:00:15,0:00:00,0:00:15,0:00:20,0:00:05,Noop,1,0,StringWorkload,DoNothing,False,True,0:00:00.200000,False,0:01:00,0:01:00,0:01:00,0:01:00,0:01:00,0:01:00,0:01:00,100,1000,False,False,False,0:01:00,0:02:00,0:04:00,info,0:00:00,info,0:01:00,0:01:00,0:01:00,0:01:00,info,0:00:00,info,5000,False,0:02:00,0:04:00,False,info,0:02:00,1000,info,info,0.2623510517764641,0.259091,0.170718,5.54738,0.2975052000000001,0.31413909999999995,0.36598340999999956,10881.97334683811,10909.0,5500.0,11754.0,11542.0,11597.0,11719.0
1,1,4,4,2,3,2,3,3,15g,15g,15g,15g,15g,15g,15g,0:00:10,0:00:15,0:00:00,0:00:15,0:00:20,0:00:05,Noop,1,0,StringWorkload,DoNothing,False,True,0:00:00.200000,False,0:01:00,0:01:00,0:01:00,0:01:00,0:01:00,0:01:00,0:01:00,100,1000,False,False,False,0:01:00,0:02:00,0:04:00,info,0:00:00,info,0:01:00,0:01:00,0:01:00,0:01:00,info,0:00:00,info,5000,False,0:02:00,0:04:00,False,info,0:02:00,1000,info,info,0.27597132890177833,0.269625,0.166937,7.86785,0.333665,0.35814875,0.4286199500000003,13834.632439968367,13986.0,5888.88888888889,15360.0,14786.0,14836.0,15328.0
1,1,5,5,2,3,2,3,3,15g,15g,15g,15g,15g,15g,15g,0:00:10,0:00:15,0:00:00,0:00:15,0:00:20,0:00:05,Noop,1,0,StringWorkload,DoNothing,False,True,0:00:00.200000,False,0:01:00,0:01:00,0:01:00,0:01:00,0:01:00,0:01:00,0:01:00,100,1000,False,False,False,0:01:00,0:02:00,0:04:00,info,0:00:00,info,0:01:00,0:01:00,0:01:00,0:01:00,info,0:00:00,info,5000,False,0:02:00,0:04:00,False,info,0:02:00,1000,info,info,0.3160791441311715,0.308375,0.178871,8.070285,0.3797002,0.4059867,0.46685968,15268.124443930203,15871.0,5666.666666666667,16081.0,16036.0,16049.0,16065.0
1,1,10,10,2,3,2,3,3,15g,15g,15g,15g,15g,15g,15g,0:00:10,0:00:15,0:00:00,0:00:15,0:00:20,0:00:05,Noop,1,0,StringWorkload,DoNothing,False,True,0:00:00.200000,False,0:01:00,0:01:00,0:01:00,0:01:00,0:01:00,0:01:00,0:01:00,100,1000,False,False,False,0:01:00,0:02:00,0:04:00,info,0:00:00,info,0:01:00,0:01:00,0:01:00,0:01:00,info,0:00:00,info,5000,False,0:02:00,0:04:00,False,info,0:02:00,1000,info,info,0.5468619825464118,0.53387,0.19793,7.290554,0.6589058,0.7032772,0.8232508399999985,17776.78388921662,18240.0,4590.909090909091,18909.0,18805.0,18843.0,18886.0
1,1,25,25,2,3,2,3,3,15g,15g,15g,15g,15g,15g,15g,0:00:10,0:00:15,0:00:00,0:00:15,0:00:20,0:00:05,Noop,1,0,StringWorkload,DoNothing,False,True,0:00:00.200000,False,0:01:00,0:01:00,0:01:00,0:01:00,0:01:00,0:01:00,0:01:00,100,1000,False,False,False,0:01:00,0:02:00,0:04:00,info,0:00:00,info,0:01:00,0:01:00,0:01:00,0:01:00,info,0:00:00,info,5000,False,0:02:00,0:04:00,False,info,0:02:00,1000,info,info,1.2588095424239325,1.1915265000000002,0.171655,12.371561,1.6462455000000003,1.7600534499999998,2.1408020799999994,19684.118798145664,18519.0,7200.0,23812.0,23617.0,23660.0,23743.0
1,1,50,50,2,3,2,3,3,15g,15g,15g,15g,15g,15g,15g,0:00:10,0:00:15,0:00:00,0:00:15,0:00:20,0:00:05,Noop,1,0,StringWorkload,DoNothing,False,True,0:00:00.200000,False,0:01:00,0:01:00,0:01:00,0:01:00,0:01:00,0:01:00,0:01:00,100,1000,False,False,False,0:01:00,0:02:00,0:04:00,info,0:00:00,info,0:01:00,0:01:00,0:01:00,0:01:00,info,0:00:00,info,5000,False,0:02:00,0:04:00,False,info,0:02:00,1000,info,info,2.4645056526841453,2.379713,0.36978,13.4817,3.088653,3.3794015,4.169527699999995,20113.365036761254,20788.0,8222.222222222223,22358.0,21775.0,22235.0,22313.0
1,1,75,75,2,3,2,3,3,15g,15g,15g,15g,15g,15g,15g,0:00:10,0:00:15,0:00:00,0:00:15,0:00:20,0:00:05,Noop,1,0,StringWorkload,DoNothing,False,True,0:00:00.200000,False,0:01:00,0:01:00,0:01:00,0:01:00,0:01:00,0:01:00,0:01:00,100,1000,False,False,False,0:01:00,0:02:00,0:04:00,info,0:00:00,info,0:01:00,0:01:00,0:01:00,0:01:00,info,0:00:00,info,5000,False,0:02:00,0:04:00,False,info,0:02:00,1000,info,info,3.4941842817868665,3.4288375,1.042678,18.087013,4.5531152,4.970024249999998,5.548313709999993,21290.977720076764,20662.0,7909.09090909091,24411.0,24304.0,24333.0,24363.0
1,1,100,100,2,3,2,3,3,15g,15g,15g,15g,15g,15g,15g,0:00:10,0:00:15,0:00:00,0:00:15,0:00:20,0:00:05,Noop,1,0,StringWorkload,DoNothing,False,True,0:00:00.200000,False,0:01:00,0:01:00,0:01:00,0:01:00,0:01:00,0:01:00,0:01:00,100,1000,False,False,False,0:01:00,0:02:00,0:04:00,info,0:00:00,info,0:01:00,0:01:00,0:01:00,0:01:00,info,0:00:00,info,5000,False,0:02:00,0:04:00,False,info,0:02:00,1000,info,info,4.169783451142854,3.790188,0.531707,37.148871,5.319570000000001,5.7970749999999995,7.646612600000001,23774.37558744811,25559.0,8708.333333333334,28190.0,27323.0,27386.0,28140.0
1,2,100,100,2,3,2,3,3,15g,15g,15g,15g,15g,15g,15g,0:00:10,0:00:15,0:00:00,0:00:15,0:00:20,0:00:05,Noop,1,0,StringWorkload,DoNothing,False,True,0:00:00.200000,False,0:01:00,0:01:00,0:01:00,0:01:00,0:01:00,0:01:00,0:01:00,100,1000,False,False,False,0:01:00,0:02:00,0:04:00,info,0:00:00,info,0:01:00,0:01:00,0:01:00,0:01:00,info,0:00:00,info,5000,False,0:02:00,0:04:00,False,info,0:02:00,1000,info,info,8.414530518140007,7.8017565,1.503042,39.826508,15.026080100000003,15.35094105,17.464817009999997,18013.35829921263,19188.0,6501.0,22489.0,21871.0,22300.0,22372.0
1,3,100,100,2,3,2,3,3,15g,15g,15g,15g,15g,15g,15g,0:00:10,0:00:15,0:00:00,0:00:15,0:00:20,0:00:05,Noop,1,0,StringWorkload,DoNothing,False,True,0:00:00.200000,False,0:01:00,0:01:00,0:01:00,0:01:00,0:01:00,0:01:00,0:01:00,100,1000,False,False,False,0:01:00,0:02:00,0:04:00,info,0:00:00,info,0:01:00,0:01:00,0:01:00,0:01:00,info,0:00:00,info,5000,False,0:02:00,0:04:00,False,info,0:02:00,1000,info,info,10.290747911566916,11.709265,0.546159,123.366584,16.366615799999998,16.5533996,17.656924160000003,21493.360482399985,23842.0,6573.770491803279,25800.0,25435.0,25519.0,25669.0
1,4,100,100,2,3,2,3,3,15g,15g,15g,15g,15g,15g,15g,0:00:10,0:00:15,0:00:00,0:00:15,0:00:20,0:00:05,Noop,1,0,StringWorkload,DoNothing,False,True,0:00:00.200000,False,0:01:00,0:01:00,0:01:00,0:01:00,0:01:00,0:01:00,0:01:00,100,1000,False,False,False,0:01:00,0:02:00,0:04:00,info,0:00:00,info,0:01:00,0:01:00,0:01:00,0:01:00,info,0:00:00,info,5000,False,0:02:00,0:04:00,False,info,0:02:00,1000,info,info,14.232041501416171,17.257664,3.102143,60.282532,20.123820799999997,21.93069119999999,25.264851800000002,20162.527188172662,21551.0,5016.666666666667,23398.0,23136.0,23198.0,23274.0
1,5,100,100,2,3,2,3,3,15g,15g,15g,15g,15g,15g,15g,0:00:10,0:00:15,0:00:00,0:00:15,0:00:20,0:00:05,Noop,1,0,StringWorkload,DoNothing,False,True,0:00:00.200000,False,0:01:00,0:01:00,0:01:00,0:01:00,0:01:00,0:01:00,0:01:00,100,1000,False,False,False,0:01:00,0:02:00,0:04:00,info,0:00:00,info,0:01:00,0:01:00,0:01:00,0:01:00,info,0:00:00,info,5000,False,0:02:00,0:04:00,False,info,0:02:00,1000,info,info,17.725475844918304,22.604779,3.179228,69.272166,24.3502025,29.586246000000003,31.297509500000004,19955.42714054426,20795.0,3294.1176470588234,24410.0,22673.0,23272.0,24188.0
1,1,1,1,2,3,2,3,3,15g,15g,15g,15g,15g,15g,15g,0:00:10,0:00:15,0:00:00,0:00:15,0:00:20,0:00:05,Noop,1,0,StringWorkload,DoNothing,False,True,0:00:00.200000,False,0:01:00,0:01:00,0:01:00,0:01:00,0:01:00,0:01:00,0:01:00,100,1000,False,False,False,0:01:00,0:02:00,0:04:00,info,0:00:00,info,0:01:00,0:01:00,0:01:00,0:01:00,info,0:00:00,info,5000,False,0:02:00,0:04:00,False,info,0:02:00,1000,info,info,0.22080675127922295,0.210785,0.167682,3.351767,0.2545611,0.26716914999999997,0.32339277999999994,4331.148859501358,4412.0,2829.7872340425533,4486.0,4452.0,4466.0,4481.0
1,1,2,2,2,3,2,3,3,15g,15g,15g,15g,15g,15g,15g,0:00:10,0:00:15,0:00:00,0:00:15,0:00:20,0:00:05,Noop,1,0,StringWorkload,DoNothing,False,True,0:00:00.200000,False,0:01:00,0:01:00,0:01:00,0:01:00,0:01:00,0:01:00,0:01:00,100,1000,False,False,False,0:01:00,0:02:00,0:04:00,info,0:00:00,info,0:01:00,0:01:00,0:01:00,0:01:00,info,0:00:00,info,5000,False,0:02:00,0:04:00,False,info,0:02:00,1000,info,info,0.24140049154697468,0.231678,0.167782,9.4775,0.2911064,0.3112865999999999,0.3868354600000001,7918.013097915211,8012.0,4333.333333333333,8352.0,8202.0,8223.0,8270.0
1,1,3,3,2,3,2,3,3,15g,15g,15g,15g,15g,15g,15g,0:00:10,0:00:15,0:00:00,0:00:15,0:00:20,0:00:05,Noop,1,0,StringWorkload,DoNothing,False,True,0:00:00.200000,False,0:01:00,0:01:00,0:01:00,0:01:00,0:01:00,0:01:00,0:01:00,100,1000,False,False,False,0:01:00,0:02:00,0:04:00,info,0:00:00,info,0:01:00,0:01:00,0:01:00,0:01:00,info,0:00:00,info,5000,False,0:02:00,0:04:00,False,info,0:02:00,1000,info,info,0.2706773508399904,0.265681,0.172284,6.325067,0.3102686,0.32777304999999995,0.37830615,10473.537946945684,10646.0,5611.111111111111,11339.0,11201.0,11259.0,11328.0
1,1,4,4,2,3,2,3,3,15g,15g,15g,15g,15g,15g,15g,0:00:10,0:00:15,0:00:00,0:00:15,0:00:20,0:00:05,Noop,1,0,StringWorkload,DoNothing,False,True,0:00:00.200000,False,0:01:00,0:01:00,0:01:00,0:01:00,0:01:00,0:01:00,0:01:00,100,1000,False,False,False,0:01:00,0:02:00,0:04:00,info,0:00:00,info,0:01:00,0:01:00,0:01:00,0:01:00,info,0:00:00,info,5000,False,0:02:00,0:04:00,False,info,0:02:00,1000,info,info,0.2807757857243432,0.271901,0.165105,39.481509,0.3385604000000001,0.36958509999999994,0.45725513999999967,13687.936030729612,14011.0,5611.111111111111,14745.0,14546.0,14629.0,14696.0
1,1,5,5,2,3,2,3,3,15g,15g,15g,15g,15g,15g,15g,0:00:10,0:00:15,0:00:00,0:00:15,0:00:20,0:00:05,Noop,1,0,StringWorkload,DoNothing,False,True,0:00:00.200000,False,0:01:00,0:01:00,0:01:00,0:01:00,0:01:00,0:01:00,0:01:00,100,1000,False,False,False,0:01:00,0:02:00,0:04:00,info,0:00:00,info,0:01:00,0:01:00,0:01:00,0:01:00,info,0:00:00,info,5000,False,0:02:00,0:04:00,False,info,0:02:00,1000,info,info,0.3394683801987126,0.332277,0.171215,6.530711,0.4094295,0.4376460999999999,0.5139165999999995,14245.343045901789,14406.0,6117.647058823529,16849.0,15312.0,16381.0,16754.0
1,1,10,10,2,3,2,3,3,15g,15g,15g,15g,15g,15g,15g,0:00:10,0:00:15,0:00:00,0:00:15,0:00:20,0:00:05,Noop,1,0,StringWorkload,DoNothing,False,True,0:00:00.200000,False,0:01:00,0:01:00,0:01:00,0:01:00,0:01:00,0:01:00,0:01:00,100,1000,False,False,False,0:01:00,0:02:00,0:04:00,info,0:00:00,info,0:01:00,0:01:00,0:01:00,0:01:00,info,0:00:00,info,5000,False,0:02:00,0:04:00,False,info,0:02:00,1000,info,info,0.5473105356571664,0.52422,0.190404,9.435096,0.7087712000000002,0.7691821999999999,0.8906266599999987,18132.125014652927,19076.0,6588.235294117647,21141.0,21064.0,21079.0,21108.0
1,1,25,25,2,3,2,3,3,15g,15g,15g,15g,15g,15g,15g,0:00:10,0:00:15,0:00:00,0:00:15,0:00:20,0:00:05,Noop,1,0,StringWorkload,DoNothing,False,True,0:00:00.200000,False,0:01:00,0:01:00,0:01:00,0:01:00,0:01:00,0:01:00,0:01:00,100,1000,False,False,False,0:01:00,0:02:00,0:04:00,info,0:00:00,info,0:01:00,0:01:00,0:01:00,0:01:00,info,0:00:00,info,5000,False,0:02:00,0:04:00,False,info,0:02:00,1000,info,info,1.1270001358921318,1.075106,0.20326,11.453083,1.4442142,1.6003603999999996,2.06695344,21922.0737739127,22635.0,7437.5,24488.0,24384.0,24402.0,24457.0
1,1,50,50,2,3,2,3,3,15g,15g,15g,15g,15g,15g,15g,0:00:10,0:00:15,0:00:00,0:00:15,0:00:20,0:00:05,Noop,1,0,StringWorkload,DoNothing,False,True,0:00:00.200000,False,0:01:00,0:01:00,0:01:00,0:01:00,0:01:00,0:01:00,0:01:00,100,1000,False,False,False,0:01:00,0:02:00,0:04:00,info,0:00:00,info,0:01:00,0:01:00,0:01:00,0:01:00,info,0:00:00,info,5000,False,0:02:00,0:04:00,False,info,0:02:00,1000,info,info,2.2945976483636037,2.28333,0.218685,41.508915,2.9306266,3.5199743999999997,3.8048408000000014,21648.8032214948,23168.0,8357.142857142857,25304.0,25063.0,25110.0,25209.0
1,1,75,75,2,3,2,3,3,15g,15g,15g,15g,15g,15g,15g,0:00:10,0:00:15,0:00:00,0:00:15,0:00:20,0:00:05,Noop,1,0,StringWorkload,DoNothing,False,True,0:00:00.200000,False,0:01:00,0:01:00,0:01:00,0:01:00,0:01:00,0:01:00,0:01:00,100,1000,False,False,False,0:01:00,0:02:00,0:04:00,info,0:00:00,info,0:01:00,0:01:00,0:01:00,0:01:00,info,0:00:00,info,5000,False,0:02:00,0:04:00,False,info,0:02:00,1000,info,info,4.321098710255985,4.394713,0.606358,14.681977,5.0654784,6.3005096,6.55604012,17097.682794992113,16275.0,9500.0,24594.0,18943.0,20144.0,24265.0
1,1,100,100,2,3,2,3,3,15g,15g,15g,15g,15g,15g,15g,0:00:10,0:00:15,0:00:00,0:00:15,0:00:20,0:00:05,Noop,1,0,StringWorkload,DoNothing,False,True,0:00:00.200000,False,0:01:00,0:01:00,0:01:00,0:01:00,0:01:00,0:01:00,0:01:00,100,1000,False,False,False,0:01:00,0:02:00,0:04:00,info,0:00:00,info,0:01:00,0:01:00,0:01:00,0:01:00,info,0:00:00,info,5000,False,0:02:00,0:04:00,False,info,0:02:00,1000,info,info,4.765890751436742,4.609454,1.264406,20.964253,6.217752399999999,6.716259399999999,7.246384240000001,20715.035317050828,20580.0,8833.333333333334,25250.0,23202.0,23255.0,23292.0
1,2,100,100,2,3,2,3,3,15g,15g,15g,15g,15g,15g,15g,0:00:10,0:00:15,0:00:00,0:00:15,0:00:20,0:00:05,Noop,1,0,StringWorkload,DoNothing,False,True,0:00:00.200000,False,0:01:00,0:01:00,0:01:00,0:01:00,0:01:00,0:01:00,0:01:00,100,1000,False,False,False,0:01:00,0:02:00,0:04:00,info,0:00:00,info,0:01:00,0:01:00,0:01:00,0:01:00,info,0:00:00,info,5000,False,0:02:00,0:04:00,False,info,0:02:00,1000,info,info,8.472768473177014,8.458265,2.541311,48.68159,10.6594068,11.51431239999999,15.681397560000004,23301.611930472965,23463.0,7483.870967741936,26659.0,26462.0,26504.0,26563.0
1,3,100,100,2,3,2,3,3,15g,15g,15g,15g,15g,15g,15g,0:00:10,0:00:15,0:00:00,0:00:15,0:00:20,0:00:05,Noop,1,0,StringWorkload,DoNothing,False,True,0:00:00.200000,False,0:01:00,0:01:00,0:01:00,0:01:00,0:01:00,0:01:00,0:01:00,100,1000,False,False,False,0:01:00,0:02:00,0:04:00,info,0:00:00,info,0:01:00,0:01:00,0:01:00,0:01:00,info,0:00:00,info,5000,False,0:02:00,0:04:00,False,info,0:02:00,1000,info,info,15.233181847897717,15.113809,2.483188,61.046432,18.352642000000003,20.16433455,23.809568380000005,19564.76824488189,19563.0,5136.363636363637,22996.0,22540.0,22673.0,22873.0
1,4,100,100,2,3,2,3,3,15g,15g,15g,15g,15g,15g,15g,0:00:10,0:00:15,0:00:00,0:00:15,0:00:20,0:00:05,Noop,1,0,StringWorkload,DoNothing,False,True,0:00:00.200000,False,0:01:00,0:01:00,0:01:00,0:01:00,0:01:00,0:01:00,0:01:00,100,1000,False,False,False,0:01:00,0:02:00,0:04:00,info,0:00:00,info,0:01:00,0:01:00,0:01:00,0:01:00,info,0:00:00,info,5000,False,0:02:00,0:04:00,False,info,0:02:00,1000,info,info,20.377810551614946,20.488106000000002,3.562503,55.191863,23.639324100000003,24.350691199999996,26.151552130000002,19235.48964485282,19409.0,6312.5,22037.0,21212.0,21612.0,21948.0
1,5,100,100,2,3,2,3,3,15g,15g,15g,15g,15g,15g,15g,0:00:10,0:00:15,0:00:00,0:00:15,0:00:20,0:00:05,Noop,1,0,StringWorkload,DoNothing,False,True,0:00:00.200000,False,0:01:00,0:01:00,0:01:00,0:01:00,0:01:00,0:01:00,0:01:00,100,1000,False,False,False,0:01:00,0:02:00,0:04:00,info,0:00:00,info,0:01:00,0:01:00,0:01:00,0:01:00,info,0:00:00,info,5000,False,0:02:00,0:04:00,False,info,0:02:00,1000,info,info,18.500309413391847,22.695269,2.301335,82.950651,24.462287599999996,28.879995199999964,31.070839400000004,19962.913301411965,20976.0,3135.1351351351354,22400.0,21862.0,21998.0,22262.0
1,1,1,1,2,3,2,3,3,15g,15g,15g,15g,15g,15g,15g,0:00:10,0:00:15,0:00:00,0:00:15,0:00:20,0:00:05,Noop,1,0,StringWorkload,DoNothing,False,True,0:00:00.200000,False,0:01:00,0:01:00,0:01:00,0:01:00,0:01:00,0:01:00,0:01:00,100,1000,False,False,False,0:01:00,0:02:00,0:04:00,info,0:00:00,info,0:01:00,0:01:00,0:01:00,0:01:00,info,0:00:00,info,5000,False,0:02:00,0:04:00,False,info,0:02:00,1000,info,info,0.22438846524844966,0.212336,0.172161,5.28145,0.2608802,0.27292619999999995,0.32241812,4220.012576087784,4302.0,2604.651162790698,4375.0,4336.0,4343.0,4350.0
1,1,2,2,2,3,2,3,3,15g,15g,15g,15g,15g,15g,15g,0:00:10,0:00:15,0:00:00,0:00:15,0:00:20,0:00:05,Noop,1,0,StringWorkload,DoNothing,False,True,0:00:00.200000,False,0:01:00,0:01:00,0:01:00,0:01:00,0:01:00,0:01:00,0:01:00,100,1000,False,False,False,0:01:00,0:02:00,0:04:00,info,0:00:00,info,0:01:00,0:01:00,0:01:00,0:01:00,info,0:00:00,info,5000,False,0:02:00,0:04:00,False,info,0:02:00,1000,info,info,0.23572011545457525,0.226983,0.165922,20.690532,0.2835923,0.29917065,0.34306812999999997,8091.221410990237,8154.0,4772.727272727273,8574.0,8290.0,8531.0,8564.0
1,1,3,3,2,3,2,3,3,15g,15g,15g,15g,15g,15g,15g,0:00:10,0:00:15,0:00:00,0:00:15,0:00:20,0:00:05,Noop,1,0,StringWorkload,DoNothing,False,True,0:00:00.200000,False,0:01:00,0:01:00,0:01:00,0:01:00,0:01:00,0:01:00,0:01:00,100,1000,False,False,False,0:01:00,0:02:00,0:04:00,info,0:00:00,info,0:01:00,0:01:00,0:01:00,0:01:00,info,0:00:00,info,5000,False,0:02:00,0:04:00,False,info,0:02:00,1000,info,info,0.2689111066694141,0.264588,0.17058,46.456621,0.3055632,0.3229888000000001,0.38322603999999993,10616.58917683775,10538.0,5650.0,11431.0,11269.0,11289.0,11392.0
1,1,4,4,2,3,2,3,3,15g,15g,15g,15g,15g,15g,15g,0:00:10,0:00:15,0:00:00,0:00:15,0:00:20,0:00:05,Noop,1,0,StringWorkload,DoNothing,False,True,0:00:00.200000,False,0:01:00,0:01:00,0:01:00,0:01:00,0:01:00,0:01:00,0:01:00,100,1000,False,False,False,0:01:00,0:02:00,0:04:00,info,0:00:00,info,0:01:00,0:01:00,0:01:00,0:01:00,info,0:00:00,info,5000,False,0:02:00,0:04:00,False,info,0:02:00,1000,info,info,0.28357536302143704,0.277339,0.16842,58.078288,0.3332344,0.35395449999999984,0.4125969199999996,13536.734773774431,13862.0,6117.647058823529,14356.0,14217.0,14272.0,14306.0
1,1,5,5,2,3,2,3,3,15g,15g,15g,15g,15g,15g,15g,0:00:10,0:00:15,0:00:00,0:00:15,0:00:20,0:00:05,Noop,1,0,StringWorkload,DoNothing,False,True,0:00:00.200000,False,0:01:00,0:01:00,0:01:00,0:01:00,0:01:00,0:01:00,0:01:00,100,1000,False,False,False,0:01:00,0:02:00,0:04:00,info,0:00:00,info,0:01:00,0:01:00,0:01:00,0:01:00,info,0:00:00,info,5000,False,0:02:00,0:04:00,False,info,0:02:00,1000,info,info,0.3243442271973171,0.315736,0.178239,8.345025,0.3956159000000001,0.42377454999999997,0.48863679000000027,14961.72911785436,15250.0,6176.470588235294,16901.0,16755.0,16846.0,16873.0
1,1,10,10,2,3,2,3,3,15g,15g,15g,15g,15g,15g,15g,0:00:10,0:00:15,0:00:00,0:00:15,0:00:20,0:00:05,Noop,1,0,StringWorkload,DoNothing,False,True,0:00:00.200000,False,0:01:00,0:01:00,0:01:00,0:01:00,0:01:00,0:01:00,0:01:00,100,1000,False,False,False,0:01:00,0:02:00,0:04:00,info,0:00:00,info,0:01:00,0:01:00,0:01:00,0:01:00,info,0:00:00,info,5000,False,0:02:00,0:04:00,False,info,0:02:00,1000,info,info,0.5498621698067887,0.529899,0.197556,38.922058,0.6931906000000001,0.7456972499999999,0.8638249700000002,17900.628469905503,18211.0,5500.0,20630.0,20517.0,20588.0,20614.0
1,1,25,25,2,3,2,3,3,15g,15g,15g,15g,15g,15g,15g,0:00:10,0:00:15,0:00:00,0:00:15,0:00:20,0:00:05,Noop,1,0,StringWorkload,DoNothing,False,True,0:00:00.200000,False,0:01:00,0:01:00,0:01:00,0:01:00,0:01:00,0:01:00,0:01:00,100,1000,False,False,False,0:01:00,0:02:00,0:04:00,info,0:00:00,info,0:01:00,0:01:00,0:01:00,0:01:00,info,0:00:00,info,5000,False,0:02:00,0:04:00,False,info,0:02:00,1000,info,info,1.254605894234717,1.22046,0.193762,9.966739,1.5204272,1.646725,2.017264699999999,19580.936965263514,20177.0,7846.153846153847,21871.0,20787.0,21262.0,21729.0
1,1,50,50,2,3,2,3,3,15g,15g,15g,15g,15g,15g,15g,0:00:10,0:00:15,0:00:00,0:00:15,0:00:20,0:00:05,Noop,1,0,StringWorkload,DoNothing,False,True,0:00:00.200000,False,0:01:00,0:01:00,0:01:00,0:01:00,0:01:00,0:01:00,0:01:00,100,1000,False,False,False,0:01:00,0:02:00,0:04:00,info,0:00:00,info,0:01:00,0:01:00,0:01:00,0:01:00,info,0:00:00,info,5000,False,0:02:00,0:04:00,False,info,0:02:00,1000,info,info,2.3162311660423964,2.0920615,0.42066,37.512873,2.872186,3.05657575,4.05483196,21333.977366238512,21931.0,8538.461538461539,23557.0,23445.0,23501.0,23523.0
1,1,75,75,2,3,2,3,3,15g,15g,15g,15g,15g,15g,15g,0:00:10,0:00:15,0:00:00,0:00:15,0:00:20,0:00:05,Noop,1,0,StringWorkload,DoNothing,False,True,0:00:00.200000,False,0:01:00,0:01:00,0:01:00,0:01:00,0:01:00,0:01:00,0:01:00,100,1000,False,False,False,0:01:00,0:02:00,0:04:00,info,0:00:00,info,0:01:00,0:01:00,0:01:00,0:01:00,info,0:00:00,info,5000,False,0:02:00,0:04:00,False,info,0:02:00,1000,info,info,3.6087874845284316,3.590949,0.776492,17.215528,4.6948915,5.03912875,5.37562975,20377.274792834425,19744.0,9000.0,24116.0,22867.0,23482.0,23969.0
1,1,100,100,2,3,2,3,3,15g,15g,15g,15g,15g,15g,15g,0:00:10,0:00:15,0:00:00,0:00:15,0:00:20,0:00:05,Noop,1,0,StringWorkload,DoNothing,False,True,0:00:00.200000,False,0:01:00,0:01:00,0:01:00,0:01:00,0:01:00,0:01:00,0:01:00,100,1000,False,False,False,0:01:00,0:02:00,0:04:00,info,0:00:00,info,0:01:00,0:01:00,0:01:00,0:01:00,info,0:00:00,info,5000,False,0:02:00,0:04:00,False,info,0:02:00,1000,info,info,4.7352582614202925,4.4507,1.071028,17.916407,5.9787778000000005,6.2585599,7.79467914,20937.142222943814,21285.0,9208.333333333334,25250.0,22840.0,22980.0,23058.0
1,2,100,100,2,3,2,3,3,15g,15g,15g,15g,15g,15g,15g,0:00:10,0:00:15,0:00:00,0:00:15,0:00:20,0:00:05,Noop,1,0,StringWorkload,DoNothing,False,True,0:00:00.200000,False,0:01:00,0:01:00,0:01:00,0:01:00,0:01:00,0:01:00,0:01:00,100,1000,False,False,False,0:01:00,0:02:00,0:04:00,info,0:00:00,info,0:01:00,0:01:00,0:01:00,0:01:00,info,0:00:00,info,5000,False,0:02:00,0:04:00,False,info,0:02:00,1000,info,info,8.65033090240693,8.750412,2.135767,39.571219,10.546691199999998,11.447808299999998,13.080778839999999,22965.89469467543,23847.0,8028.5714285714275,25414.0,25243.0,25286.0,25339.0
1,3,100,100,2,3,2,3,3,15g,15g,15g,15g,15g,15g,15g,0:00:10,0:00:15,0:00:00,0:00:15,0:00:20,0:00:05,Noop,1,0,StringWorkload,DoNothing,False,True,0:00:00.200000,False,0:01:00,0:01:00,0:01:00,0:01:00,0:01:00,0:01:00,0:01:00,100,1000,False,False,False,0:01:00,0:02:00,0:04:00,info,0:00:00,info,0:01:00,0:01:00,0:01:00,0:01:00,info,0:00:00,info,5000,False,0:02:00,0:04:00,False,info,0:02:00,1000,info,info,14.524769929640287,14.8460825,3.312308,32.120746,16.6395227,17.572475800000003,20.572307350000003,20334.04412372999,20141.0,5227.272727272728,24491.0,23620.0,24153.0,24395.0
1,4,100,100,2,3,2,3,3,15g,15g,15g,15g,15g,15g,15g,0:00:10,0:00:15,0:00:00,0:00:15,0:00:20,0:00:05,Noop,1,0,StringWorkload,DoNothing,False,True,0:00:00.200000,False,0:01:00,0:01:00,0:01:00,0:01:00,0:01:00,0:01:00,0:01:00,100,1000,False,False,False,0:01:00,0:02:00,0:04:00,info,0:00:00,info,0:01:00,0:01:00,0:01:00,0:01:00,info,0:00:00,info,5000,False,0:02:00,0:04:00,False,info,0:02:00,1000,info,info,13.115552866284276,14.659167,1.030093,38.241991,22.498695400000003,22.8525566,28.93378432,23561.075326390943,25757.0,4321.428571428572,27600.0,27064.0,27241.0,27485.0
1,5,100,100,2,3,2,3,3,15g,15g,15g,15g,15g,15g,15g,0:00:10,0:00:15,0:00:00,0:00:15,0:00:20,0:00:05,Noop,1,0,StringWorkload,DoNothing,False,True,0:00:00.200000,False,0:01:00,0:01:00,0:01:00,0:01:00,0:01:00,0:01:00,0:01:00,100,1000,False,False,False,0:01:00,0:02:00,0:04:00,info,0:00:00,info,0:01:00,0:01:00,0:01:00,0:01:00,info,0:00:00,info,5000,False,0:02:00,0:04:00,False,info,0:02:00,1000,info,info,23.411880642327727,21.1643455,2.206526,51.969225,27.998700399999997,33.88382459999999,35.16969824,21067.630447283318,22888.0,6029.411764705882,40000.0,23758.0,23921.0,23994.0
1,1,1,1,2,3,2,3,3,15g,15g,15g,15g,15g,15g,15g,0:00:10,0:00:15,0:00:00,0:00:15,0:00:20,0:00:05,Noop,1,0,StringWorkload,DoNothing,False,True,0:00:00.200000,False,0:01:00,0:01:00,0:01:00,0:01:00,0:01:00,0:01:00,0:01:00,100,1000,False,False,False,0:01:00,0:02:00,0:04:00,info,0:00:00,info,0:01:00,0:01:00,0:01:00,0:01:00,info,0:00:00,info,5000,False,0:02:00,0:04:00,False,info,0:02:00,1000,info,info,0.2228422182339272,0.212307,0.167747,4.847529,0.2585893,0.27075819999999995,0.31277128000000004,4278.641049716125,4368.0,2340.909090909091,4437.0,4404.0,4409.0,4429.0
1,1,2,2,2,3,2,3,3,15g,15g,15g,15g,15g,15g,15g,0:00:10,0:00:15,0:00:00,0:00:15,0:00:20,0:00:05,Noop,1,0,StringWorkload,DoNothing,False,True,0:00:00.200000,False,0:01:00,0:01:00,0:01:00,0:01:00,0:01:00,0:01:00,0:01:00,100,1000,False,False,False,0:01:00,0:02:00,0:04:00,info,0:00:00,info,0:01:00,0:01:00,0:01:00,0:01:00,info,0:00:00,info,5000,False,0:02:00,0:04:00,False,info,0:02:00,1000,info,info,0.23592487554929992,0.228402,0.16978,5.581023,0.278322,0.293508,0.335499,8090.716353776477,8178.0,4772.727272727273,8591.0,8390.0,8529.0,8548.0
1,1,3,3,2,3,2,3,3,15g,15g,15g,15g,15g,15g,15g,0:00:10,0:00:15,0:00:00,0:00:15,0:00:20,0:00:05,Noop,1,0,StringWorkload,DoNothing,False,True,0:00:00.200000,False,0:01:00,0:01:00,0:01:00,0:01:00,0:01:00,0:01:00,0:01:00,100,1000,False,False,False,0:01:00,0:02:00,0:04:00,info,0:00:00,info,0:01:00,0:01:00,0:01:00,0:01:00,info,0:00:00,info,5000,False,0:02:00,0:04:00,False,info,0:02:00,1000,info,info,0.27313392039908363,0.268372,0.170537,5.607216,0.313465,0.330517,0.3829812,10450.989105977229,10484.0,5300.0,11385.0,11233.0,11298.0,11355.0
1,1,4,4,2,3,2,3,3,15g,15g,15g,15g,15g,15g,15g,0:00:10,0:00:15,0:00:00,0:00:15,0:00:20,0:00:05,Noop,1,0,StringWorkload,DoNothing,False,True,0:00:00.200000,False,0:01:00,0:01:00,0:01:00,0:01:00,0:01:00,0:01:00,0:01:00,100,1000,False,False,False,0:01:00,0:02:00,0:04:00,info,0:00:00,info,0:01:00,0:01:00,0:01:00,0:01:00,info,0:00:00,info,5000,False,0:02:00,0:04:00,False,info,0:02:00,1000,info,info,0.2777900774861375,0.270898,0.16788,8.152132,0.337927,0.358177,0.415087,13842.017877009346,14367.0,5777.777777777778,15178.0,14762.0,14932.0,15141.0
1,1,5,5,2,3,2,3,3,15g,15g,15g,15g,15g,15g,15g,0:00:10,0:00:15,0:00:00,0:00:15,0:00:20,0:00:05,Noop,1,0,StringWorkload,DoNothing,False,True,0:00:00.200000,False,0:01:00,0:01:00,0:01:00,0:01:00,0:01:00,0:01:00,0:01:00,100,1000,False,False,False,0:01:00,0:02:00,0:04:00,info,0:00:00,info,0:01:00,0:01:00,0:01:00,0:01:00,info,0:00:00,info,5000,False,0:02:00,0:04:00,False,info,0:02:00,1000,info,info,0.30723572929785364,0.298519,0.16856,6.448132,0.3777764,0.40589269999999994,0.47351764,15809.306843559283,16683.0,6800.0,17318.0,17129.0,17201.0,17298.0
1,1,10,10,2,3,2,3,3,15g,15g,15g,15g,15g,15g,15g,0:00:10,0:00:15,0:00:00,0:00:15,0:00:20,0:00:05,Noop,1,0,StringWorkload,DoNothing,False,True,0:00:00.200000,False,0:01:00,0:01:00,0:01:00,0:01:00,0:01:00,0:01:00,0:01:00,100,1000,False,False,False,0:01:00,0:02:00,0:04:00,info,0:00:00,info,0:01:00,0:01:00,0:01:00,0:01:00,info,0:00:00,info,5000,False,0:02:00,0:04:00,False,info,0:02:00,1000,info,info,0.5744348693163379,0.559962,0.202672,6.526977,0.7150232000000001,0.7678316999999999,0.8925348999999998,17126.024990620102,17323.0,6000.0,20469.0,20301.0,20339.0,20441.0
1,1,25,25,2,3,2,3,3,15g,15g,15g,15g,15g,15g,15g,0:00:10,0:00:15,0:00:00,0:00:15,0:00:20,0:00:05,Noop,1,0,StringWorkload,DoNothing,False,True,0:00:00.200000,False,0:01:00,0:01:00,0:01:00,0:01:00,0:01:00,0:01:00,0:01:00,100,1000,False,False,False,0:01:00,0:02:00,0:04:00,info,0:00:00,info,0:01:00,0:01:00,0:01:00,0:01:00,info,0:00:00,info,5000,False,0:02:00,0:04:00,False,info,0:02:00,1000,info,info,1.349958980304478,1.3025865,0.332274,10.937635,1.64439,1.771744,2.0961859400000002,18207.623748976606,18781.0,7352.941176470587,19565.0,19330.0,19392.0,19530.0
1,1,50,50,2,3,2,3,3,15g,15g,15g,15g,15g,15g,15g,0:00:10,0:00:15,0:00:00,0:00:15,0:00:20,0:00:05,Noop,1,0,StringWorkload,DoNothing,False,True,0:00:00.200000,False,0:01:00,0:01:00,0:01:00,0:01:00,0:01:00,0:01:00,0:01:00,100,1000,False,False,False,0:01:00,0:02:00,0:04:00,info,0:00:00,info,0:01:00,0:01:00,0:01:00,0:01:00,info,0:00:00,info,5000,False,0:02:00,0:04:00,False,info,0:02:00,1000,info,info,2.484239077022378,2.4326295,0.426346,16.016786,3.252259,3.5982719999999935,4.326976730000001,20003.326155261795,20521.0,8307.692307692309,23126.0,23035.0,23064.0,23090.0
1,1,75,75,2,3,2,3,3,15g,15g,15g,15g,15g,15g,15g,0:00:10,0:00:15,0:00:00,0:00:15,0:00:20,0:00:05,Noop,1,0,StringWorkload,DoNothing,False,True,0:00:00.200000,False,0:01:00,0:01:00,0:01:00,0:01:00,0:01:00,0:01:00,0:01:00,100,1000,False,False,False,0:01:00,0:02:00,0:04:00,info,0:00:00,info,0:01:00,0:01:00,0:01:00,0:01:00,info,0:00:00,info,5000,False,0:02:00,0:04:00,False,info,0:02:00,1000,info,info,3.528180548253906,3.0672265,0.748343,19.001581,4.667498500000001,5.07597975,6.469809850000005,21224.062831957202,22779.0,8307.692307692309,23740.0,23469.0,23521.0,23640.0
1,1,100,100,2,3,2,3,3,15g,15g,15g,15g,15g,15g,15g,0:00:10,0:00:15,0:00:00,0:00:15,0:00:20,0:00:05,Noop,1,0,StringWorkload,DoNothing,False,True,0:00:00.200000,False,0:01:00,0:01:00,0:01:00,0:01:00,0:01:00,0:01:00,0:01:00,100,1000,False,False,False,0:01:00,0:02:00,0:04:00,info,0:00:00,info,0:01:00,0:01:00,0:01:00,0:01:00,info,0:00:00,info,5000,False,0:02:00,0:04:00,False,info,0:02:00,1000,info,info,4.779103322674103,4.208765,1.022551,29.488633,6.317598500000001,6.70645225,8.558416200000012,20885.89972370473,22276.0,9428.571428571428,33666.666666666664,23349.0,23372.0,23401.0
1,2,100,100,2,3,2,3,3,15g,15g,15g,15g,15g,15g,15g,0:00:10,0:00:15,0:00:00,0:00:15,0:00:20,0:00:05,Noop,1,0,StringWorkload,DoNothing,False,True,0:00:00.200000,False,0:01:00,0:01:00,0:01:00,0:01:00,0:01:00,0:01:00,0:01:00,100,1000,False,False,False,0:01:00,0:02:00,0:04:00,info,0:00:00,info,0:01:00,0:01:00,0:01:00,0:01:00,info,0:00:00,info,5000,False,0:02:00,0:04:00,False,info,0:02:00,1000,info,info,10.085657784369344,9.9692475,3.670059,23.191648,11.9445045,12.91867225,13.535370750000009,19622.52050603365,19707.0,6285.714285714285,22200.0,22087.0,22132.0,22182.0
1,3,100,100,2,3,2,3,3,15g,15g,15g,15g,15g,15g,15g,0:00:10,0:00:15,0:00:00,0:00:15,0:00:20,0:00:05,Noop,1,0,StringWorkload,DoNothing,False,True,0:00:00.200000,False,0:01:00,0:01:00,0:01:00,0:01:00,0:01:00,0:01:00,0:01:00,100,1000,False,False,False,0:01:00,0:02:00,0:04:00,info,0:00:00,info,0:01:00,0:01:00,0:01:00,0:01:00,info,0:00:00,info,5000,False,0:02:00,0:04:00,False,info,0:02:00,1000,info,info,14.52165915918391,14.009159,4.971324,70.350528,16.7539571,17.792207649999995,20.071715489999995,20514.897725446895,21353.0,5941.176470588235,24256.0,24027.0,24092.0,24164.0
1,4,100,100,2,3,2,3,3,15g,15g,15g,15g,15g,15g,15g,0:00:10,0:00:15,0:00:00,0:00:15,0:00:20,0:00:05,Noop,1,0,StringWorkload,DoNothing,False,True,0:00:00.200000,False,0:01:00,0:01:00,0:01:00,0:01:00,0:01:00,0:01:00,0:01:00,100,1000,False,False,False,0:01:00,0:02:00,0:04:00,info,0:00:00,info,0:01:00,0:01:00,0:01:00,0:01:00,info,0:00:00,info,5000,False,0:02:00,0:04:00,False,info,0:02:00,1000,info,info,19.25651719990594,20.102558000000002,4.972345,101.152184,25.137952,28.52445225,31.688860150000004,20410.673444097214,20179.0,3468.75,22776.0,22586.0,22625.0,22677.0
1,5,100,100,2,3,2,3,3,15g,15g,15g,15g,15g,15g,15g,0:00:10,0:00:15,0:00:00,0:00:15,0:00:20,0:00:05,Noop,1,0,StringWorkload,DoNothing,False,True,0:00:00.200000,False,0:01:00,0:01:00,0:01:00,0:01:00,0:01:00,0:01:00,0:01:00,100,1000,False,False,False,0:01:00,0:02:00,0:04:00,info,0:00:00,info,0:01:00,0:01:00,0:01:00,0:01:00,info,0:00:00,info,5000,False,0:02:00,0:04:00,False,info,0:02:00,1000,info,info,24.067712332015198,23.100181,2.714563,61.611089,27.481527599999996,30.118431199999996,33.90846000000002,20282.31359471409,21330.0,3090.9090909090905,22200.0,21960.0,21991.0,22082.0
1,1,1,1,2,3,2,3,3,15g,15g,15g,15g,15g,15g,15g,0:00:10,0:00:15,0:00:00,0:00:15,0:00:20,0:00:05,Noop,1,0,StringWorkload,DoNothing,False,True,0:00:00.200000,False,0:01:00,0:01:00,0:01:00,0:01:00,0:01:00,0:01:00,0:01:00,100,1000,False,False,False,0:01:00,0:02:00,0:04:00,info,0:00:00,info,0:01:00,0:01:00,0:01:00,0:01:00,info,0:00:00,info,5000,False,0:02:00,0:04:00,False,info,0:02:00,1000,info,info,0.22352220997888478,0.210796,0.169542,3.522277,0.26074,0.2757032,0.34416049999999987,4243.586564795562,4322.0,2756.756756756757,4454.0,4406.0,4441.0,4450.0
1,1,2,2,2,3,2,3,3,15g,15g,15g,15g,15g,15g,15g,0:00:10,0:00:15,0:00:00,0:00:15,0:00:20,0:00:05,Noop,1,0,StringWorkload,DoNothing,False,True,0:00:00.200000,False,0:01:00,0:01:00,0:01:00,0:01:00,0:01:00,0:01:00,0:01:00,100,1000,False,False,False,0:01:00,0:02:00,0:04:00,info,0:00:00,info,0:01:00,0:01:00,0:01:00,0:01:00,info,0:00:00,info,5000,False,0:02:00,0:04:00,False,info,0:02:00,1000,info,info,0.23867843344488826,0.230401,0.170924,6.350232,0.283412,0.2978196999999999,0.3388508399999999,7985.132350719123,8113.0,5181.818181818182,8437.0,8228.0,8327.0,8400.0
1,1,3,3,2,3,2,3,3,15g,15g,15g,15g,15g,15g,15g,0:00:10,0:00:15,0:00:00,0:00:15,0:00:20,0:00:05,Noop,1,0,StringWorkload,DoNothing,False,True,0:00:00.200000,False,0:01:00,0:01:00,0:01:00,0:01:00,0:01:00,0:01:00,0:01:00,100,1000,False,False,False,0:01:00,0:02:00,0:04:00,info,0:00:00,info,0:01:00,0:01:00,0:01:00,0:01:00,info,0:00:00,info,5000,False,0:02:00,0:04:00,False,info,0:02:00,1000,info,info,0.26406867959338276,0.259946,0.165372,6.668364,0.3003458,0.31482845,0.36601732999999986,10843.601308076342,11009.0,5666.666666666667,11565.0,11437.0,11483.0,11538.0
1,1,4,4,2,3,2,3,3,15g,15g,15g,15g,15g,15g,15g,0:00:10,0:00:15,0:00:00,0:00:15,0:00:20,0:00:05,Noop,1,0,StringWorkload,DoNothing,False,True,0:00:00.200000,False,0:01:00,0:01:00,0:01:00,0:01:00,0:01:00,0:01:00,0:01:00,100,1000,False,False,False,0:01:00,0:02:00,0:04:00,info,0:00:00,info,0:01:00,0:01:00,0:01:00,0:01:00,info,0:00:00,info,5000,False,0:02:00,0:04:00,False,info,0:02:00,1000,info,info,0.2781677362388837,0.270954,0.160555,5.81717,0.3413144,0.36379785,0.42602863999999996,13879.708842660864,14501.0,6375.0,15050.0,14965.0,14987.0,15021.0
1,1,5,5,2,3,2,3,3,15g,15g,15g,15g,15g,15g,15g,0:00:10,0:00:15,0:00:00,0:00:15,0:00:20,0:00:05,Noop,1,0,StringWorkload,DoNothing,False,True,0:00:00.200000,False,0:01:00,0:01:00,0:01:00,0:01:00,0:01:00,0:01:00,0:01:00,100,1000,False,False,False,0:01:00,0:02:00,0:04:00,info,0:00:00,info,0:01:00,0:01:00,0:01:00,0:01:00,info,0:00:00,info,5000,False,0:02:00,0:04:00,False,info,0:02:00,1000,info,info,0.3287087923439388,0.318391,0.158048,5.879995,0.42525540000000006,0.4573738,0.5192013799999999,14787.984138591273,15087.0,6294.117647058823,17719.0,17543.0,17661.0,17705.0
1,1,10,10,2,3,2,3,3,15g,15g,15g,15g,15g,15g,15g,0:00:10,0:00:15,0:00:00,0:00:15,0:00:20,0:00:05,Noop,1,0,StringWorkload,DoNothing,False,True,0:00:00.200000,False,0:01:00,0:01:00,0:01:00,0:01:00,0:01:00,0:01:00,0:01:00,100,1000,False,False,False,0:01:00,0:02:00,0:04:00,info,0:00:00,info,0:01:00,0:01:00,0:01:00,0:01:00,info,0:00:00,info,5000,False,0:02:00,0:04:00,False,info,0:02:00,1000,info,info,0.5227408179885218,0.510471,0.190554,10.022037,0.631167,0.6750235499999997,0.7809954299999995,18579.337099539578,19269.0,5315.789473684211,20383.0,19944.0,20096.0,20340.0
1,1,25,25,2,3,2,3,3,15g,15g,15g,15g,15g,15g,15g,0:00:10,0:00:15,0:00:00,0:00:15,0:00:20,0:00:05,Noop,1,0,StringWorkload,DoNothing,False,True,0:00:00.200000,False,0:01:00,0:01:00,0:01:00,0:01:00,0:01:00,0:01:00,0:01:00,100,1000,False,False,False,0:01:00,0:02:00,0:04:00,info,0:00:00,info,0:01:00,0:01:00,0:01:00,0:01:00,info,0:00:00,info,5000,False,0:02:00,0:04:00,False,info,0:02:00,1000,info,info,1.3288670476348023,1.311293,0.350577,11.18711,1.6244562,1.7475267999999984,2.1250566800000015,18463.995527329578,18953.0,7500.0,19865.0,19616.0,19664.0,19688.0
1,1,50,50,2,3,2,3,3,15g,15g,15g,15g,15g,15g,15g,0:00:10,0:00:15,0:00:00,0:00:15,0:00:20,0:00:05,Noop,1,0,StringWorkload,DoNothing,False,True,0:00:00.200000,False,0:01:00,0:01:00,0:01:00,0:01:00,0:01:00,0:01:00,0:01:00,100,1000,False,False,False,0:01:00,0:02:00,0:04:00,info,0:00:00,info,0:01:00,0:01:00,0:01:00,0:01:00,info,0:00:00,info,5000,False,0:02:00,0:04:00,False,info,0:02:00,1000,info,info,2.1715459925735523,2.091853,0.376394,15.598589,2.9834436,3.4167042,3.8991922799999923,23095.780900888083,25079.0,8583.333333333334,26275.0,26140.0,26177.0,26243.0
1,1,75,75,2,3,2,3,3,15g,15g,15g,15g,15g,15g,15g,0:00:10,0:00:15,0:00:00,0:00:15,0:00:20,0:00:05,Noop,1,0,StringWorkload,DoNothing,False,True,0:00:00.200000,False,0:01:00,0:01:00,0:01:00,0:01:00,0:01:00,0:01:00,0:01:00,100,1000,False,False,False,0:01:00,0:02:00,0:04:00,info,0:00:00,info,0:01:00,0:01:00,0:01:00,0:01:00,info,0:00:00,info,5000,False,0:02:00,0:04:00,False,info,0:02:00,1000,info,info,3.685017496398848,3.2631205,0.447328,126.271558,4.7048629,4.9386984,6.18560179,20220.127267890868,20482.0,9392.857142857143,22184.0,22006.0,22105.0,22146.0
1,1,100,100,2,3,2,3,3,15g,15g,15g,15g,15g,15g,15g,0:00:10,0:00:15,0:00:00,0:00:15,0:00:20,0:00:05,Noop,1,0,StringWorkload,DoNothing,False,True,0:00:00.200000,False,0:01:00,0:01:00,0:01:00,0:01:00,0:01:00,0:01:00,0:01:00,100,1000,False,False,False,0:01:00,0:02:00,0:04:00,info,0:00:00,info,0:01:00,0:01:00,0:01:00,0:01:00,info,0:00:00,info,5000,False,0:02:00,0:04:00,False,info,0:02:00,1000,info,info,4.598034506027934,4.287583,1.387695,17.438078,5.766052600000002,6.408073399999998,7.916480119999999,21721.980640258113,23120.0,9500.0,33666.666666666664,24238.0,24334.0,24395.0
1,2,100,100,2,3,2,3,3,15g,15g,15g,15g,15g,15g,15g,0:00:10,0:00:15,0:00:00,0:00:15,0:00:20,0:00:05,Noop,1,0,StringWorkload,DoNothing,False,True,0:00:00.200000,False,0:01:00,0:01:00,0:01:00,0:01:00,0:01:00,0:01:00,0:01:00,100,1000,False,False,False,0:01:00,0:02:00,0:04:00,info,0:00:00,info,0:01:00,0:01:00,0:01:00,0:01:00,info,0:00:00,info,5000,False,0:02:00,0:04:00,False,info,0:02:00,1000,info,info,9.6641582948616,9.884876,3.712641,26.737017,10.9764064,11.508816199999998,14.050781679999998,20577.695804743733,20505.0,7161.290322580645,23361.0,23175.0,23245.0,23284.0
1,3,100,100,2,3,2,3,3,15g,15g,15g,15g,15g,15g,15g,0:00:10,0:00:15,0:00:00,0:00:15,0:00:20,0:00:05,Noop,1,0,StringWorkload,DoNothing,False,True,0:00:00.200000,False,0:01:00,0:01:00,0:01:00,0:01:00,0:01:00,0:01:00,0:01:00,100,1000,False,False,False,0:01:00,0:02:00,0:04:00,info,0:00:00,info,0:01:00,0:01:00,0:01:00,0:01:00,info,0:00:00,info,5000,False,0:02:00,0:04:00,False,info,0:02:00,1000,info,info,14.638373301364233,14.405216,2.224204,73.981996,18.9791794,21.771412449999993,24.758207580000008,20259.09326341588,20461.0,4319.148936170212,23100.0,22919.0,22990.0,23053.0
1,4,100,100,2,3,2,3,3,15g,15g,15g,15g,15g,15g,15g,0:00:10,0:00:15,0:00:00,0:00:15,0:00:20,0:00:05,Noop,1,0,StringWorkload,DoNothing,False,True,0:00:00.200000,False,0:01:00,0:01:00,0:01:00,0:01:00,0:01:00,0:01:00,0:01:00,100,1000,False,False,False,0:01:00,0:02:00,0:04:00,info,0:00:00,info,0:01:00,0:01:00,0:01:00,0:01:00,info,0:00:00,info,5000,False,0:02:00,0:04:00,False,info,0:02:00,1000,info,info,19.060488022601678,18.907531,1.953711,69.446992,21.5353009,22.7282853,25.52905085,20548.812632439796,20805.0,4590.909090909091,23400.0,23171.0,23279.0,23367.0
1,5,100,100,2,3,2,3,3,15g,15g,15g,15g,15g,15g,15g,0:00:10,0:00:15,0:00:00,0:00:15,0:00:20,0:00:05,Noop,1,0,StringWorkload,DoNothing,False,True,0:00:00.200000,False,0:01:00,0:01:00,0:01:00,0:01:00,0:01:00,0:01:00,0:01:00,100,1000,False,False,False,0:01:00,0:02:00,0:04:00,info,0:00:00,info,0:01:00,0:01:00,0:01:00,0:01:00,info,0:00:00,info,5000,False,0:02:00,0:04:00,False,info,0:02:00,1000,info,info,21.939254503648588,20.2616685,1.59915,53.881107,27.753259999999997,29.331488,34.34491095000005,22370.05064874303,24374.0,3264.705882352941,26400.0,25372.0,25636.0,26123.0
