f,num_client_procs,num_warmup_clients_per_proc,num_clients_per_proc,num_batchers,num_leaders,num_proxy_leaders,num_acceptor_groups,num_replicas,num_proxy_replicas,distribution_scheme,client_jvm_heap_size,batcher_jvm_heap_size,leader_jvm_heap_size,proxy_leader_jvm_heap_size,acceptor_jvm_heap_size,replica_jvm_heap_size,proxy_replica_jvm_heap_size,warmup_duration,warmup_timeout,warmup_sleep,duration,timeout,client_lag,state_machine,workload.size_mean,workload.size_std,workload.name,profiled,monitored,prometheus_scrape_interval,batcher_options.batch_size,batcher_log_level,leader_options.resend_phase1as_period,leader_options.flush_phase2as_every_n,leader_options.election_options.ping_period,leader_options.election_options.no_ping_timeout_min,leader_options.election_options.no_ping_timeout_max,leader_log_level,proxy_leader_options.flush_phase2as_every_n,proxy_leader_log_level,acceptor_log_level,replica_options.log_grow_size,replica_options.unsafe_dont_use_client_table,replica_options.send_chosen_watermark_every_n_entries,replica_options.recover_log_entry_min_period,replica_options.recover_log_entry_max_period,replica_options.unsafe_dont_recover,replica_log_level,proxy_replica_options.flush_every_n,proxy_replica_log_level,client_options.resend_client_request_period,client_log_level,latency.mean_ms,latency.median_ms,latency.min_ms,latency.max_ms,latency.p90_ms,latency.p95_ms,latency.p99_ms,start_throughput_1s.mean,start_throughput_1s.median,start_throughput_1s.min,start_throughput_1s.max,start_throughput_1s.p90,start_throughput_1s.p95,start_throughput_1s.p99,start_throughput_2s.mean,start_throughput_2s.median,start_throughput_2s.min,start_throughput_2s.max,start_throughput_2s.p90,start_throughput_2s.p95,start_throughput_2s.p99,start_throughput_5s.mean,start_throughput_5s.median,start_throughput_5s.min,start_throughput_5s.max,start_throughput_5s.p90,start_throughput_5s.p95,start_throughput_5s.p99,stop_throughput_1s.mean,stop_throughput_1s.median,stop_throughput_1s.min,stop_throughput_1s.max,stop_throughput_1s.p90,stop_throughput_1s.p95,stop_throughput_1s.p99,stop_throughput_2s.mean,stop_throughput_2s.median,stop_throughput_2s.min,stop_throughput_2s.max,stop_throughput_2s.p90,stop_throughput_2s.p95,stop_throughput_2s.p99,stop_throughput_5s.mean,stop_throughput_5s.median,stop_throughput_5s.min,stop_throughput_5s.max,stop_throughput_5s.p90,stop_throughput_5s.p95,stop_throughput_5s.p99
1,10,100,100,0,2,2,1,2,2,DistributionScheme.HASH,16g,32g,32g,32g,32g,32g,32g,0:00:05,0:00:10,0:00:05,0:00:08,0:00:13,0:00:05,Noop,1,0,StringWorkload,False,True,0:00:00.200000,0,info,0:01:00,10,0:01:00,0:02:00,0:04:00,info,10,info,info,5000,False,100000,0:02:00,0:04:00,False,info,1,info,0:02:00,info,14.186673878295096,15.378375,0.670932,69.086088,17.1301565,19.722284749999986,22.346925810000002,58415.04184771936,62255.0,1.0,64382.0,62717.0,63255.0,63860.0,55040.79703472284,61555.5,0.5,62761.5,62492.5,62540.0,62629.0,44843.32683352674,56015.1,0.2,62583.8,62121.4,62301.30999999998,62473.6,58418.59672230652,62257.0,1.0,64748.0,62744.0,63644.0,64273.0,55041.44328483442,61573.5,0.5,62724.0,62490.0,62534.5,62614.0,44843.28166919575,56015.1,0.2,62485.8,62119.4,62277.2,62431.0
1,10,100,100,0,2,3,1,2,2,DistributionScheme.HASH,16g,32g,32g,32g,32g,32g,32g,0:00:05,0:00:10,0:00:05,0:00:08,0:00:13,0:00:05,Noop,1,0,StringWorkload,False,True,0:00:00.200000,0,info,0:01:00,10,0:01:00,0:02:00,0:04:00,info,10,info,info,5000,False,100000,0:02:00,0:04:00,False,info,1,info,0:02:00,info,8.192664483549061,9.648924,0.578079,79.289609,13.074282,14.0939084,16.22551168,73071.51379471409,82116.0,1.0,84912.0,84104.0,84299.0,84651.0,70306.95003014638,81948.5,0.5,84381.5,83951.5,84113.5,84260.0,61857.60124932467,70519.8,0.2,83954.6,83485.8,83838.8,83892.4,73092.1023211149,81899.0,1.0,84912.0,84103.0,84288.0,84653.0,70338.56681107673,81746.5,0.5,84386.5,83948.0,84109.5,84258.5,61893.54112332642,70650.6,0.2,83932.8,83480.2,83818.6,83872.6
1,10,100,100,0,2,4,1,2,2,DistributionScheme.HASH,16g,32g,32g,32g,32g,32g,32g,0:00:05,0:00:10,0:00:05,0:00:08,0:00:13,0:00:05,Noop,1,0,StringWorkload,False,True,0:00:00.200000,0,info,0:01:00,10,0:01:00,0:02:00,0:04:00,info,10,info,info,5000,False,100000,0:02:00,0:04:00,False,info,1,info,0:02:00,info,6.467180123944133,7.2959025,0.59909,75.54818,9.587577200000002,10.199209649999998,11.59959438,96357.52074929055,111284.0,1.0,119958.0,112947.0,115709.0,119503.0,92485.85287874911,110695.5,0.5,116421.5,112675.0,114207.0,116205.5,80781.63994942479,91379.2,0.2,113879.8,112185.2,113019.8,113806.2,96373.23916471167,111176.0,1.0,119964.0,112956.0,115840.0,119499.0,92509.37052939476,110688.5,0.5,116422.0,112694.5,114277.0,116203.0,80808.09852660686,91471.5,0.2,113860.4,112245.2,113025.0,113785.6
1,10,100,100,0,2,5,1,2,2,DistributionScheme.HASH,16g,32g,32g,32g,32g,32g,32g,0:00:05,0:00:10,0:00:05,0:00:08,0:00:13,0:00:05,Noop,1,0,StringWorkload,False,True,0:00:00.200000,0,info,0:01:00,10,0:01:00,0:02:00,0:04:00,info,10,info,info,5000,False,100000,0:02:00,0:04:00,False,info,1,info,0:02:00,info,5.700927474328406,6.369406,0.542121,81.438868,8.2885496,8.829228299999997,10.158578579999993,111841.20838896249,128825.0,1.0,133256.0,132436.0,132751.0,132986.0,107314.17158849078,128968.5,0.5,132264.0,131572.5,131758.0,132053.5,93190.40472222972,105031.4,0.2,131662.6,131014.0,131217.0,131540.4,111851.24434009126,128814.0,1.0,133254.0,132432.0,132741.0,132981.0,107328.6635383876,128908.0,0.5,132268.5,131510.0,131707.5,132016.0,93210.57995140967,105117.4,0.2,131635.2,130968.6,131184.0,131513.6
1,10,100,100,0,2,6,1,2,2,DistributionScheme.HASH,16g,32g,32g,32g,32g,32g,32g,0:00:05,0:00:10,0:00:05,0:00:08,0:00:13,0:00:05,Noop,1,0,StringWorkload,False,True,0:00:00.200000,0,info,0:01:00,10,0:01:00,0:02:00,0:04:00,info,10,info,info,5000,False,100000,0:02:00,0:04:00,False,info,1,info,0:02:00,info,5.511601858951938,5.8783585,0.56146,82.201434,8.8739928,9.772662699999996,11.44497875999997,114543.20759070815,132658.0,1.0,136385.0,134957.0,135163.0,135712.0,109877.27637801801,131892.0,0.5,135350.0,134496.5,134749.5,135102.5,95404.17015482612,108112.29999999999,0.2,133562.0,133231.4,133309.4,133396.4,114562.56255483067,132564.0,1.0,136464.0,134959.0,135165.0,135752.0,109899.15052001624,131872.5,0.5,135392.0,134499.0,134750.5,135114.5,95427.53944822129,108203.8,0.2,133563.2,133212.2,133290.4,133378.2
1,10,100,100,0,2,7,1,2,2,DistributionScheme.HASH,16g,32g,32g,32g,32g,32g,32g,0:00:05,0:00:10,0:00:05,0:00:08,0:00:13,0:00:05,Noop,1,0,StringWorkload,False,True,0:00:00.200000,0,info,0:01:00,10,0:01:00,0:02:00,0:04:00,info,10,info,info,5000,False,100000,0:02:00,0:04:00,False,info,1,info,0:02:00,info,5.29540604521053,5.2751114999999995,0.589223,508.881073,8.483664999999998,9.493550499999998,11.288598270000001,123907.94418019704,142103.0,1.0,149380.0,146883.0,147561.0,148919.0,119034.10787707973,140679.5,0.5,148075.5,146315.0,147145.0,147744.5,102286.24938433277,118782.4,0.2,143860.6,143068.6,143393.8,143750.4,123923.3560681463,142115.0,1.0,149489.0,146904.0,147582.0,149016.0,119050.92989941679,140667.0,0.5,148167.0,146318.5,147167.67499999993,147797.0,102301.13818147336,118863.5,0.2,143854.8,143081.4,143394.6,143747.0
1,10,100,100,0,2,8,1,2,2,DistributionScheme.HASH,16g,32g,32g,32g,32g,32g,32g,0:00:05,0:00:10,0:00:05,0:00:08,0:00:13,0:00:05,Noop,1,0,StringWorkload,False,True,0:00:00.200000,0,info,0:01:00,10,0:01:00,0:02:00,0:04:00,info,10,info,info,5000,False,100000,0:02:00,0:04:00,False,info,1,info,0:02:00,info,5.496639194280821,5.425745,0.538755,118.608126,9.32018,10.6471102,12.600799640000002,117142.19785972185,133413.0,1.0,145350.0,140222.0,142238.0,144915.0,112350.21085853946,134129.5,0.5,139804.0,137989.5,138712.0,139552.0,96936.74985621717,111337.0,0.2,136780.2,136006.4,136165.2,136659.8,117167.70589333051,133411.0,1.0,145614.0,140267.0,142292.0,145018.0,112371.67241113458,134201.5,0.5,139882.5,137996.0,138731.0,139605.5,96956.7054506336,111380.0,0.2,136771.4,136005.6,136150.6,136670.8
1,10,100,100,0,2,9,1,2,2,DistributionScheme.HASH,16g,32g,32g,32g,32g,32g,32g,0:00:05,0:00:10,0:00:05,0:00:08,0:00:13,0:00:05,Noop,1,0,StringWorkload,False,True,0:00:00.200000,0,info,0:01:00,10,0:01:00,0:02:00,0:04:00,info,10,info,info,5000,False,100000,0:02:00,0:04:00,False,info,1,info,0:02:00,info,5.323848364511665,5.148897,0.575995,516.889198,8.4603512,9.401236800000001,11.031315639999999,128265.20805934485,145655.0,1.0,154296.0,150902.0,151741.0,153697.0,123004.27774839326,145525.0,0.5,151960.0,149613.0,150620.0,151689.5,104783.65033525004,122681.0,0.2,148191.4,147675.2,147809.4,148007.8,128276.51739220184,145718.0,1.0,154275.0,150887.0,151733.0,153686.0,123018.21499822418,145516.0,0.5,151973.5,149667.5,150661.0,151683.5,104793.7995921536,122743.2,0.2,148210.8,147673.4,147791.2,148017.6
1,10,100,100,0,2,10,1,2,2,DistributionScheme.HASH,16g,32g,32g,32g,32g,32g,32g,0:00:05,0:00:10,0:00:05,0:00:08,0:00:13,0:00:05,Noop,1,0,StringWorkload,False,True,0:00:00.200000,0,info,0:01:00,10,0:01:00,0:02:00,0:04:00,info,10,info,info,5000,False,100000,0:02:00,0:04:00,False,info,1,info,0:02:00,info,5.347301354278847,5.336142,0.553264,118.591608,9.597382600000003,11.1364227,13.105008960000001,117023.39463703278,133024.0,1.0,145529.0,139934.0,142650.0,144764.0,112124.40126051451,133238.0,0.5,140296.0,137973.5,138937.0,140074.0,97349.01289340283,111117.0,0.2,135719.0,134958.2,135154.0,135515.6,117044.9542073788,132926.0,1.0,145598.0,139938.0,142684.0,144886.0,112146.96481279713,133199.5,0.5,140437.5,138100.0,138949.5,140162.5,97371.43640707817,111203.0,0.2,135709.8,134947.0,135155.6,135523.4
1,10,100,100,0,2,10,2,2,2,DistributionScheme.HASH,16g,32g,32g,32g,32g,32g,32g,0:00:05,0:00:10,0:00:05,0:00:08,0:00:13,0:00:05,Noop,1,0,StringWorkload,False,True,0:00:00.200000,0,info,0:01:00,10,0:01:00,0:02:00,0:04:00,info,10,info,info,5000,False,100000,0:02:00,0:04:00,False,info,1,info,0:02:00,info,4.823522193572661,4.812104,0.575952,115.574373,8.724111200000001,10.063555000000001,11.382592759999993,132912.50660529023,146504.0,1.0,174249.0,172868.0,173376.0,173780.0,127383.36719034021,147053.5,0.5,173148.0,168356.0,170600.5,172640.5,110025.31562597293,126864.4,0.2,159093.8,157622.6,158334.6,159010.4,132942.33759084702,146524.0,1.0,174265.0,172865.0,173375.0,173781.0,127415.29643424475,147060.5,0.5,173190.0,168389.0,170642.0,172657.5,110051.53396594376,126917.8,0.2,159117.4,157668.0,158366.4,159008.8
1,10,100,100,0,2,2,1,2,2,DistributionScheme.HASH,16g,32g,32g,32g,32g,32g,32g,0:00:05,0:00:10,0:00:05,0:00:08,0:00:13,0:00:05,Noop,1,0,StringWorkload,False,True,0:00:00.200000,0,info,0:01:00,10,0:01:00,0:02:00,0:04:00,info,10,info,info,5000,False,100000,0:02:00,0:04:00,False,info,1,info,0:02:00,info,18.667683914118008,19.8555745,0.866043,90.897668,22.434843700000002,26.899708949999997,30.385890919999994,45089.69081216609,48195.0,1.0,49448.0,48486.0,48560.0,48881.0,42539.758012700346,47771.0,0.5,48960.5,48411.0,48469.5,48660.20499999999,34488.662254663046,42676.1,0.2,48321.2,48100.6,48121.8,48213.0,45091.891095697814,48188.0,1.0,48956.0,48477.0,48539.0,48655.0,42541.11072851251,47729.5,0.5,48743.0,48406.0,48462.0,48536.5,34489.62259443246,42676.1,0.2,48219.2,48106.0,48129.4,48165.6
1,10,100,100,0,2,3,1,2,2,DistributionScheme.HASH,16g,32g,32g,32g,32g,32g,32g,0:00:05,0:00:10,0:00:05,0:00:08,0:00:13,0:00:05,Noop,1,0,StringWorkload,False,True,0:00:00.200000,0,info,0:01:00,10,0:01:00,0:02:00,0:04:00,info,10,info,info,5000,False,100000,0:02:00,0:04:00,False,info,1,info,0:02:00,info,7.578021198543463,9.311097,0.555009,78.521219,11.805644,12.649362,14.2356856,78521.91045448264,87090.0,1.0,93896.0,91468.0,92734.0,93609.0,75617.98908319732,87618.0,0.5,92119.0,90141.0,90949.0,91956.5,66608.34767414552,76561.4,0.2,90430.6,89463.4,89960.8,90322.8,78543.33883691332,87076.0,1.0,93917.0,91299.0,92729.0,93614.0,75650.80113424966,87482.5,0.5,92114.5,90104.5,90915.0,91947.0,66645.35233232923,76640.4,0.2,90412.8,89444.6,89941.4,90302.4
1,10,100,100,0,2,4,1,2,2,DistributionScheme.HASH,16g,32g,32g,32g,32g,32g,32g,0:00:05,0:00:10,0:00:05,0:00:08,0:00:13,0:00:05,Noop,1,0,StringWorkload,False,True,0:00:00.200000,0,info,0:01:00,10,0:01:00,0:02:00,0:04:00,info,10,info,info,5000,False,100000,0:02:00,0:04:00,False,info,1,info,0:02:00,info,6.543824115454433,7.5614065,0.556121,77.608679,9.815740000000002,10.463519750000001,11.79137725,94089.22687207318,108427.0,1.0,111544.0,110240.0,110405.0,110926.0,90285.11769071028,108494.0,0.5,110769.0,110111.0,110254.0,110496.0,78997.08577345057,88567.70000000001,0.2,110169.2,109316.0,109880.2,110007.4,94100.08798467413,108340.0,1.0,111661.0,110239.0,110406.0,110982.0,90306.69643234256,108488.0,0.5,110875.5,110113.5,110257.0,110518.5,79025.04428330073,88594.70000000001,0.2,110191.8,109300.2,109866.6,110004.2
1,10,100,100,0,2,5,1,2,2,DistributionScheme.HASH,16g,32g,32g,32g,32g,32g,32g,0:00:05,0:00:10,0:00:05,0:00:08,0:00:13,0:00:05,Noop,1,0,StringWorkload,False,True,0:00:00.200000,0,info,0:01:00,10,0:01:00,0:02:00,0:04:00,info,10,info,info,5000,False,100000,0:02:00,0:04:00,False,info,1,info,0:02:00,info,5.888668945249083,6.665571,0.602818,81.049865,8.5241758,9.0697169,10.2892358,107467.82166795239,124267.0,1.0,130301.0,127393.0,129457.0,130049.0,103373.76354039242,123769.0,0.5,128132.0,127510.5,127664.5,127913.5,89988.81135562212,102578.6,0.2,125771.6,125590.8,125652.8,125705.0,107482.62780363928,124343.0,1.0,130294.0,127388.0,129459.0,130051.0,103395.13407449775,123751.0,0.5,128139.5,127507.5,127659.0,127925.5,90012.49150171928,102657.2,0.2,125747.8,125575.6,125637.6,125687.6
1,10,100,100,0,2,6,1,2,2,DistributionScheme.HASH,16g,32g,32g,32g,32g,32g,32g,0:00:05,0:00:10,0:00:05,0:00:08,0:00:13,0:00:05,Noop,1,0,StringWorkload,False,True,0:00:00.200000,0,info,0:01:00,10,0:01:00,0:02:00,0:04:00,info,10,info,info,5000,False,100000,0:02:00,0:04:00,False,info,1,info,0:02:00,info,5.064294568589009,4.902791,0.560554,540.906623,7.866137800000001,8.7793515,10.681475299999999,135762.77140177687,150790.0,1.0,169119.0,166917.0,167833.0,168738.0,129243.42631666153,150853.5,0.5,168140.5,163690.5,166439.0,167897.5,109253.68300867894,126346.8,0.2,158398.4,156388.8,157620.2,158196.6,135774.5533653448,150736.0,1.0,169084.0,166927.0,167838.0,168734.0,129252.61078547356,150785.0,0.5,168157.0,163715.5,166493.0,167912.5,109264.42897798639,126326.8,0.2,158411.2,156414.8,157650.2,158236.6
1,10,100,100,0,2,7,1,2,2,DistributionScheme.HASH,16g,32g,32g,32g,32g,32g,32g,0:00:05,0:00:10,0:00:05,0:00:08,0:00:13,0:00:05,Noop,1,0,StringWorkload,False,True,0:00:00.200000,0,info,0:01:00,10,0:01:00,0:02:00,0:04:00,info,10,info,info,5000,False,100000,0:02:00,0:04:00,False,info,1,info,0:02:00,info,5.163658435112659,5.0624625000000005,0.615867,541.356393,7.526813700000001,8.567836400000001,10.705038230000001,138709.19632967588,155575.0,1.0,168854.0,167678.0,168092.0,168441.0,131695.6017603167,152923.0,0.5,168576.0,163981.5,166065.5,168090.0,109922.51338982618,129455.1,0.2,158477.6,157234.2,157877.6,158322.8,138724.46535112525,155589.0,1.0,168910.0,167688.0,168094.0,168459.0,131704.400150973,152947.0,0.5,168647.0,164120.0,166157.5,168121.0,109928.41641104064,129435.1,0.2,158487.4,157237.4,157898.2,158325.8
1,10,100,100,0,2,8,1,2,2,DistributionScheme.HASH,16g,32g,32g,32g,32g,32g,32g,0:00:05,0:00:10,0:00:05,0:00:08,0:00:13,0:00:05,Noop,1,0,StringWorkload,False,True,0:00:00.200000,0,info,0:01:00,10,0:01:00,0:02:00,0:04:00,info,10,info,info,5000,False,100000,0:02:00,0:04:00,False,info,1,info,0:02:00,info,5.336497032395808,5.154501,0.557523,546.395551,8.801748400000001,10.013668099999997,11.889272659999998,124836.62641950184,141192.0,1.0,153120.0,149868.0,152142.0,152719.0,119986.77511747781,142354.0,0.5,150089.0,147377.5,149025.5,149842.0,102997.33591558176,119974.0,0.2,145822.2,144625.4,145271.8,145654.6,124861.56212864857,141176.0,1.0,153170.0,150109.0,152211.0,152753.0,120010.94017598515,142339.0,0.5,150150.0,147406.0,149227.5,149943.5,103013.88035963153,120054.6,0.2,145794.2,144630.56000000003,145300.4,145652.6
1,10,100,100,0,2,9,1,2,2,DistributionScheme.HASH,16g,32g,32g,32g,32g,32g,32g,0:00:05,0:00:10,0:00:05,0:00:08,0:00:13,0:00:05,Noop,1,0,StringWorkload,False,True,0:00:00.200000,0,info,0:01:00,10,0:01:00,0:02:00,0:04:00,info,10,info,info,5000,False,100000,0:02:00,0:04:00,False,info,1,info,0:02:00,info,5.348734604901658,5.07315,0.578106,526.932442,8.7482842,9.940957199999998,11.492742439999997,129873.84735596292,145380.0,1.0,156277.0,153012.0,154127.0,155757.0,124832.32913571823,144774.0,0.5,155189.0,151993.0,153126.0,154722.5,106004.34710795693,125984.0,0.2,149898.0,147802.0,148907.2,149755.0,129894.01252029219,145391.0,1.0,156369.0,153042.0,154198.0,155840.0,124852.8809588589,144782.5,0.5,155238.5,151991.5,153147.0,154783.5,106015.05458127445,126042.4,0.2,149905.4,147815.16000000003,148934.8,149769.0
1,10,100,100,0,2,10,1,2,2,DistributionScheme.HASH,16g,32g,32g,32g,32g,32g,32g,0:00:05,0:00:10,0:00:05,0:00:08,0:00:13,0:00:05,Noop,1,0,StringWorkload,False,True,0:00:00.200000,0,info,0:01:00,10,0:01:00,0:02:00,0:04:00,info,10,info,info,5000,False,100000,0:02:00,0:04:00,False,info,1,info,0:02:00,info,5.4994343448468355,5.57696,0.547007,533.383446,8.0897765,8.92889275,10.70086455,128544.95271399847,144868.0,1.0,150877.0,148141.0,148616.0,150115.0,123161.96332171826,145015.5,0.5,149509.0,147736.0,148210.5,149093.0,104300.81210555245,122860.4,0.2,147087.6,146269.6,146465.0,146943.4,128557.74972659232,144856.0,1.0,150948.0,148167.0,148638.0,150211.0,123177.71966207094,145005.5,0.5,149572.5,147779.0,148219.5,149146.0,104308.3849115982,122921.70000000001,0.2,147092.2,146251.4,146462.0,146942.2
1,10,100,100,0,2,10,2,2,2,DistributionScheme.HASH,16g,32g,32g,32g,32g,32g,32g,0:00:05,0:00:10,0:00:05,0:00:08,0:00:13,0:00:05,Noop,1,0,StringWorkload,False,True,0:00:00.200000,0,info,0:01:00,10,0:01:00,0:02:00,0:04:00,info,10,info,info,5000,False,100000,0:02:00,0:04:00,False,info,1,info,0:02:00,info,4.557216969453239,4.395379,0.53721,89.727846,8.2758436,9.341678799999995,10.67031528,141947.0957264978,152985.0,1.0,187027.0,185225.0,185829.0,186605.0,136193.71079634913,152704.5,0.5,186305.0,181586.0,183111.5,186021.0,117414.69122672544,134923.0,0.2,171599.8,169337.6,171082.4,171489.6,141971.78547178904,153002.0,1.0,187069.0,185226.0,185833.0,186600.0,136222.13543235272,152708.5,0.5,186309.5,181584.0,183067.0,186016.5,117440.89044449644,134960.6,0.2,171680.6,169445.0,171087.8,171539.6
1,10,100,100,0,2,2,1,2,2,DistributionScheme.HASH,16g,32g,32g,32g,32g,32g,32g,0:00:05,0:00:10,0:00:05,0:00:08,0:00:13,0:00:05,Noop,1,0,StringWorkload,False,True,0:00:00.200000,0,info,0:01:00,10,0:01:00,0:02:00,0:04:00,info,10,info,info,5000,False,100000,0:02:00,0:04:00,False,info,1,info,0:02:00,info,10.529323881330182,13.3661845,0.602127,96.442418,17.058434300000002,18.38858905,22.92636972000003,55079.87720401848,56543.0,1.0,62244.0,59408.0,61044.0,61900.0,53004.90242212135,56503.0,0.5,60449.5,59909.850000000035,60108.5,60333.0,46530.59004843177,56156.6,0.2,59444.0,58937.4,59327.67,59411.6,55106.767659468984,56552.5,1.0,62249.0,59379.0,61013.0,61903.0,53047.86719047784,56579.0,0.5,60404.5,59888.5,60081.0,60283.5,46578.71465107538,56330.0,0.2,59423.2,58924.6,59308.6,59391.6
1,10,100,100,0,2,3,1,2,2,DistributionScheme.HASH,16g,32g,32g,32g,32g,32g,32g,0:00:05,0:00:10,0:00:05,0:00:08,0:00:13,0:00:05,Noop,1,0,StringWorkload,False,True,0:00:00.200000,0,info,0:01:00,10,0:01:00,0:02:00,0:04:00,info,10,info,info,5000,False,100000,0:02:00,0:04:00,False,info,1,info,0:02:00,info,8.359230985418739,10.105793,0.620995,85.305206,12.872732,13.9104525,15.460475000000011,71674.17567956385,81499.0,1.0,84147.0,83579.0,83669.0,83835.0,68904.99542090972,81640.75,0.5,83908.5,83478.5,83595.5,83756.5,60543.8138327529,67794.2,0.2,83444.8,82838.4,83307.2,83363.4,71687.04372247963,81325.0,1.0,84264.0,83580.0,83672.0,83865.0,68931.93795529818,81457.5,0.5,83964.5,83478.5,83596.5,83763.5,60577.52492210111,67908.6,0.2,83454.6,82830.0,83290.8,83356.81000000001
1,10,100,100,0,2,4,1,2,2,DistributionScheme.HASH,16g,32g,32g,32g,32g,32g,32g,0:00:05,0:00:10,0:00:05,0:00:08,0:00:13,0:00:05,Noop,1,0,StringWorkload,False,True,0:00:00.200000,0,info,0:01:00,10,0:01:00,0:02:00,0:04:00,info,10,info,info,5000,False,100000,0:02:00,0:04:00,False,info,1,info,0:02:00,info,7.0228431633179085,8.11834,0.519093,83.299529,10.7598528,11.4935173,12.995057839999989,87044.2108020981,99508.0,1.0,102200.0,101312.0,101484.0,101754.0,83739.15267457173,99691.5,0.5,101870.5,101053.0,101246.5,101551.5,73469.35821699396,83791.0,0.2,100809.0,100363.0,100391.8,100645.4,87061.90611096319,99374.0,1.0,102335.0,101314.0,101481.0,101775.0,83765.51150035814,99689.5,0.5,101928.0,101054.0,101243.5,101587.5,73498.95557169199,83888.2,0.2,100845.6,100343.6,100373.8,100683.0
1,10,100,100,0,2,5,1,2,2,DistributionScheme.HASH,16g,32g,32g,32g,32g,32g,32g,0:00:05,0:00:10,0:00:05,0:00:08,0:00:13,0:00:05,Noop,1,0,StringWorkload,False,True,0:00:00.200000,0,info,0:01:00,10,0:01:00,0:02:00,0:04:00,info,10,info,info,5000,False,100000,0:02:00,0:04:00,False,info,1,info,0:02:00,info,5.291913223148576,5.563616,0.609576,507.877141,7.9115753,8.926789599999994,11.00319499999999,121839.83556291866,141407.0,1.0,148166.0,145958.0,146915.0,147635.0,116796.83481203453,141359.0,0.5,147190.0,145625.0,146411.5,146786.5,100762.40355218796,113048.4,0.2,145046.6,143765.6,144247.52999999997,144925.4,121847.25135166028,141393.0,1.0,148141.0,145972.0,146898.0,147616.0,116810.12601736019,141354.0,0.5,147221.0,145620.5,146437.0,146785.5,100780.76907183698,113118.2,0.2,145040.8,143742.8,144234.6,144928.6
1,10,100,100,0,2,6,1,2,2,DistributionScheme.HASH,16g,32g,32g,32g,32g,32g,32g,0:00:05,0:00:10,0:00:05,0:00:08,0:00:13,0:00:05,Noop,1,0,StringWorkload,False,True,0:00:00.200000,0,info,0:01:00,10,0:01:00,0:02:00,0:04:00,info,10,info,info,5000,False,100000,0:02:00,0:04:00,False,info,1,info,0:02:00,info,5.285595709562526,5.418316000000001,0.567412,524.065743,7.948976999999999,8.8366195,10.71951925,126919.47455351388,143963.0,1.0,151759.0,149511.0,149949.0,150892.0,121974.92232848925,143943.5,0.5,150773.5,148314.0,148611.0,150261.5,104486.46188252437,123385.8,0.2,146646.6,145699.0,145926.8,146457.6,126930.49327905006,143929.0,1.0,151749.0,149540.0,149953.0,150992.0,121991.30750248925,143940.5,0.5,150864.5,148324.5,148623.5,150334.0,104498.24109660997,123444.4,0.2,146651.2,145686.2,145971.6,146451.4
1,10,100,100,0,2,7,1,2,2,DistributionScheme.HASH,16g,32g,32g,32g,32g,32g,32g,0:00:05,0:00:10,0:00:05,0:00:08,0:00:13,0:00:05,Noop,1,0,StringWorkload,False,True,0:00:00.200000,0,info,0:01:00,10,0:01:00,0:02:00,0:04:00,info,10,info,info,5000,False,100000,0:02:00,0:04:00,False,info,1,info,0:02:00,info,5.23203542470909,5.026585,0.542738,514.851697,8.949996,10.0976555,11.689566499999998,124896.10021116362,141486.0,1.0,155876.0,151301.0,153228.0,154639.0,119606.70752672464,140987.5,0.5,152378.5,149214.5,150266.25,151914.5,102922.10242032335,118751.8,0.2,145381.6,144064.0,144395.2,145181.0,124911.24858532718,141501.0,1.0,156002.0,151461.0,153267.0,154792.0,119625.00459155715,140945.5,0.5,152452.5,149272.0,150270.5,151999.0,102938.99349830017,118823.6,0.2,145419.4,144107.2,144378.8,145191.0
1,10,100,100,0,2,8,1,2,2,DistributionScheme.HASH,16g,32g,32g,32g,32g,32g,32g,0:00:05,0:00:10,0:00:05,0:00:08,0:00:13,0:00:05,Noop,1,0,StringWorkload,False,True,0:00:00.200000,0,info,0:01:00,10,0:01:00,0:02:00,0:04:00,info,10,info,info,5000,False,100000,0:02:00,0:04:00,False,info,1,info,0:02:00,info,6.132526642804327,5.902449,0.596897,87.011346,9.2302466,11.5417703,13.587473100000022,134719.68421979458,139962.0,1.0,165510.0,159294.0,162883.55000000005,164981.0,126247.5257635519,140191.5,0.5,156777.0,151187.0,154836.0,156264.0,101683.36474011745,125499.1,0.2,146610.2,144222.02000000002,145657.8,146426.6,134735.90519287006,139971.0,1.0,165474.0,159460.0,163056.55000000005,164977.0,126262.19756013992,140125.0,0.5,156971.0,151343.5,154937.0,156449.5,101689.86617359496,125499.1,0.2,146669.6,144310.4,145732.4,146496.22200000004
1,10,100,100,0,2,9,1,2,2,DistributionScheme.HASH,16g,32g,32g,32g,32g,32g,32g,0:00:05,0:00:10,0:00:05,0:00:08,0:00:13,0:00:05,Noop,1,0,StringWorkload,False,True,0:00:00.200000,0,info,0:01:00,10,0:01:00,0:02:00,0:04:00,info,10,info,info,5000,False,100000,0:02:00,0:04:00,False,info,1,info,0:02:00,info,5.410368951899902,5.232831,0.56412,524.017866,9.218412999999998,10.577430399999999,12.352568719999999,121757.16751270117,138911.0,1.0,152448.0,146930.0,149942.0,151858.0,116883.50420236966,139088.0,0.5,147179.5,143263.5,145366.0,146751.0,100437.36650427443,115298.0,0.2,142254.0,141388.0,141676.0,142015.8,121771.94454504734,138853.0,1.0,152470.0,146958.0,149958.0,151847.0,116902.33677449673,139065.5,0.5,147178.5,143333.09999999998,145384.5,146759.5,100453.21675297384,115357.4,0.2,142256.2,141370.8,141671.0,142000.4
1,10,100,100,0,2,10,1,2,2,DistributionScheme.HASH,16g,32g,32g,32g,32g,32g,32g,0:00:05,0:00:10,0:00:05,0:00:08,0:00:13,0:00:05,Noop,1,0,StringWorkload,False,True,0:00:00.200000,0,info,0:01:00,10,0:01:00,0:02:00,0:04:00,info,10,info,info,5000,False,100000,0:02:00,0:04:00,False,info,1,info,0:02:00,info,6.392805091239368,6.3901319999999995,0.582176,78.231503,9.203068000000002,10.1524835,12.434241660000001,130876.14845499511,139520.0,1.0,143800.0,142743.0,143004.0,143343.0,123609.32076589916,139821.5,0.5,143135.0,142071.5,142387.0,142945.5,99720.93484992905,121909.1,0.2,141247.2,140888.4,141058.2,141168.6,130883.1494188288,139533.0,1.0,143802.0,142738.0,142997.0,143345.0,123613.74720611276,139823.5,0.5,143129.5,142077.5,142388.5,142955.0,99722.78941456335,121909.1,0.2,141271.6,140898.2,141060.6,141171.0
1,10,100,100,0,2,10,2,2,2,DistributionScheme.HASH,16g,32g,32g,32g,32g,32g,32g,0:00:05,0:00:10,0:00:05,0:00:08,0:00:13,0:00:05,Noop,1,0,StringWorkload,False,True,0:00:00.200000,0,info,0:01:00,10,0:01:00,0:02:00,0:04:00,info,10,info,info,5000,False,100000,0:02:00,0:04:00,False,info,1,info,0:02:00,info,4.615231106913969,4.410857,0.58732,168.77317,8.2253075,9.28189875,10.7145845,140003.12166767352,153632.0,1.0,193305.0,184908.0,189224.0,192309.0,133610.65151306623,152272.0,0.5,184524.5,181522.5,183449.5,184264.02500000002,115009.04037011237,132516.3,0.2,168245.8,165526.9,166949.8,167993.6,140011.94758162738,153641.0,1.0,193318.0,184928.0,189222.0,192303.0,133632.09728968344,152257.5,0.5,184523.5,181575.5,183456.5,184261.5,115031.56220720343,132571.6,0.2,168259.4,165532.6,166969.4,168020.4
