num_client_procs,num_warmup_clients_per_proc,num_clients_per_proc,jvm_heap_size,measurement_group_size,warmup_duration,warmup_timeout,warmup_sleep,duration,timeout,client_lag,state_machine,workload.num_keys,workload.size_mean,workload.size_std,workload.name,profiled,monitored,prometheus_scrape_interval,client_log_level,server_options.flush_every_n,server_log_level,latency.mean_ms,latency.median_ms,latency.min_ms,latency.max_ms,latency.p90_ms,latency.p95_ms,latency.p99_ms,start_throughput_1s.mean,start_throughput_1s.median,start_throughput_1s.min,start_throughput_1s.max,start_throughput_1s.p90,start_throughput_1s.p95,start_throughput_1s.p99
1,1,1,12g,10,0:00:10,0:00:15,0:00:05,0:00:15,0:00:20,0:00:05,KeyValueStore,1,16,0,UniformSingleKeyWorkload,False,True,0:00:00.200000,info,1,info,0.09572268169838946,0.094432,0.073138,7.027992,0.103366,0.1072506,0.1183246,20546.758247100493,20660.0,19220.0,21050.0,20830.0,20910.0,20990.0
1,10,10,12g,10,0:00:10,0:00:15,0:00:05,0:00:15,0:00:20,0:00:05,KeyValueStore,1,16,0,UniformSingleKeyWorkload,False,True,0:00:00.200000,info,1,info,0.1214827875678327,0.119259,0.085944,4.916919,0.137363,0.145366,0.1840842,86429.933690182,85690.0,66340.0,96980.0,94530.0,96060.0,96830.0
1,50,50,12g,10,0:00:10,0:00:15,0:00:05,0:00:15,0:00:20,0:00:05,KeyValueStore,1,16,0,UniformSingleKeyWorkload,False,True,0:00:00.200000,info,1,info,0.3370948877258969,0.32378,0.18647,10.501757,0.41367620000000005,0.4543066000000001,0.5962375300000001,124166.10789711894,124180.0,89410.0,142850.0,139050.0,140990.0,142680.0
1,100,100,12g,10,0:00:10,0:00:15,0:00:05,0:00:15,0:00:20,0:00:05,KeyValueStore,1,16,0,UniformSingleKeyWorkload,False,True,0:00:00.200000,info,1,info,0.6525121532546085,0.62582,0.309492,12.183986,0.8899362000000006,0.9873472,1.07618962,115614.67962865866,115470.0,78440.0,145620.0,132610.0,137090.0,145440.0
2,100,100,12g,10,0:00:10,0:00:15,0:00:05,0:00:15,0:00:20,0:00:05,KeyValueStore,1,16,0,UniformSingleKeyWorkload,False,True,0:00:00.200000,info,1,info,0.976062575442752,0.8652085,0.27169,66.507513,1.6080750000000004,1.74872985,1.89819482,134197.38753503378,130580.0,53940.0,167980.0,165250.0,167040.0,167730.0
3,100,100,12g,10,0:00:10,0:00:15,0:00:05,0:00:15,0:00:20,0:00:05,KeyValueStore,1,16,0,UniformSingleKeyWorkload,False,True,0:00:00.200000,info,1,info,1.5741736162759163,1.641739,0.222148,74.192325,2.3062524,2.362183,2.4712232800000016,138110.72861608095,141610.0,87530.0,170760.0,168380.0,169890.0,170470.0
4,100,100,12g,10,0:00:10,0:00:15,0:00:05,0:00:15,0:00:20,0:00:05,KeyValueStore,1,16,0,UniformSingleKeyWorkload,False,True,0:00:00.200000,info,1,info,2.0853414794217344,2.425979,0.300845,60.822723,2.8445477,3.1044071,3.433336379999999,135296.16883931786,141060.0,102550.0,154100.0,151610.0,152610.0,153220.0
5,100,100,12g,10,0:00:10,0:00:15,0:00:05,0:00:15,0:00:20,0:00:05,KeyValueStore,1,16,0,UniformSingleKeyWorkload,False,True,0:00:00.200000,info,1,info,2.4987219640453677,2.6472455,0.279233,20.231217,3.9229372000000002,4.01778005,4.272473269999993,134873.54338935396,132800.0,100280.0,156360.0,155430.0,155830.0,156020.0
6,100,100,12g,10,0:00:10,0:00:15,0:00:05,0:00:15,0:00:20,0:00:05,KeyValueStore,1,16,0,UniformSingleKeyWorkload,False,True,0:00:00.200000,info,1,info,3.0581588476896298,3.647459,0.333385,30.35872,4.1680231999999995,4.2150026,4.635373400000004,137459.2790118852,143680.0,83730.0,155740.0,152500.0,153350.0,155260.0
7,100,100,12g,10,0:00:10,0:00:15,0:00:05,0:00:15,0:00:20,0:00:05,KeyValueStore,1,16,0,UniformSingleKeyWorkload,False,True,0:00:00.200000,info,1,info,3.5922660576058267,4.307314,0.285276,31.462355,5.0649120000000005,5.148123699999999,5.677106499999995,136277.9950518037,141960.0,100460.0,152020.0,149060.0,150350.0,151256.0
1,10,10,12g,10,0:00:10,0:00:15,0:00:05,0:00:15,0:00:20,0:00:05,KeyValueStore,1,16,0,UniformSingleKeyWorkload,False,True,0:00:00.200000,info,10,info,0.1762279998604716,0.171617,0.127775,8.282796,0.19677700000000004,0.21109539999999996,0.24980634000000004,57915.67709773314,58690.0,42610.0,61150.0,59810.0,60090.0,60860.0
1,10,10,12g,10,0:00:10,0:00:15,0:00:05,0:00:15,0:00:20,0:00:05,KeyValueStore,1,16,0,UniformSingleKeyWorkload,False,True,0:00:00.200000,info,10,info,0.16792440511274842,0.16303649999999997,0.124557,10.636585,0.18812220000000002,0.206509,0.25287947000000005,60435.48915552535,60960.0,42370.0,63430.0,62740.0,63080.0,63280.0
1,50,50,12g,10,0:00:10,0:00:15,0:00:05,0:00:15,0:00:20,0:00:05,KeyValueStore,1,16,0,UniformSingleKeyWorkload,False,True,0:00:00.200000,info,10,info,0.3106262355896196,0.299191,0.115177,17.766704,0.364976,0.3980533999999999,0.4939064699999994,139680.55425569284,141120.0,88030.0,157440.0,155270.0,156030.0,157100.0
1,100,100,12g,10,0:00:10,0:00:15,0:00:05,0:00:15,0:00:20,0:00:05,KeyValueStore,1,16,0,UniformSingleKeyWorkload,False,True,0:00:00.200000,info,10,info,0.47882226432534125,0.459172,0.286627,93.264554,0.574502,0.6117360000000001,0.7451715,140365.8390150554,144290.0,108250.0,154410.0,153050.0,153380.0,154230.0
2,100,100,12g,10,0:00:10,0:00:15,0:00:05,0:00:15,0:00:20,0:00:05,KeyValueStore,1,16,0,UniformSingleKeyWorkload,False,True,0:00:00.200000,info,10,info,0.7652843496536332,0.781463,0.238032,28.147737,1.058881,1.092871,1.2637155600000023,180669.04825622862,185230.0,84110.0,232200.0,231150.0,231440.0,231950.0
3,100,100,12g,10,0:00:10,0:00:15,0:00:05,0:00:15,0:00:20,0:00:05,KeyValueStore,1,16,0,UniformSingleKeyWorkload,False,True,0:00:00.200000,info,10,info,1.1133014525398701,1.220091,0.251408,56.257419,1.4322626000000003,2.22875615,2.3081184099999996,195952.21032090805,214100.0,125130.0,228570.0,223930.0,224950.0,227580.0
4,100,100,12g,10,0:00:10,0:00:15,0:00:05,0:00:15,0:00:20,0:00:05,KeyValueStore,1,16,0,UniformSingleKeyWorkload,False,True,0:00:00.200000,info,10,info,1.44285094022508,1.559984,0.31957,33.703387,1.8187612,2.734779799999999,2.8305865399999997,203822.81773180584,217860.0,129290.0,238730.0,234410.0,236950.0,238410.0
5,100,100,12g,10,0:00:10,0:00:15,0:00:05,0:00:15,0:00:20,0:00:05,KeyValueStore,1,16,0,UniformSingleKeyWorkload,False,True,0:00:00.200000,info,10,info,1.9394296655625283,2.212313,0.222195,18.320542,2.4420524,3.7248238000000002,3.8495767200000004,192470.5545878029,208870.0,117970.0,211650.0,210020.0,210470.0,211360.0
6,100,100,12g,10,0:00:10,0:00:15,0:00:05,0:00:15,0:00:20,0:00:05,KeyValueStore,1,16,0,UniformSingleKeyWorkload,False,True,0:00:00.200000,info,10,info,2.884572780295027,2.815532,0.182731,23.718234,3.0595587,4.547773899999999,4.63828117,202599.52198726733,207400.0,131490.0,214740.0,213560.0,214090.0,214400.0
7,100,100,12g,10,0:00:10,0:00:15,0:00:05,0:00:15,0:00:20,0:00:05,KeyValueStore,1,16,0,UniformSingleKeyWorkload,False,True,0:00:00.200000,info,10,info,2.773325782143818,3.209017,0.184964,43.914799,3.4710420000000006,5.269406399999998,5.443888579999999,191575.45741042064,205430.0,122210.0,223550.0,215800.0,221580.0,223080.0
1,25,25,12g,10,0:00:10,0:00:15,0:00:05,0:00:15,0:00:20,0:00:05,KeyValueStore,1,16,0,UniformSingleKeyWorkload,False,True,0:00:00.200000,info,25,info,0.25960143564122323,0.253484,0.194628,12.813618,0.289766,0.31732,0.38385,88281.4628289869,89780.0,62860.0,91480.0,91150.0,91272.99999999988,91380.0
1,25,25,12g,10,0:00:10,0:00:15,0:00:05,0:00:15,0:00:20,0:00:05,KeyValueStore,1,16,0,UniformSingleKeyWorkload,False,True,0:00:00.200000,info,25,info,0.26201679726871435,0.256134,0.191892,6.646118,0.2970436,0.32519659999999995,0.3772597600000003,88137.39067332474,89500.0,63280.0,91500.0,90990.0,91100.0,91370.0
1,50,50,12g,10,0:00:10,0:00:15,0:00:05,0:00:15,0:00:20,0:00:05,KeyValueStore,1,16,0,UniformSingleKeyWorkload,False,True,0:00:00.200000,info,25,info,0.32927777930773844,0.315379,0.249982,74.89259,0.366637,0.44445675,0.5835131,140441.2187068766,141620.0,78380.0,156050.0,155120.0,155370.0,155830.0
1,100,100,12g,10,0:00:10,0:00:15,0:00:05,0:00:15,0:00:20,0:00:05,KeyValueStore,1,16,0,UniformSingleKeyWorkload,False,True,0:00:00.200000,info,25,info,0.4787535249064377,0.459361,0.301375,64.047339,0.5575058,0.6033361499999998,0.83506448,139458.5564015635,139530.0,100730.0,149330.0,145360.0,147010.0,148750.0
2,100,100,12g,10,0:00:10,0:00:15,0:00:05,0:00:15,0:00:20,0:00:05,KeyValueStore,1,16,0,UniformSingleKeyWorkload,False,True,0:00:00.200000,info,25,info,0.7085149611723095,0.7394125,0.281083,61.645858,0.910059,1.0643209499999993,1.37748889,190737.8265176297,222030.0,74830.0,236110.0,231360.0,233070.0,235640.0
3,100,100,12g,10,0:00:10,0:00:15,0:00:05,0:00:15,0:00:20,0:00:05,KeyValueStore,1,16,0,UniformSingleKeyWorkload,False,True,0:00:00.200000,info,25,info,0.9630781196283255,1.062308,0.269182,24.039396,1.2621212000000002,1.948605999999999,2.0513160399999997,221840.3679051297,242830.0,139517.0,262800.0,259510.0,260610.0,262260.0
4,100,100,12g,10,0:00:10,0:00:15,0:00:05,0:00:15,0:00:20,0:00:05,KeyValueStore,1,16,0,UniformSingleKeyWorkload,False,True,0:00:00.200000,info,25,info,1.4446440906749083,1.575373,0.256545,53.625879,1.895191,2.8666755499999996,2.9938469899999998,202926.92498577395,216040.0,135640.0,241200.0,233730.0,235940.0,239230.0
5,100,100,12g,10,0:00:10,0:00:15,0:00:05,0:00:15,0:00:20,0:00:05,KeyValueStore,1,16,0,UniformSingleKeyWorkload,False,True,0:00:00.200000,info,25,info,1.7332882503865004,1.872177,0.297049,22.93949,2.2278134,3.5410514999999982,3.7085879200000003,215623.99102464545,234170.0,122610.0,248800.0,246580.0,247200.0,248150.0
6,100,100,12g,10,0:00:10,0:00:15,0:00:05,0:00:15,0:00:20,0:00:05,KeyValueStore,1,16,0,UniformSingleKeyWorkload,False,True,0:00:00.200000,info,25,info,2.171662973004243,2.420625,0.232787,39.56254,2.644607,4.111655,4.2569262000000005,208630.98458201057,227520.0,126130.0,234620.0,232090.0,233350.0,233800.0
7,100,100,12g,10,0:00:10,0:00:15,0:00:05,0:00:15,0:00:20,0:00:05,KeyValueStore,1,16,0,UniformSingleKeyWorkload,False,True,0:00:00.200000,info,25,info,2.4308678016000114,2.6763434999999998,0.297869,47.354209,3.2100044000000003,4.6075126,4.7713867400000005,219064.20446292593,236790.0,110650.0,251930.0,250600.0,251290.0,251540.0
1,50,50,12g,10,0:00:10,0:00:15,0:00:05,0:00:15,0:00:20,0:00:05,KeyValueStore,1,16,0,UniformSingleKeyWorkload,False,True,0:00:00.200000,info,50,info,0.40398918029740927,0.389042,0.300463,6.864657,0.459641,0.499711,0.6149567999999999,108840.94147404976,109530.0,82640.0,114050.0,111950.0,112510.0,113660.0
1,50,50,12g,10,0:00:10,0:00:15,0:00:05,0:00:15,0:00:20,0:00:05,KeyValueStore,1,16,0,UniformSingleKeyWorkload,False,True,0:00:00.200000,info,50,info,0.4038375413245348,0.3874465,0.30443,7.046939,0.46234949999999997,0.51721,0.6194014999999999,107957.8576089811,110050.0,77060.0,114170.0,112660.0,113540.0,113970.0
1,50,50,12g,10,0:00:10,0:00:15,0:00:05,0:00:15,0:00:20,0:00:05,KeyValueStore,1,16,0,UniformSingleKeyWorkload,False,True,0:00:00.200000,info,50,info,0.39988895457043866,0.382269,0.307192,9.050281,0.459324,0.515901,0.6355067999999988,109482.45757986447,111370.0,69710.0,115300.0,114480.0,114700.0,115050.0
1,100,100,12g,10,0:00:10,0:00:15,0:00:05,0:00:15,0:00:20,0:00:05,KeyValueStore,1,16,0,UniformSingleKeyWorkload,False,True,0:00:00.200000,info,50,info,0.6144853772054063,0.580111,0.294136,39.915974,0.696294,0.79981575,0.9892585,144389.8545672196,145580.0,85610.0,164450.0,162720.0,163790.0,164160.0
2,100,100,12g,10,0:00:10,0:00:15,0:00:05,0:00:15,0:00:20,0:00:05,KeyValueStore,1,16,0,UniformSingleKeyWorkload,False,True,0:00:00.200000,info,50,info,0.7441664983760035,0.685781,0.291793,82.356188,0.967769,1.2549365,1.3441055,196331.53508656708,219240.0,113360.0,249290.0,247150.0,248220.0,249050.0
3,100,100,12g,10,0:00:10,0:00:15,0:00:05,0:00:15,0:00:20,0:00:05,KeyValueStore,1,16,0,UniformSingleKeyWorkload,False,True,0:00:00.200000,info,50,info,1.0448336245613519,1.1280245,0.306797,49.355863,1.3331108,2.0115802999999994,2.1451666199999995,212247.55014753423,228220.0,140810.0,245920.0,242670.0,243780.0,244930.0
4,100,100,12g,10,0:00:10,0:00:15,0:00:05,0:00:15,0:00:20,0:00:05,KeyValueStore,1,16,0,UniformSingleKeyWorkload,False,True,0:00:00.200000,info,50,info,1.378432685836381,1.4839945,0.406984,55.525729,1.77607,2.67725775,2.84408441,217594.36609780524,232160.0,143610.0,254110.0,251420.0,252400.0,252970.0
5,100,100,12g,10,0:00:10,0:00:15,0:00:05,0:00:15,0:00:20,0:00:05,KeyValueStore,1,16,0,UniformSingleKeyWorkload,False,True,0:00:00.200000,info,50,info,1.6488870260129944,1.708347,0.364593,37.312231,2.2871652,3.0257906500000002,3.20793399,231430.83758665016,237860.0,146410.0,279630.0,278070.0,278540.0,279150.0
6,100,100,12g,10,0:00:10,0:00:15,0:00:05,0:00:15,0:00:20,0:00:05,KeyValueStore,1,16,0,UniformSingleKeyWorkload,False,True,0:00:00.200000,info,50,info,2.058112552454136,2.17284,0.376323,31.621925,2.6630044,3.747335949999999,3.9946174699999992,225444.33429419622,242860.0,131310.0,271360.0,262100.0,262540.0,270480.0
7,100,100,12g,10,0:00:10,0:00:15,0:00:05,0:00:15,0:00:20,0:00:05,KeyValueStore,1,16,0,UniformSingleKeyWorkload,False,True,0:00:00.200000,info,50,info,2.370946789538719,2.5848355,0.355212,29.119316,2.8531401,4.4360154,4.72121665,228042.75061663528,245050.0,135260.0,264470.0,262540.0,263730.0,264080.0
1,100,100,12g,10,0:00:10,0:00:15,0:00:05,0:00:15,0:00:20,0:00:05,KeyValueStore,1,16,0,UniformSingleKeyWorkload,False,True,0:00:00.200000,info,100,info,0.6855771387955938,0.66206,0.550557,13.681643,0.763996,0.86182,1.0142991,122844.35431084366,124570.0,102910.0,129100.0,127790.0,128460.0,128950.0
1,100,100,12g,10,0:00:10,0:00:15,0:00:05,0:00:15,0:00:20,0:00:05,KeyValueStore,1,16,0,UniformSingleKeyWorkload,False,True,0:00:00.200000,info,100,info,0.6764718179263823,0.65205,0.515107,7.857109,0.772551,0.881807,1.0725017999999997,124940.49025639282,125930.0,81850.0,135050.0,131590.0,133110.0,134400.0
1,100,100,12g,10,0:00:10,0:00:15,0:00:05,0:00:15,0:00:20,0:00:05,KeyValueStore,1,16,0,UniformSingleKeyWorkload,False,True,0:00:00.200000,info,100,info,0.6822050143708225,0.657441,0.520296,8.637679,0.783189,0.880521,1.0431785999999992,124373.6499034749,125760.0,83510.0,131300.0,129510.0,130340.0,130690.0
1,100,100,12g,10,0:00:10,0:00:15,0:00:05,0:00:15,0:00:20,0:00:05,KeyValueStore,1,16,0,UniformSingleKeyWorkload,False,True,0:00:00.200000,info,100,info,0.678283892673248,0.650785,0.548604,7.087801,0.762572,0.884418,1.0434877999999996,124930.88708234228,127290.0,88910.0,130300.0,129260.0,129880.0,130120.0
2,100,100,12g,10,0:00:10,0:00:15,0:00:05,0:00:15,0:00:20,0:00:05,KeyValueStore,1,16,0,UniformSingleKeyWorkload,False,True,0:00:00.200000,info,100,info,0.7721619893708381,0.73261,0.33613,18.071548,0.924125,1.234662,1.3686397999999977,192622.34824538702,218940.0,96700.0,254170.0,248910.0,252580.0,253530.0
3,100,100,12g,10,0:00:10,0:00:15,0:00:05,0:00:15,0:00:20,0:00:05,KeyValueStore,1,16,0,UniformSingleKeyWorkload,False,True,0:00:00.200000,info,100,info,0.9895136082044246,1.003222,0.299501,37.739445,1.3310075,1.5961456999999952,2.397718,223981.11232528335,244750.0,116310.0,262040.0,258240.0,258780.0,261140.0
4,100,100,12g,10,0:00:10,0:00:15,0:00:05,0:00:15,0:00:20,0:00:05,KeyValueStore,1,16,0,UniformSingleKeyWorkload,False,True,0:00:00.200000,info,100,info,1.3424009108356383,1.180581,0.364243,31.577614,2.23338,2.4701245,2.8476255,225266.08554041592,246920.0,113210.0,264100.0,257170.0,261790.0,263480.0
5,100,100,12g,10,0:00:10,0:00:15,0:00:05,0:00:15,0:00:20,0:00:05,KeyValueStore,1,16,0,UniformSingleKeyWorkload,False,True,0:00:00.200000,info,100,info,1.6774446487150554,1.540052,0.35072,26.0404,2.9749016,3.1786239999999997,3.5766437200000034,227411.61167455543,249870.0,123040.0,257990.0,255490.0,256530.0,257500.0
1,1,1,12g,10,0:00:10,0:00:15,0:00:05,0:00:15,0:00:20,0:00:05,KeyValueStore,1,16,0,UniformSingleKeyWorkload,False,True,0:00:00.200000,info,1,info,0.096594044547807,0.096048,0.071883,0.998849,0.10510040000000001,0.10837059999999998,0.11572236,20396.66630510847,20410.0,19470.0,20960.0,20740.0,20790.0,20900.0
1,10,10,12g,10,0:00:10,0:00:15,0:00:05,0:00:15,0:00:20,0:00:05,KeyValueStore,1,16,0,UniformSingleKeyWorkload,False,True,0:00:00.200000,info,1,info,0.128267929102583,0.12549349999999998,0.0874,6.713167,0.144901,0.153576,0.1786277,82175.32172249963,82270.0,65530.0,88060.0,86460.0,87300.0,87950.0
1,50,50,12g,10,0:00:10,0:00:15,0:00:05,0:00:15,0:00:20,0:00:05,KeyValueStore,1,16,0,UniformSingleKeyWorkload,False,True,0:00:00.200000,info,1,info,0.353418341155861,0.3362545,0.182831,7.871658,0.44397159999999997,0.46797679999999986,0.5990421100000005,121895.27979341586,113640.0,84750.0,154120.0,150470.0,153690.0,153990.0
1,100,100,12g,10,0:00:10,0:00:15,0:00:05,0:00:15,0:00:20,0:00:05,KeyValueStore,1,16,0,UniformSingleKeyWorkload,False,True,0:00:00.200000,info,1,info,0.648576348137819,0.612504,0.265585,9.271445,0.8284311000000001,0.8954091999999999,1.1858947200000007,116333.60963942058,116920.0,80130.0,138890.0,127790.0,135100.0,138660.0
2,100,100,12g,10,0:00:10,0:00:15,0:00:05,0:00:15,0:00:20,0:00:05,KeyValueStore,1,16,0,UniformSingleKeyWorkload,False,True,0:00:00.200000,info,1,info,1.397897478192818,1.428054,0.199669,32.437501,1.61389,1.66711295,2.2469139600000005,136855.72977134577,132577.0,101940.0,158310.0,155650.0,157920.0,158100.0
3,100,100,12g,10,0:00:10,0:00:15,0:00:05,0:00:15,0:00:20,0:00:05,KeyValueStore,1,16,0,UniformSingleKeyWorkload,False,True,0:00:00.200000,info,1,info,1.8626254575758092,1.909262,0.334927,44.657155,2.063194,2.1038067500000004,2.641991,152019.83637229187,152285.0,117712.0,159640.0,158740.0,159080.0,159390.0
4,100,100,12g,10,0:00:10,0:00:15,0:00:05,0:00:15,0:00:20,0:00:05,KeyValueStore,1,16,0,UniformSingleKeyWorkload,False,True,0:00:00.200000,info,1,info,2.717309925084747,2.782358,0.295173,20.839386,3.117628,3.247782,3.8858456,140547.5628281989,140020.0,121800.0,151460.0,150820.0,151100.0,151270.0
5,100,100,12g,10,0:00:10,0:00:15,0:00:05,0:00:15,0:00:20,0:00:05,KeyValueStore,1,16,0,UniformSingleKeyWorkload,False,True,0:00:00.200000,info,1,info,3.214705851946202,3.29019,0.115818,29.436864,3.7017542,3.7862602,4.291207879999997,147263.06852793036,149880.0,122200.0,154290.0,152430.0,152780.0,153550.0
6,100,100,12g,10,0:00:10,0:00:15,0:00:05,0:00:15,0:00:20,0:00:05,KeyValueStore,1,16,0,UniformSingleKeyWorkload,False,True,0:00:00.200000,info,1,info,3.9701226735650015,3.949248,0.262578,31.090189,4.7334707,4.9029168,5.68819867,144106.9165932383,144300.0,120310.0,155640.0,154870.0,155330.0,155510.0
7,100,100,12g,10,0:00:10,0:00:15,0:00:05,0:00:15,0:00:20,0:00:05,KeyValueStore,1,16,0,UniformSingleKeyWorkload,False,True,0:00:00.200000,info,1,info,3.704961387919477,4.669009,0.111308,29.473338,5.016545,5.0912922,5.870653739999998,135181.5893407947,141270.0,109600.0,145530.0,144190.0,144870.0,145300.0
8,100,100,12g,10,0:00:10,0:00:15,0:00:05,0:00:15,0:00:20,0:00:05,KeyValueStore,1,16,0,UniformSingleKeyWorkload,False,True,0:00:00.200000,info,1,info,4.041951815641792,5.06452,0.301346,26.851833,5.594578,5.812127,6.276982399999998,139923.25765177148,150450.0,100630.0,158370.0,157210.0,157730.0,157930.0
11,100,100,12g,10,0:00:10,0:00:15,0:00:05,0:00:15,0:00:20,0:00:05,KeyValueStore,1,16,0,UniformSingleKeyWorkload,False,True,0:00:00.200000,info,1,info,5.77168447989891,5.91277,0.138283,34.081347,7.985806800000001,8.0629112,8.807504399999992,133972.74133788023,138250.0,84850.0,149190.0,143800.0,147060.0,148920.0
14,100,100,12g,10,0:00:10,0:00:15,0:00:05,0:00:15,0:00:20,0:00:05,KeyValueStore,1,16,0,UniformSingleKeyWorkload,False,True,0:00:00.200000,info,1,info,7.2540693488805665,7.925831,0.232931,29.651222,10.071821,10.192809,10.882969699999986,134301.35318266388,140020.0,90900.0,143580.0,142420.0,142710.0,143260.0
17,100,100,12g,10,0:00:10,0:00:15,0:00:05,0:00:15,0:00:20,0:00:05,KeyValueStore,1,16,0,UniformSingleKeyWorkload,False,True,0:00:00.200000,info,1,info,8.153210038169474,10.641432,0.317738,32.705988,11.670426200000001,12.5843724,13.09315604,140337.19586112234,146980.0,90220.0,156133.0,154280.0,154580.0,154750.0
20,100,100,12g,10,0:00:10,0:00:15,0:00:05,0:00:15,0:00:20,0:00:05,KeyValueStore,1,16,0,UniformSingleKeyWorkload,False,True,0:00:00.200000,info,1,info,9.883971408166948,11.488342,0.35443,32.646433,14.6058774,14.750876600000002,15.429676079999998,137917.20854426306,141930.0,88040.0,159790.0,149990.0,155290.0,159560.0
1,10,10,12g,10,0:00:10,0:00:15,0:00:05,0:00:15,0:00:20,0:00:05,KeyValueStore,1,16,0,UniformSingleKeyWorkload,False,True,0:00:00.200000,info,10,info,0.17538237558456063,0.170586,0.128809,9.626809,0.1951759,0.20939595,0.24453495,57975.7720931369,58760.0,41040.0,60560.0,59870.0,60080.0,60440.0
1,10,10,12g,10,0:00:10,0:00:15,0:00:05,0:00:15,0:00:20,0:00:05,KeyValueStore,1,16,0,UniformSingleKeyWorkload,False,True,0:00:00.200000,info,10,info,0.17594335793624863,0.171945,0.130557,9.463557,0.19351659999999998,0.20498919999999995,0.24412471999999996,57775.68840633232,58190.0,44740.0,61020.0,60080.0,60410.0,60920.0
1,50,50,12g,10,0:00:10,0:00:15,0:00:05,0:00:15,0:00:20,0:00:05,KeyValueStore,1,16,0,UniformSingleKeyWorkload,False,True,0:00:00.200000,info,10,info,0.30878936089620806,0.294238,0.157626,75.185599,0.365621,0.4015040999999999,0.5508553399999991,135141.56138320718,137410.0,70830.0,146800.0,142900.0,145570.0,146020.0
1,100,100,12g,10,0:00:10,0:00:15,0:00:05,0:00:15,0:00:20,0:00:05,KeyValueStore,1,16,0,UniformSingleKeyWorkload,False,True,0:00:00.200000,info,10,info,0.5016658623738524,0.47304,0.214459,66.201248,0.6027235,0.7001232500000001,0.9692499499999992,134712.11564879678,134490.0,73030.0,152580.0,151570.0,151900.0,152370.0
2,100,100,12g,10,0:00:10,0:00:15,0:00:05,0:00:15,0:00:20,0:00:05,KeyValueStore,1,16,0,UniformSingleKeyWorkload,False,True,0:00:00.200000,info,10,info,0.6850870198019801,0.6715425,0.284584,104.882619,0.9958758,1.049554,1.3240731300000002,197767.72629707478,206410.0,74740.0,253410.0,251890.0,252590.0,253110.0
3,100,100,12g,10,0:00:10,0:00:15,0:00:05,0:00:15,0:00:20,0:00:05,KeyValueStore,1,16,0,UniformSingleKeyWorkload,False,True,0:00:00.200000,info,10,info,1.0974470637238511,1.1567859999999999,0.247767,47.412825,1.5098945,2.0760194999999997,2.1562956000000004,198281.0388755069,212160.0,124230.0,234170.0,233350.0,233550.0,233860.0
4,100,100,12g,10,0:00:10,0:00:15,0:00:05,0:00:15,0:00:20,0:00:05,KeyValueStore,1,16,0,UniformSingleKeyWorkload,False,True,0:00:00.200000,info,10,info,1.4309560580841054,1.518316,0.263789,31.644438,1.9023586,2.7880371999999998,3.16768016,207868.82375302876,233340.0,121360.0,243750.0,242390.0,242840.0,243340.0
5,100,100,12g,10,0:00:10,0:00:15,0:00:05,0:00:15,0:00:20,0:00:05,KeyValueStore,1,16,0,UniformSingleKeyWorkload,False,True,0:00:00.200000,info,10,info,1.9199764497149236,2.2188415,0.252394,38.077943,2.4645314999999997,2.583729,3.8160006,193625.07769055045,208150.0,130570.0,213940.0,211430.0,213000.0,213600.0
6,100,100,12g,10,0:00:10,0:00:15,0:00:05,0:00:15,0:00:20,0:00:05,KeyValueStore,1,16,0,UniformSingleKeyWorkload,False,True,0:00:00.200000,info,10,info,2.4344260382247302,2.849099,0.258414,37.20368,3.053286,3.141596,4.7770484,185427.96951696015,198860.0,124902.0,207800.0,200850.0,203230.0,206570.0
7,100,100,12g,10,0:00:10,0:00:15,0:00:05,0:00:15,0:00:20,0:00:05,KeyValueStore,1,16,0,UniformSingleKeyWorkload,False,True,0:00:00.200000,info,10,info,2.735296943135095,2.931547,0.285541,53.552616,3.544361400000001,5.4322312,5.559425479999998,195980.6459285773,206030.0,125905.0,228710.0,227690.0,227940.0,228340.0
8,100,100,12g,10,0:00:10,0:00:15,0:00:05,0:00:15,0:00:20,0:00:05,KeyValueStore,1,16,0,UniformSingleKeyWorkload,False,True,0:00:00.200000,info,10,info,3.0706028100135043,3.3314965,0.154567,22.798695,3.942284,6.152232250000001,6.2895179500000005,198582.3473424526,210010.0,128530.0,233900.0,229910.0,232760.0,233590.0
11,100,100,12g,10,0:00:10,0:00:15,0:00:05,0:00:15,0:00:20,0:00:05,KeyValueStore,1,16,0,UniformSingleKeyWorkload,False,True,0:00:00.200000,info,10,info,4.003362267515066,4.066558,0.168666,32.634678,5.71109,8.267277,8.9764453,202477.34814109738,202150.0,123970.0,231760.0,229260.0,229740.0,231180.0
14,100,100,12g,10,0:00:10,0:00:15,0:00:05,0:00:15,0:00:20,0:00:05,KeyValueStore,1,16,0,UniformSingleKeyWorkload,False,True,0:00:00.200000,info,10,info,5.261997735487459,5.669939,0.299984,39.256045,7.243614,11.141465,11.336387,193981.0580396424,194810.0,124970.0,233540.0,227590.0,232950.0,233270.0
17,100,100,12g,10,0:00:10,0:00:15,0:00:05,0:00:15,0:00:20,0:00:05,KeyValueStore,1,16,0,UniformSingleKeyWorkload,False,True,0:00:00.200000,info,10,info,6.443197993845501,7.6587464999999995,0.244812,29.413371,9.221901200000001,13.305310899999998,13.52877686,190332.65338496843,193480.0,116980.0,207930.0,207330.80000000028,207500.0,207710.0
20,100,100,12g,10,0:00:10,0:00:15,0:00:05,0:00:15,0:00:20,0:00:05,KeyValueStore,1,16,0,UniformSingleKeyWorkload,False,True,0:00:00.200000,info,10,info,7.703562707577631,9.115382,0.359321,35.791151,10.714324399999999,16.415478699999998,16.77303359,185965.97742818602,189340.0,121130.0,205142.0,203630.0,204000.0,204610.0
1,25,25,12g,10,0:00:10,0:00:15,0:00:05,0:00:15,0:00:20,0:00:05,KeyValueStore,1,16,0,UniformSingleKeyWorkload,False,True,0:00:00.200000,info,25,info,0.2614960843348796,0.255951,0.190309,7.113983,0.2904624,0.31552440000000004,0.37498820000000016,88514.59648925938,89270.0,69530.0,92710.0,90750.0,91040.0,92180.0
1,25,25,12g,10,0:00:10,0:00:15,0:00:05,0:00:15,0:00:20,0:00:05,KeyValueStore,1,16,0,UniformSingleKeyWorkload,False,True,0:00:00.200000,info,25,info,0.2618176943859596,0.2561055,0.194402,12.103978,0.293671,0.31656475,0.38096641000000003,87618.53677213808,88860.0,64710.0,91930.0,90490.0,91020.0,91720.0
1,50,50,12g,10,0:00:10,0:00:15,0:00:05,0:00:15,0:00:20,0:00:05,KeyValueStore,1,16,0,UniformSingleKeyWorkload,False,True,0:00:00.200000,info,25,info,0.32862011874261127,0.315147,0.239795,65.376194,0.357521,0.434314,0.5511313999999999,139745.9199675695,142920.0,90510.0,149250.0,146900.0,148260.0,149010.0
1,100,100,12g,10,0:00:10,0:00:15,0:00:05,0:00:15,0:00:20,0:00:05,KeyValueStore,1,16,0,UniformSingleKeyWorkload,False,True,0:00:00.200000,info,25,info,0.4714698871836282,0.455938,0.222033,53.642928,0.566014,0.600601,0.805822,143673.64843792786,145550.0,121310.0,161180.0,158440.0,159210.0,160790.0
2,100,100,12g,10,0:00:10,0:00:15,0:00:05,0:00:15,0:00:20,0:00:05,KeyValueStore,1,16,0,UniformSingleKeyWorkload,False,True,0:00:00.200000,info,25,info,0.7048542329024519,0.71924,0.283063,17.368756,0.9133252000000001,1.1324947999999995,1.4617906399999998,192523.60329874267,222310.0,79300.0,246350.0,241280.0,243950.0,245950.0
3,100,100,12g,10,0:00:10,0:00:15,0:00:05,0:00:15,0:00:20,0:00:05,KeyValueStore,1,16,0,UniformSingleKeyWorkload,False,True,0:00:00.200000,info,25,info,1.0499638638734223,1.177358,0.306384,43.082865,1.3825906000000001,2.1100057999999997,2.20863864,205123.9204747711,220230.0,131510.0,245150.0,241790.0,244630.0,244910.0
4,100,100,12g,10,0:00:10,0:00:15,0:00:05,0:00:15,0:00:20,0:00:05,KeyValueStore,1,16,0,UniformSingleKeyWorkload,False,True,0:00:00.200000,info,25,info,1.412870524026829,1.529004,0.274163,37.171695,1.7802089999999997,2.6958346,2.80516456,208460.8049907116,223730.0,132160.0,242150.0,240550.0,241400.0,241860.0
5,100,100,12g,10,0:00:10,0:00:15,0:00:05,0:00:15,0:00:20,0:00:05,KeyValueStore,1,16,0,UniformSingleKeyWorkload,False,True,0:00:00.200000,info,25,info,1.7233558591857447,1.9107055000000002,0.20732,45.445766,2.1854859,3.3273706999999995,3.46628857,215689.4953555867,231470.0,129740.0,242770.0,241540.0,241790.0,242100.0
6,100,100,12g,10,0:00:10,0:00:15,0:00:05,0:00:15,0:00:20,0:00:05,KeyValueStore,1,16,0,UniformSingleKeyWorkload,False,True,0:00:00.200000,info,25,info,2.145731055815226,2.394325,0.273838,34.979785,2.670115,4.0713856,4.22280992,211772.85045026656,232700.0,124890.0,236320.0,234970.0,235390.0,235970.0
7,100,100,12g,10,0:00:10,0:00:15,0:00:05,0:00:15,0:00:20,0:00:05,KeyValueStore,1,16,0,UniformSingleKeyWorkload,False,True,0:00:00.200000,info,25,info,2.539463435683828,2.8138870000000002,0.225751,40.997556,3.2314523000000004,4.836350099999999,4.997627,208791.359406203,221990.0,125970.0,240910.0,237570.0,240160.0,240570.0
8,100,100,12g,10,0:00:10,0:00:15,0:00:05,0:00:15,0:00:20,0:00:05,KeyValueStore,1,16,0,UniformSingleKeyWorkload,False,True,0:00:00.200000,info,25,info,2.9412413952133356,3.266789,0.282812,29.110816,3.7870732,5.81875,6.00772048,205582.72555729293,216040.0,135250.0,240390.0,237830.0,238660.0,239260.0
11,100,100,12g,10,0:00:10,0:00:15,0:00:05,0:00:15,0:00:20,0:00:05,KeyValueStore,1,16,0,UniformSingleKeyWorkload,False,True,0:00:00.200000,info,25,info,4.031804904197237,4.582852,0.242796,33.19483,5.033586,7.631120799999999,7.994124800000001,209327.49608567014,224110.0,137410.0,236467.0,232340.0,232670.0,233245.0
14,100,100,12g,10,0:00:10,0:00:15,0:00:05,0:00:15,0:00:20,0:00:05,KeyValueStore,1,16,0,UniformSingleKeyWorkload,False,True,0:00:00.200000,info,25,info,5.051119780962036,5.718198,0.297359,39.980378,6.2384205999999995,9.861502199999995,10.109952239999998,213614.91868099838,229280.0,132910.0,242500.0,236230.0,238540.0,241880.0
17,100,100,12g,10,0:00:10,0:00:15,0:00:05,0:00:15,0:00:20,0:00:05,KeyValueStore,1,16,0,UniformSingleKeyWorkload,False,True,0:00:00.200000,info,25,info,6.309017478612669,7.2537095,0.29354,36.742074,7.6094415,11.99394775,12.23318778,209200.08026749716,225540.0,123950.0,233980.0,230030.0,232800.0,233540.0
20,100,100,12g,10,0:00:10,0:00:15,0:00:05,0:00:15,0:00:20,0:00:05,KeyValueStore,1,16,0,UniformSingleKeyWorkload,False,True,0:00:00.200000,info,25,info,7.440991522686081,8.636569,0.317472,43.63745,9.1043089,14.4117185,14.69955017,207910.222473363,222420.0,126240.0,229740.0,228700.0,229050.0,229350.0
1,50,50,12g,10,0:00:10,0:00:15,0:00:05,0:00:15,0:00:20,0:00:05,KeyValueStore,1,16,0,UniformSingleKeyWorkload,False,True,0:00:00.200000,info,50,info,0.39691924222291,0.380193,0.304656,6.60386,0.452508,0.507984,0.6117711999999998,111198.02972535323,113240.0,73360.0,117190.0,115620.0,116120.0,116680.0
1,50,50,12g,10,0:00:10,0:00:15,0:00:05,0:00:15,0:00:20,0:00:05,KeyValueStore,1,16,0,UniformSingleKeyWorkload,False,True,0:00:00.200000,info,50,info,0.4040798438866942,0.3884865,0.318953,7.809535,0.455236,0.51238825,0.64421215,108239.04625788116,110690.0,74310.0,114100.0,112350.0,113500.0,114000.0
1,50,50,12g,10,0:00:10,0:00:15,0:00:05,0:00:15,0:00:20,0:00:05,KeyValueStore,1,16,0,UniformSingleKeyWorkload,False,True,0:00:00.200000,info,50,info,0.4038559422615421,0.382669,0.313814,8.864196,0.46805300000000005,0.53020525,0.6493151999999985,108738.3671849608,111180.0,70080.0,114850.0,112810.0,114020.0,114500.0
1,100,100,12g,10,0:00:10,0:00:15,0:00:05,0:00:15,0:00:20,0:00:05,KeyValueStore,1,16,0,UniformSingleKeyWorkload,False,True,0:00:00.200000,info,50,info,0.6064927781917752,0.593141,0.318827,5.894428,0.664029,0.709106,0.9013001999999999,146646.55994622875,148180.0,108590.0,153850.0,152060.0,153230.0,153560.0
2,100,100,12g,10,0:00:10,0:00:15,0:00:05,0:00:15,0:00:20,0:00:05,KeyValueStore,1,16,0,UniformSingleKeyWorkload,False,True,0:00:00.200000,info,50,info,0.7528381155821099,0.692103,0.297578,143.70747,0.988435,1.294624,1.3830656,195904.31567798983,205109.0,81610.0,263730.0,260750.0,261940.0,263170.0
3,100,100,12g,10,0:00:10,0:00:15,0:00:05,0:00:15,0:00:20,0:00:05,KeyValueStore,1,16,0,UniformSingleKeyWorkload,False,True,0:00:00.200000,info,50,info,1.0201501647400872,1.098297,0.339127,30.826799,1.281339,1.9475817999999998,2.07411192,216911.77718122496,234660.0,141460.0,256890.0,243930.0,251290.0,256530.0
4,100,100,12g,10,0:00:10,0:00:15,0:00:05,0:00:15,0:00:20,0:00:05,KeyValueStore,1,16,0,UniformSingleKeyWorkload,False,True,0:00:00.200000,info,50,info,1.3543986796730034,1.365839,0.35794,33.539516,1.8339113999999999,2.6031546999999997,2.7841990599999953,221015.74598805944,238540.0,145560.0,270690.0,260200.0,266880.0,269250.0
5,100,100,12g,10,0:00:10,0:00:15,0:00:05,0:00:15,0:00:20,0:00:05,KeyValueStore,1,16,0,UniformSingleKeyWorkload,False,True,0:00:00.200000,info,50,info,1.7095632867350923,1.8351845,0.35092,41.510535,2.2686946000000003,3.13216285,3.326834,221381.39328268732,226460.0,147170.0,257670.0,254490.0,254870.0,256530.0
6,100,100,12g,10,0:00:10,0:00:15,0:00:05,0:00:15,0:00:20,0:00:05,KeyValueStore,1,16,0,UniformSingleKeyWorkload,False,True,0:00:00.200000,info,50,info,2.0794096575649195,2.2626595,0.284141,34.539812,2.5337242000000004,3.89129835,4.13014049,222107.34213716618,242480.0,131150.0,250430.0,248590.0,249370.0,250010.0
7,100,100,12g,10,0:00:10,0:00:15,0:00:05,0:00:15,0:00:20,0:00:05,KeyValueStore,1,16,0,UniformSingleKeyWorkload,False,True,0:00:00.200000,info,50,info,2.488739888326702,2.7098614999999997,0.315667,23.173126,3.1259896,4.7941293499999995,5.042076160000001,215857.43936734233,229890.0,139260.0,251410.0,248770.0,249540.0,250180.0
8,100,100,12g,10,0:00:10,0:00:15,0:00:05,0:00:15,0:00:20,0:00:05,KeyValueStore,1,16,0,UniformSingleKeyWorkload,False,True,0:00:00.200000,info,50,info,2.7063789391407727,2.972913,0.291096,39.275179,3.4234657000000004,5.2526108,5.54626846,227606.84726058628,243850.0,143560.0,262800.0,261030.0,261430.0,262320.0
11,100,100,12g,10,0:00:10,0:00:15,0:00:05,0:00:15,0:00:20,0:00:05,KeyValueStore,1,16,0,UniformSingleKeyWorkload,False,True,0:00:00.200000,info,50,info,4.048310608438119,4.4538845,0.338882,41.185243,5.075793,7.7108295999999985,8.03948501,210717.57214013254,222890.0,139320.0,254210.0,244780.0,253400.0,253760.0
14,100,100,12g,10,0:00:10,0:00:15,0:00:05,0:00:15,0:00:20,0:00:05,KeyValueStore,1,16,0,UniformSingleKeyWorkload,False,True,0:00:00.200000,info,50,info,5.082426809533311,5.699759,0.33173,32.272432,6.4219145,9.1345915,9.50783725,214071.19001569552,224230.0,133910.0,255070.0,246160.0,254320.0,254700.0
17,100,100,12g,10,0:00:10,0:00:15,0:00:05,0:00:15,0:00:20,0:00:05,KeyValueStore,1,16,0,UniformSingleKeyWorkload,False,True,0:00:00.200000,info,50,info,6.0682916691123605,6.957332,0.319672,33.926525,7.4948318,11.611326799999999,12.062373879999999,217280.17219466247,233110.0,132110.0,242110.0,238980.0,239760.0,241510.0
20,100,100,12g,10,0:00:10,0:00:15,0:00:05,0:00:15,0:00:20,0:00:05,KeyValueStore,1,16,0,UniformSingleKeyWorkload,False,True,0:00:00.200000,info,50,info,7.169969088147106,8.2904075,0.353556,35.947156,8.749531000000001,13.731721349999997,14.185436979999999,217266.18014287011,233830.0,128530.0,237640.0,235590.0,236020.0,237140.0
1,100,100,12g,10,0:00:10,0:00:15,0:00:05,0:00:15,0:00:20,0:00:05,KeyValueStore,1,16,0,UniformSingleKeyWorkload,False,True,0:00:00.200000,info,100,info,0.6763161766574742,0.645242,0.532214,9.110362,0.760784,0.89488,1.1115285999999995,126051.16716039648,128630.0,84610.0,132500.0,131710.0,131940.0,132310.0
1,100,100,12g,10,0:00:10,0:00:15,0:00:05,0:00:15,0:00:20,0:00:05,KeyValueStore,1,16,0,UniformSingleKeyWorkload,False,True,0:00:00.200000,info,100,info,0.6743742000150498,0.648769,0.538349,7.156097,0.752859,0.8850709999999999,1.048108,125413.31421563099,127460.0,87110.0,131700.0,130980.0,131150.0,131400.0
1,100,100,12g,10,0:00:10,0:00:15,0:00:05,0:00:15,0:00:20,0:00:05,KeyValueStore,1,16,0,UniformSingleKeyWorkload,False,True,0:00:00.200000,info,100,info,0.7025364517279808,0.67154,0.557685,11.182838,0.805487,0.903829,1.0828631999999998,120605.793691055,122890.0,78510.0,126500.0,124710.0,125080.0,125920.0
1,100,100,12g,10,0:00:10,0:00:15,0:00:05,0:00:15,0:00:20,0:00:05,KeyValueStore,1,16,0,UniformSingleKeyWorkload,False,True,0:00:00.200000,info,100,info,0.6750332278852476,0.650904,0.513728,8.064228,0.761937,0.865151,1.0498552000000003,126083.31943285602,126980.0,97010.0,135500.0,131080.0,132640.0,134810.0
2,100,100,12g,10,0:00:10,0:00:15,0:00:05,0:00:15,0:00:20,0:00:05,KeyValueStore,1,16,0,UniformSingleKeyWorkload,False,True,0:00:00.200000,info,100,info,0.7572976298586497,0.694139,0.322306,9.609314,0.950531,1.2014170000000002,1.3185639999999998,201067.63322874086,218900.0,72710.0,264570.0,263020.0,263350.0,263770.0
3,100,100,12g,10,0:00:10,0:00:15,0:00:05,0:00:15,0:00:20,0:00:05,KeyValueStore,1,16,0,UniformSingleKeyWorkload,False,True,0:00:00.200000,info,100,info,0.9379724558081932,0.946391,0.304174,21.26267,1.251181,1.534024,2.301986999999999,237459.38855704706,259310.0,122410.0,278310.0,275340.0,276120.0,278030.0
4,100,100,12g,10,0:00:10,0:00:15,0:00:05,0:00:15,0:00:20,0:00:05,KeyValueStore,1,16,0,UniformSingleKeyWorkload,False,True,0:00:00.200000,info,100,info,1.3655677570221239,1.2190325,0.361352,21.508644,2.2448759000000003,2.502733999999996,2.8722020800000005,222440.7848193796,239080.0,114110.0,259120.0,256200.0,258060.0,258590.0
5,100,100,12g,10,0:00:10,0:00:15,0:00:05,0:00:15,0:00:20,0:00:05,KeyValueStore,1,16,0,UniformSingleKeyWorkload,False,True,0:00:00.200000,info,100,info,1.7050253842976988,1.5965254999999998,0.419886,12.205348,2.9129128000000004,3.14451345,3.5907446799999985,223990.13359450334,245630.0,116055.0,266030.0,264040.0,265030.0,265430.0
6,100,100,12g,10,0:00:10,0:00:15,0:00:05,0:00:15,0:00:20,0:00:05,KeyValueStore,1,16,0,UniformSingleKeyWorkload,False,True,0:00:00.200000,info,100,info,2.0932957331273863,2.023859,0.338419,38.42965,3.409683,4.0586655,4.586291,220191.93772500684,235830.0,118510.0,263680.0,256970.0,259480.0,260970.0
7,100,100,12g,10,0:00:10,0:00:15,0:00:05,0:00:15,0:00:20,0:00:05,KeyValueStore,1,16,0,UniformSingleKeyWorkload,False,True,0:00:00.200000,info,100,info,2.4198744970779877,2.398419,0.424526,26.669208,4.093659200000001,4.515425,5.18349832,224235.76643629544,241700.0,121580.0,261090.0,260260.0,260470.0,260670.0
8,100,100,12g,10,0:00:10,0:00:15,0:00:05,0:00:15,0:00:20,0:00:05,KeyValueStore,1,16,0,UniformSingleKeyWorkload,False,True,0:00:00.200000,info,100,info,2.7694752180149247,2.803069,0.420059,27.307661,4.6003024,5.3381318,6.046403359999997,224440.89863672774,239470.0,125310.0,262930.0,260090.0,261410.0,262270.0
11,100,100,12g,10,0:00:10,0:00:15,0:00:05,0:00:15,0:00:20,0:00:05,KeyValueStore,1,16,0,UniformSingleKeyWorkload,False,True,0:00:00.200000,info,100,info,3.794683644444912,3.916944,0.349009,40.343648,5.213892100000001,7.3345251,8.31657001,228176.5579884777,247560.0,115540.0,256820.0,255340.0,256280.0,256500.0
14,100,100,12g,10,0:00:10,0:00:15,0:00:05,0:00:15,0:00:20,0:00:05,KeyValueStore,1,16,0,UniformSingleKeyWorkload,False,True,0:00:00.200000,info,100,info,4.912159630825509,5.198881,0.383512,31.193572,6.217319,9.09919275,10.657705649999997,224771.59841883232,241390.0,114780.0,254920.0,253300.0,253560.0,253920.0
17,100,100,12g,10,0:00:10,0:00:15,0:00:05,0:00:15,0:00:20,0:00:05,KeyValueStore,1,16,0,UniformSingleKeyWorkload,False,True,0:00:00.200000,info,100,info,6.178330853572655,6.7229065,0.494458,128.124107,7.602952900000002,11.79308255,13.708617889999996,216247.13771814227,232700.0,111510.0,247640.0,240190.0,245440.0,247180.0
20,100,100,12g,10,0:00:10,0:00:15,0:00:05,0:00:15,0:00:20,0:00:05,KeyValueStore,1,16,0,UniformSingleKeyWorkload,False,True,0:00:00.200000,info,100,info,6.7086443367105,7.3048295,0.33336,4667.548392,8.374574500000001,11.870714,15.212366199999998,226903.9152254368,242810.0,114710.0,249820.0,247760.0,248920.0,249380.0
1,1,1,12g,10,0:00:10,0:00:15,0:00:05,0:00:15,0:00:20,0:00:05,KeyValueStore,1,16,0,UniformSingleKeyWorkload,False,True,0:00:00.200000,info,1,info,0.0951654432862877,0.094114,0.072923,4.735094,0.10291070000000001,0.10632745,0.11456896,20681.08857172478,20720.0,19550.0,21260.0,20990.0,21050.0,21220.0
1,10,10,12g,10,0:00:10,0:00:15,0:00:05,0:00:15,0:00:20,0:00:05,KeyValueStore,1,16,0,UniformSingleKeyWorkload,False,True,0:00:00.200000,info,1,info,0.12322602156353275,0.12058,0.082894,5.723064,0.141592,0.1516095,0.17937540000000007,85583.85528013922,84700.0,72900.0,97120.0,94470.0,96680.0,96940.0
1,50,50,12g,10,0:00:10,0:00:15,0:00:05,0:00:15,0:00:20,0:00:05,KeyValueStore,1,16,0,UniformSingleKeyWorkload,False,True,0:00:00.200000,info,1,info,0.3480470586168153,0.3331345,0.177453,9.139256,0.4466962,0.4790257,0.60111662,115723.14685258172,104200.0,64620.0,152540.0,148250.0,150190.0,152220.0
1,100,100,12g,10,0:00:10,0:00:15,0:00:05,0:00:15,0:00:20,0:00:05,KeyValueStore,1,16,0,UniformSingleKeyWorkload,False,True,0:00:00.200000,info,1,info,0.6726871023269962,0.6548305000000001,0.341999,9.54342,0.8627565,0.9100685000000001,1.159569100000001,117536.78711873786,116700.0,79590.0,135380.0,128450.0,132580.0,135250.0
2,100,100,12g,10,0:00:10,0:00:15,0:00:05,0:00:15,0:00:20,0:00:05,KeyValueStore,1,16,0,UniformSingleKeyWorkload,False,True,0:00:00.200000,info,1,info,1.3712369185637512,1.38459,0.315655,63.663555,1.5861158999999998,1.6643639499999998,2.07322692,143920.57047251277,141970.0,115970.0,166210.0,163480.0,165690.0,166040.0
3,100,100,12g,10,0:00:10,0:00:15,0:00:05,0:00:15,0:00:20,0:00:05,KeyValueStore,1,16,0,UniformSingleKeyWorkload,False,True,0:00:00.200000,info,1,info,1.9250257217158828,1.847545,0.402487,58.630405,2.2939,2.38806545,3.3996056499999985,154270.66559237466,160600.0,112540.0,163130.0,162310.0,162700.0,162910.0
4,100,100,12g,10,0:00:10,0:00:15,0:00:05,0:00:15,0:00:20,0:00:05,KeyValueStore,1,16,0,UniformSingleKeyWorkload,False,True,0:00:00.200000,info,1,info,2.9243955825545473,2.920772,0.26852,47.388772,3.12682,3.2151645,4.3639683,134840.79348632967,136140.0,118560.0,145850.0,140870.0,142270.0,145060.0
5,100,100,12g,10,0:00:10,0:00:15,0:00:05,0:00:15,0:00:20,0:00:05,KeyValueStore,1,16,0,UniformSingleKeyWorkload,False,True,0:00:00.200000,info,1,info,3.6583704580107077,3.7178145000000002,0.279754,34.041757,3.8773406999999995,3.9549201,5.29677302,133685.04577503438,132840.0,126690.0,139460.0,138120.0,138360.0,138720.0
6,100,100,12g,10,0:00:10,0:00:15,0:00:05,0:00:15,0:00:20,0:00:05,KeyValueStore,1,16,0,UniformSingleKeyWorkload,False,True,0:00:00.200000,info,1,info,4.341790035016314,4.394186,0.244495,28.913749,4.5592432,4.6532332,6.0966340400000005,135499.3429854548,135260.0,126330.0,144530.0,137870.0,139850.0,143370.0
7,100,100,12g,10,0:00:10,0:00:15,0:00:05,0:00:15,0:00:20,0:00:05,KeyValueStore,1,16,0,UniformSingleKeyWorkload,False,True,0:00:00.200000,info,1,info,4.685690222086696,4.69935,0.258852,33.001426,5.0561482,5.15972205,7.08455194,146407.4053710254,146510.0,123500.0,155590.0,154700.0,155200.0,155420.0
8,100,100,12g,10,0:00:10,0:00:15,0:00:05,0:00:15,0:00:20,0:00:05,KeyValueStore,1,16,0,UniformSingleKeyWorkload,False,True,0:00:00.200000,info,1,info,5.508602304518059,5.548593,0.396432,27.194127,5.9686116,6.0776843,8.65636426,141370.69779883383,143440.0,120590.0,147680.0,146200.0,146980.0,147260.0
11,100,100,12g,10,0:00:10,0:00:15,0:00:05,0:00:15,0:00:20,0:00:05,KeyValueStore,1,16,0,UniformSingleKeyWorkload,False,True,0:00:00.200000,info,1,info,7.550062677263389,7.953406,0.374664,33.645318,8.5144748,8.634295999999999,11.071202919999996,141503.35615658225,136300.0,118290.0,159710.0,158050.0,158970.0,159470.0
14,100,100,12g,10,0:00:10,0:00:15,0:00:05,0:00:15,0:00:20,0:00:05,KeyValueStore,1,16,0,UniformSingleKeyWorkload,False,True,0:00:00.200000,info,1,info,9.244208284837532,9.503451,0.273304,29.535102,10.398613,10.5642055,11.5469765,144285.26499076848,144110.0,123850.0,151070.0,149660.0,150250.0,150640.0
17,100,100,12g,10,0:00:10,0:00:15,0:00:05,0:00:15,0:00:20,0:00:05,KeyValueStore,1,16,0,UniformSingleKeyWorkload,False,True,0:00:00.200000,info,1,info,11.117396278391823,11.602715499999999,0.303775,27.492643,12.442717,12.619211999999997,14.47416566,143980.92153621512,144240.0,125660.0,149170.0,148370.0,148670.0,148870.0
20,100,100,12g,10,0:00:10,0:00:15,0:00:05,0:00:15,0:00:20,0:00:05,KeyValueStore,1,16,0,UniformSingleKeyWorkload,False,True,0:00:00.200000,info,1,info,12.85700233923559,13.7108425,0.330372,40.926787,14.654253999999998,14.839777299999998,16.509761199999975,143560.0892491537,142830.0,131730.0,151490.0,150380.0,150889.0,151200.0
1,10,10,12g,10,0:00:10,0:00:15,0:00:05,0:00:15,0:00:20,0:00:05,KeyValueStore,1,16,0,UniformSingleKeyWorkload,False,True,0:00:00.200000,info,10,info,0.1765998864161243,0.172287,0.131083,12.984541,0.1948971,0.20603274999999993,0.24107150999999993,57676.446282212215,58130.0,44760.0,60520.0,59830.0,59960.0,60410.0
1,10,10,12g,10,0:00:10,0:00:15,0:00:05,0:00:15,0:00:20,0:00:05,KeyValueStore,1,16,0,UniformSingleKeyWorkload,False,True,0:00:00.200000,info,10,info,0.16625033206847864,0.161342,0.127329,8.450003,0.185705,0.2029385,0.24170069999999994,61149.68347117984,62240.0,44490.0,63610.0,63170.0,63380.0,63510.0
1,50,50,12g,10,0:00:10,0:00:15,0:00:05,0:00:15,0:00:20,0:00:05,KeyValueStore,1,16,0,UniformSingleKeyWorkload,False,True,0:00:00.200000,info,10,info,0.2959870963858354,0.2855845,0.169091,94.460364,0.34858140000000004,0.3760667499999999,0.48209921999999994,138704.82372895232,138720.0,99650.0,160130.0,157370.0,158020.0,159190.0
1,100,100,12g,10,0:00:10,0:00:15,0:00:05,0:00:15,0:00:20,0:00:05,KeyValueStore,1,16,0,UniformSingleKeyWorkload,False,True,0:00:00.200000,info,10,info,0.5172344867212696,0.493748,0.209457,64.916565,0.594732,0.70454,0.960983199999998,129915.71298798555,132990.0,70430.0,140120.0,136130.0,137860.0,139730.0
2,100,100,12g,10,0:00:10,0:00:15,0:00:05,0:00:15,0:00:20,0:00:05,KeyValueStore,1,16,0,UniformSingleKeyWorkload,False,True,0:00:00.200000,info,10,info,0.7248307806271286,0.746097,0.216517,72.967807,0.8994214,0.9538636,1.2416722800000022,191857.89505720517,222560.0,90050.0,234770.0,233300.0,233650.0,234100.0
3,100,100,12g,10,0:00:10,0:00:15,0:00:05,0:00:15,0:00:20,0:00:05,KeyValueStore,1,16,0,UniformSingleKeyWorkload,False,True,0:00:00.200000,info,10,info,1.2147903820538526,1.188535,0.271585,82.589266,1.6422382,1.9217187999999998,2.50933532,181160.75321880585,186470.0,111668.0,234730.0,228820.0,234300.0,234540.0
4,100,100,12g,10,0:00:10,0:00:15,0:00:05,0:00:15,0:00:20,0:00:05,KeyValueStore,1,16,0,UniformSingleKeyWorkload,False,True,0:00:00.200000,info,10,info,1.5805475023957465,1.787003,0.283626,65.462506,2.0091178,2.5371183999999922,3.18775504,187008.64179611637,201890.0,120475.0,218200.0,207960.0,210570.0,217040.0
5,100,100,12g,10,0:00:10,0:00:15,0:00:05,0:00:15,0:00:20,0:00:05,KeyValueStore,1,16,0,UniformSingleKeyWorkload,False,True,0:00:00.200000,info,10,info,2.264278095686274,2.165948,0.249026,34.096615,2.536757,3.6486342999999994,3.7313569400000004,214214.8632704136,222070.0,136370.0,236810.0,235710.0,236150.0,236510.0
6,100,100,12g,10,0:00:10,0:00:15,0:00:05,0:00:15,0:00:20,0:00:05,KeyValueStore,1,16,0,UniformSingleKeyWorkload,False,True,0:00:00.200000,info,10,info,2.3795730132414428,2.655988,0.211577,28.00747,2.9235796,4.500049199999999,4.6031816800000005,191453.5090287341,207300.0,116050.0,214790.0,213720.0,214000.0,214350.0
7,100,100,12g,10,0:00:10,0:00:15,0:00:05,0:00:15,0:00:20,0:00:05,KeyValueStore,1,16,0,UniformSingleKeyWorkload,False,True,0:00:00.200000,info,10,info,2.810584627813793,3.192308,0.288925,26.731068,3.4949259,5.350954250000001,5.54689832,189672.48081959994,203800.0,124789.0,216520.0,212220.0,212860.0,216050.0
8,100,100,12g,10,0:00:10,0:00:15,0:00:05,0:00:15,0:00:20,0:00:05,KeyValueStore,1,16,0,UniformSingleKeyWorkload,False,True,0:00:00.200000,info,10,info,3.228556950455217,3.656396,0.222815,28.424025,4.0041948000000005,6.02665855,6.157240429999999,188388.5396160255,202460.0,125000.0,212790.0,211830.0,212110.0,212360.0
11,100,100,12g,10,0:00:10,0:00:15,0:00:05,0:00:15,0:00:20,0:00:05,KeyValueStore,1,16,0,UniformSingleKeyWorkload,False,True,0:00:00.200000,info,10,info,4.55956216552679,5.205496500000001,0.245389,52.538173,5.81813,7.433921749999932,8.76547037,184684.05211963004,196520.0,122629.0,210030.0,209320.0,209540.0,209690.0
14,100,100,12g,10,0:00:10,0:00:15,0:00:05,0:00:15,0:00:20,0:00:05,KeyValueStore,1,16,0,UniformSingleKeyWorkload,False,True,0:00:00.200000,info,10,info,5.818632093150349,6.705574,0.249814,35.9376,7.25109,11.325115,11.474544,184779.54928852824,196470.0,123520.0,210720.0,203830.0,208130.0,210460.0
17,100,100,12g,10,0:00:10,0:00:15,0:00:05,0:00:15,0:00:20,0:00:05,KeyValueStore,1,16,0,UniformSingleKeyWorkload,False,True,0:00:00.200000,info,10,info,6.82960080076459,7.9316385,0.284457,40.560503,8.304392,12.84016145,13.008195290000002,192384.14644571766,206850.0,123050.0,211320.0,210240.0,210520.0,210890.0
20,100,100,12g,10,0:00:10,0:00:15,0:00:05,0:00:15,0:00:20,0:00:05,KeyValueStore,1,16,0,UniformSingleKeyWorkload,False,True,0:00:00.200000,info,10,info,8.537660059511133,10.119919,0.291564,28.045004,10.5703324,14.746509000000007,16.67119348,180432.19491456653,192290.0,119460.0,198270.0,196830.0,197300.0,197800.0
1,25,25,12g,10,0:00:10,0:00:15,0:00:05,0:00:15,0:00:20,0:00:05,KeyValueStore,1,16,0,UniformSingleKeyWorkload,False,True,0:00:00.200000,info,25,info,0.25914777369057856,0.254048,0.1946,7.095908,0.290359,0.3148858,0.37679920000000006,88524.92159241554,89270.0,69480.0,92300.0,91340.0,91890.0,92150.0
1,25,25,12g,10,0:00:10,0:00:15,0:00:05,0:00:15,0:00:20,0:00:05,KeyValueStore,1,16,0,UniformSingleKeyWorkload,False,True,0:00:00.200000,info,25,info,0.26101258403226296,0.25524,0.191598,6.556861,0.29265399999999997,0.31927375,0.38329925,88140.20341537721,89020.0,59460.0,91950.0,90900.0,91610.0,91820.0
1,50,50,12g,10,0:00:10,0:00:15,0:00:05,0:00:15,0:00:20,0:00:05,KeyValueStore,1,16,0,UniformSingleKeyWorkload,False,True,0:00:00.200000,info,25,info,0.322788548565358,0.316502,0.20797,55.115108,0.3679258000000001,0.416511,0.55317276,142230.17125230358,139280.0,85960.0,163520.0,162720.0,163040.0,163220.0
1,100,100,12g,10,0:00:10,0:00:15,0:00:05,0:00:15,0:00:20,0:00:05,KeyValueStore,1,16,0,UniformSingleKeyWorkload,False,True,0:00:00.200000,info,25,info,0.4837091307232366,0.45995699999999995,0.275421,169.961304,0.572293,0.65053175,0.8281506499999991,139671.35146079975,137080.0,92360.0,158300.0,157280.0,157790.0,158040.0
2,100,100,12g,10,0:00:10,0:00:15,0:00:05,0:00:15,0:00:20,0:00:05,KeyValueStore,1,16,0,UniformSingleKeyWorkload,False,True,0:00:00.200000,info,25,info,0.7097829709487573,0.730881,0.294827,117.02276,0.9168698,1.2998178500000024,1.43556917,191195.38103601415,217340.0,92710.0,244150.0,238460.0,239830.0,243830.0
3,100,100,12g,10,0:00:10,0:00:15,0:00:05,0:00:15,0:00:20,0:00:05,KeyValueStore,1,16,0,UniformSingleKeyWorkload,False,True,0:00:00.200000,info,25,info,1.047923844213866,1.127894,0.293792,83.428791,1.3574422,2.0273232,2.1259338000000003,204324.1580447371,219430.0,125030.0,237360.0,235720.0,236230.0,236870.0
4,100,100,12g,10,0:00:10,0:00:15,0:00:05,0:00:15,0:00:20,0:00:05,KeyValueStore,1,16,0,UniformSingleKeyWorkload,False,True,0:00:00.200000,info,25,info,1.3669148516137977,1.4872584999999998,0.293151,64.973662,1.703786,2.7028994,2.8307278800000004,214651.553190893,233980.0,132530.0,244320.0,242240.0,242570.0,244010.0
5,100,100,12g,10,0:00:10,0:00:15,0:00:05,0:00:15,0:00:20,0:00:05,KeyValueStore,1,16,0,UniformSingleKeyWorkload,False,True,0:00:00.200000,info,25,info,1.7775938960317104,1.937828,0.214877,79.744396,2.2600017,3.3667708,3.4948415399999995,209594.7420934348,224460.0,130610.0,241760.0,239090.0,240580.0,241320.0
6,100,100,12g,10,0:00:10,0:00:15,0:00:05,0:00:15,0:00:20,0:00:05,KeyValueStore,1,16,0,UniformSingleKeyWorkload,False,True,0:00:00.200000,info,25,info,2.1244022163308616,2.353019,0.254443,45.172477,2.6521582,4.0526562,4.20785188,212336.04293570385,230880.0,126800.0,241100.0,239140.0,240090.0,240740.0
7,100,100,12g,10,0:00:10,0:00:15,0:00:05,0:00:15,0:00:20,0:00:05,KeyValueStore,1,16,0,UniformSingleKeyWorkload,False,True,0:00:00.200000,info,25,info,2.515684769121641,2.820111,0.267305,77.808658,3.0713492,4.8151877999999995,4.98546324,211482.7011948652,228640.0,120160.0,236770.0,235260.0,235690.0,236260.0
8,100,100,12g,10,0:00:10,0:00:15,0:00:05,0:00:15,0:00:20,0:00:05,KeyValueStore,1,16,0,UniformSingleKeyWorkload,False,True,0:00:00.200000,info,25,info,2.92080739384025,3.222911,0.279113,36.09929,3.7738862,5.819154399999998,6.00774,207941.80949290446,215990.0,135170.0,240350.0,238140.0,238810.0,239920.0
11,100,100,12g,10,0:00:10,0:00:15,0:00:05,0:00:15,0:00:20,0:00:05,KeyValueStore,1,16,0,UniformSingleKeyWorkload,False,True,0:00:00.200000,info,25,info,4.0626860560115725,4.667477,0.284499,41.143464,4.947509,7.748143299999999,7.96472423,207016.4739123691,222200.0,130030.0,229060.0,227420.0,227720.0,228470.0
14,100,100,12g,10,0:00:10,0:00:15,0:00:05,0:00:15,0:00:20,0:00:05,KeyValueStore,1,16,0,UniformSingleKeyWorkload,False,True,0:00:00.200000,info,25,info,5.267080533332319,5.970337499999999,0.293829,39.929674,6.4736598999999995,9.778805099999998,9.99691682,204882.16515354018,218810.0,120660.0,233650.0,228340.0,232610.0,233029.8999999999
17,100,100,12g,10,0:00:10,0:00:15,0:00:05,0:00:15,0:00:20,0:00:05,KeyValueStore,1,16,0,UniformSingleKeyWorkload,False,True,0:00:00.200000,info,25,info,6.341105380401245,7.323686,0.277388,36.516812,7.800828,12.007585149999999,12.25501823,207499.23846639818,219800.0,131720.0,234610.0,229960.0,230280.0,233570.0
20,100,100,12g,10,0:00:10,0:00:15,0:00:05,0:00:15,0:00:20,0:00:05,KeyValueStore,1,16,0,UniformSingleKeyWorkload,False,True,0:00:00.200000,info,25,info,7.468024773283886,8.746635,0.310865,42.364577,9.0966946,14.5633342,14.860779,207410.0570992857,222170.0,127980.0,226660.0,225070.0,225430.0,226130.0
1,50,50,12g,10,0:00:10,0:00:15,0:00:05,0:00:15,0:00:20,0:00:05,KeyValueStore,1,16,0,UniformSingleKeyWorkload,False,True,0:00:00.200000,info,50,info,0.4030273019061093,0.3854655,0.310586,6.709254,0.45846200000000004,0.514678,0.6204699500000003,108851.36563982583,110080.0,72960.0,115000.0,113770.0,114370.0,114590.0
1,50,50,12g,10,0:00:10,0:00:15,0:00:05,0:00:15,0:00:20,0:00:05,KeyValueStore,1,16,0,UniformSingleKeyWorkload,False,True,0:00:00.200000,info,50,info,0.3963012287432409,0.382317,0.310977,7.775183,0.445821,0.507607,0.63126,110617.29086893903,112370.0,70760.0,116250.0,115410.0,115910.0,116110.0
1,50,50,12g,10,0:00:10,0:00:15,0:00:05,0:00:15,0:00:20,0:00:05,KeyValueStore,1,16,0,UniformSingleKeyWorkload,False,True,0:00:00.200000,info,50,info,0.3977103039372698,0.382219,0.311952,10.565643,0.4525895,0.4940555,0.5921943999999988,109411.50646801619,111470.0,79710.0,114800.0,114190.0,114470.0,114670.0
1,100,100,12g,10,0:00:10,0:00:15,0:00:05,0:00:15,0:00:20,0:00:05,KeyValueStore,1,16,0,UniformSingleKeyWorkload,False,True,0:00:00.200000,info,50,info,0.6070834640382629,0.588,0.421939,85.326964,0.641363,0.792578,1.0045890999999993,146462.6293075995,149610.0,85210.0,154000.0,152040.0,152900.0,153490.0
