f,num_client_procs,num_warmup_clients_per_proc,num_clients_per_proc,num_shards,num_servers_per_shard,num_leaders,num_acceptors,num_replicas,num_proxy_replicas,client_jvm_heap_size,server_jvm_heap_size,aggregator_jvm_heap_size,leader_jvm_heap_size,acceptor_jvm_heap_size,replica_jvm_heap_size,proxy_replica_jvm_heap_size,measurement_group_size,warmup_duration,warmup_timeout,warmup_sleep,duration,timeout,client_lag,state_machine,workload_label,workload.num_keys,workload.size_mean,workload.size_std,workload.name,profiled,monitored,prometheus_scrape_interval,server_options.push_size,server_options.push_period,server_options.recover_period,server_options.log_grow_size,server_options.unsafe_dont_recover,server_log_level,aggregator_options.num_shard_cuts_per_proposal,aggregator_options.recover_period,aggregator_options.leader_info_period,aggregator_options.log_grow_size,aggregator_options.unsafe_dont_recover,aggregator_log_level,leader_options.resend_phase1as_period,leader_options.flush_phase2as_every_n,leader_options.log_grow_size,leader_options.election_options.ping_period,leader_options.election_options.no_ping_timeout_min,leader_options.election_options.no_ping_timeout_max,leader_log_level,acceptor_log_level,replica_options.log_grow_size,replica_options.batch_flush,replica_options.recover_log_entry_min_period,replica_options.recover_log_entry_max_period,replica_options.unsafe_dont_recover,replica_options.unsafe_yolo_execution,replica_options.unsafe_round_robin_by_chunk,replica_log_level,proxy_replica_options.batch_flush,proxy_replica_log_level,client_options.resend_client_request_period,client_log_level,output.latency.mean_ms,output.latency.median_ms,output.latency.min_ms,output.latency.max_ms,output.latency.p90_ms,output.latency.p95_ms,output.latency.p99_ms,output.start_throughput_1s.mean,output.start_throughput_1s.median,output.start_throughput_1s.min,output.start_throughput_1s.max,output.start_throughput_1s.p90,output.start_throughput_1s.p95,output.start_throughput_1s.p99
1,1,1,1,4,2,2,3,2,4,8g,12g,12g,12g,12g,12g,12g,100,0:00:10,0:00:15,0:00:05,0:00:15,0:00:20,0:00:05,KeyValueStore,final_v1,1,16,0,UniformSingleKeyWorkload,False,True,0:00:00.200000,100,0:00:00.100000,0:00:01,5000,False,info,1,0:00:01,0:01:00,5000,False,info,0:00:01,1,5000,0:01:00,0:02:00,0:04:00,info,info,5000,True,0:00:01,0:00:05,False,True,True,info,True,info,0:00:01,info,43.313593250000004,42.487697,41.29589,46.983089,45.6943031,46.33869605,46.85421041,82.33333333333333,100.0,47.0,100.0,100.0,100.0,100.0
1,1,50,50,4,2,2,3,2,4,8g,12g,12g,12g,12g,12g,12g,100,0:00:10,0:00:15,0:00:05,0:00:15,0:00:20,0:00:05,KeyValueStore,final_v1,1,16,0,UniformSingleKeyWorkload,False,True,0:00:00.200000,100,0:00:00.100000,0:00:01,5000,False,info,1,0:00:01,0:01:00,5000,False,info,0:00:01,1,5000,0:01:00,0:02:00,0:04:00,info,info,5000,True,0:00:01,0:00:05,False,True,True,info,True,info,0:00:01,info,39.076834911917096,39.12164,32.283282,49.476935,42.471451599999995,43.2866792,45.23315539999999,1318.5754189944134,1300.0,1200.0,1400.0,1400.0,1400.0,1400.0
1,1,100,100,4,2,2,3,2,4,8g,12g,12g,12g,12g,12g,12g,100,0:00:10,0:00:15,0:00:05,0:00:15,0:00:20,0:00:05,KeyValueStore,final_v1,1,16,0,UniformSingleKeyWorkload,False,True,0:00:00.200000,100,0:00:00.100000,0:00:01,5000,False,info,1,0:00:01,0:01:00,5000,False,info,0:00:01,1,5000,0:01:00,0:02:00,0:04:00,info,info,5000,True,0:00:01,0:00:05,False,True,True,info,True,info,0:00:01,info,36.57257383658537,35.7461475,19.234509,55.597761,43.021874600000004,44.53375679999999,46.69397389,2766.69109947644,2800.0,2600.0,2900.0,2900.0,2900.0,2900.0
1,2,100,100,4,2,2,3,2,4,8g,12g,12g,12g,12g,12g,12g,100,0:00:10,0:00:15,0:00:05,0:00:15,0:00:20,0:00:05,KeyValueStore,final_v1,1,16,0,UniformSingleKeyWorkload,False,True,0:00:00.200000,100,0:00:00.100000,0:00:01,5000,False,info,1,0:00:01,0:01:00,5000,False,info,0:00:01,1,5000,0:01:00,0:02:00,0:04:00,info,info,5000,True,0:00:01,0:00:05,False,True,True,info,True,info,0:00:01,info,41.6342134147018,41.410484,17.460995,61.135148,47.209434,48.859178,51.8762164,4804.517857142857,4800.0,4429.0,5200.0,5000.0,5000.0,5100.0
1,3,100,100,4,2,2,3,2,4,8g,12g,12g,12g,12g,12g,12g,100,0:00:10,0:00:15,0:00:05,0:00:15,0:00:20,0:00:05,KeyValueStore,final_v1,1,16,0,UniformSingleKeyWorkload,False,True,0:00:00.200000,100,0:00:00.100000,0:00:01,5000,False,info,1,0:00:01,0:01:00,5000,False,info,0:00:01,1,5000,0:01:00,0:02:00,0:04:00,info,info,5000,True,0:00:01,0:00:05,False,True,True,info,True,info,0:00:01,info,54.77639480218447,53.377995999999996,4.080189,100.372294,92.60533400000003,97.02535139999999,100.19592981000001,5621.002560819462,5800.0,908.0,7700.0,7000.0,7200.0,7500.0
1,4,100,100,4,2,2,3,2,4,8g,12g,12g,12g,12g,12g,12g,100,0:00:10,0:00:15,0:00:05,0:00:15,0:00:20,0:00:05,KeyValueStore,final_v1,1,16,0,UniformSingleKeyWorkload,False,True,0:00:00.200000,100,0:00:00.100000,0:00:01,5000,False,info,1,0:00:01,0:01:00,5000,False,info,0:00:01,1,5000,0:01:00,0:02:00,0:04:00,info,info,5000,True,0:00:01,0:00:05,False,True,True,info,True,info,0:00:01,info,64.18424657995736,76.2155205,3.754969,99.163698,88.93442980000002,92.3725638,96.00524684999999,7039.079518072289,4900.0,4227.0,14000.0,12500.0,13100.0,13671.000000000004
1,5,100,100,4,2,2,3,2,4,8g,12g,12g,12g,12g,12g,12g,100,0:00:10,0:00:15,0:00:05,0:00:15,0:00:20,0:00:05,KeyValueStore,final_v1,1,16,0,UniformSingleKeyWorkload,False,True,0:00:00.200000,100,0:00:00.100000,0:00:01,5000,False,info,1,0:00:01,0:01:00,5000,False,info,0:00:01,1,5000,0:01:00,0:02:00,0:04:00,info,info,5000,True,0:00:01,0:00:05,False,True,True,info,True,info,0:00:01,info,98.23962524020888,100.041365,20.306242,102.333602,100.43152,100.5890195,100.8828346,4863.707927677329,4900.0,1058.0,5500.0,5000.0,5200.0,5382.0000000000055
1,6,100,100,4,2,2,3,2,4,8g,12g,12g,12g,12g,12g,12g,100,0:00:10,0:00:15,0:00:05,0:00:15,0:00:20,0:00:05,KeyValueStore,final_v1,1,16,0,UniformSingleKeyWorkload,False,True,0:00:00.200000,100,0:00:00.100000,0:00:01,5000,False,info,1,0:00:01,0:01:00,5000,False,info,0:00:01,1,5000,0:01:00,0:02:00,0:04:00,info,info,5000,True,0:00:01,0:00:05,False,True,True,info,True,info,0:00:01,info,35.403674784591196,4.0349805,2.199461,101.970477,100.06780739999999,100.20211015000001,100.50830943,63298.22226688103,53350.0,4898.0,161300.0,146230.0,155200.0,160200.0
1,7,100,100,4,2,2,3,2,4,8g,12g,12g,12g,12g,12g,12g,100,0:00:10,0:00:15,0:00:05,0:00:15,0:00:20,0:00:05,KeyValueStore,final_v1,1,16,0,UniformSingleKeyWorkload,False,True,0:00:00.200000,100,0:00:00.100000,0:00:01,5000,False,info,1,0:00:01,0:01:00,5000,False,info,0:00:01,1,5000,0:01:00,0:02:00,0:04:00,info,info,5000,True,0:00:01,0:00:05,False,True,True,info,True,info,0:00:01,info,2.920085137255997,2.267264,1.522456,188.418657,2.8502634,3.1321056,6.9301626799999285,260636.61607473443,279200.0,1032.0,334000.0,313400.0,332000.0,333100.0
1,8,100,100,4,2,2,3,2,4,8g,12g,12g,12g,12g,12g,12g,100,0:00:10,0:00:15,0:00:05,0:00:15,0:00:20,0:00:05,KeyValueStore,final_v1,1,16,0,UniformSingleKeyWorkload,False,True,0:00:00.200000,100,0:00:00.100000,0:00:01,5000,False,info,1,0:00:01,0:01:00,5000,False,info,0:00:01,1,5000,0:01:00,0:02:00,0:04:00,info,info,5000,True,0:00:01,0:00:05,False,True,True,info,True,info,0:00:01,info,2.653154260085971,2.1476845,1.480432,196.250292,2.6193665,2.8868495,6.58848799999999,324389.4383498819,351800.0,68400.0,399700.0,394900.0,396900.0,398800.0
1,9,100,100,4,2,2,3,2,4,8g,12g,12g,12g,12g,12g,12g,100,0:00:10,0:00:15,0:00:05,0:00:15,0:00:20,0:00:05,KeyValueStore,final_v1,1,16,0,UniformSingleKeyWorkload,False,True,0:00:00.200000,100,0:00:00.100000,0:00:01,5000,False,info,1,0:00:01,0:01:00,5000,False,info,0:00:01,1,5000,0:01:00,0:02:00,0:04:00,info,info,5000,True,0:00:01,0:00:05,False,True,True,info,True,info,0:00:01,info,2.640805491595644,2.1276865000000003,1.480105,190.59659,2.5477408,2.814438449999998,6.951373569999979,379025.805185605,411500.0,1209.0,451600.0,445200.0,449300.0,450600.0
1,10,100,100,4,2,2,3,2,4,8g,12g,12g,12g,12g,12g,12g,100,0:00:10,0:00:15,0:00:05,0:00:15,0:00:20,0:00:05,KeyValueStore,final_v1,1,16,0,UniformSingleKeyWorkload,False,True,0:00:00.200000,100,0:00:00.100000,0:00:01,5000,False,info,1,0:00:01,0:01:00,5000,False,info,0:00:01,1,5000,0:01:00,0:02:00,0:04:00,info,info,5000,True,0:00:01,0:00:05,False,True,True,info,True,info,0:00:01,info,2.5953435061558316,2.1469025,1.546729,204.930159,2.5475635,2.7616074,6.046067809999998,419048.0359761357,450800.0,93100.0,495100.0,491000.0,491900.0,493500.0
1,12,100,100,4,2,2,3,2,4,8g,12g,12g,12g,12g,12g,12g,100,0:00:10,0:00:15,0:00:05,0:00:15,0:00:20,0:00:05,KeyValueStore,final_v1,1,16,0,UniformSingleKeyWorkload,False,True,0:00:00.200000,100,0:00:00.100000,0:00:01,5000,False,info,1,0:00:01,0:01:00,5000,False,info,0:00:01,1,5000,0:01:00,0:02:00,0:04:00,info,info,5000,True,0:00:01,0:00:05,False,True,True,info,True,info,0:00:01,info,2.9920705929416416,2.2028035,1.586987,439.968074,2.6895938,2.9290091999999994,7.382645609999996,459148.4983774465,524100.0,1866.0,572000.0,562900.0,564900.0,570300.0
1,14,100,100,4,2,2,3,2,4,8g,12g,12g,12g,12g,12g,12g,100,0:00:10,0:00:15,0:00:05,0:00:15,0:00:20,0:00:05,KeyValueStore,final_v1,1,16,0,UniformSingleKeyWorkload,False,True,0:00:00.200000,100,0:00:00.100000,0:00:01,5000,False,info,1,0:00:01,0:01:00,5000,False,info,0:00:01,1,5000,0:01:00,0:02:00,0:04:00,info,info,5000,True,0:00:01,0:00:05,False,True,True,info,True,info,0:00:01,info,3.585703245198181,2.400479,1.550785,446.530782,3.0357065,3.5894155000000003,13.51810145000001,470322.31125345,541900.0,2282.0,614700.0,593800.0,602500.0,607400.0
1,16,100,100,4,2,2,3,2,4,8g,12g,12g,12g,12g,12g,12g,100,0:00:10,0:00:15,0:00:05,0:00:15,0:00:20,0:00:05,KeyValueStore,final_v1,1,16,0,UniformSingleKeyWorkload,False,True,0:00:00.200000,100,0:00:00.100000,0:00:01,5000,False,info,1,0:00:01,0:01:00,5000,False,info,0:00:01,1,5000,0:01:00,0:02:00,0:04:00,info,info,5000,True,0:00:01,0:00:05,False,True,True,info,True,info,0:00:01,info,4.066556548859936,2.641209,1.723981,505.071477,3.3433578000000006,4.0657374499999985,21.104521470000012,476630.2527942313,545800.0,2500.0,615000.0,608900.0,610500.0,613800.0
1,18,100,100,4,2,2,3,2,4,8g,12g,12g,12g,12g,12g,12g,100,0:00:10,0:00:15,0:00:05,0:00:15,0:00:20,0:00:05,KeyValueStore,final_v1,1,16,0,UniformSingleKeyWorkload,False,True,0:00:00.200000,100,0:00:00.100000,0:00:01,5000,False,info,1,0:00:01,0:01:00,5000,False,info,0:00:01,1,5000,0:01:00,0:02:00,0:04:00,info,info,5000,True,0:00:01,0:00:05,False,True,True,info,True,info,0:00:01,info,4.725581338224811,3.030223,1.745327,459.208764,4.464400999999999,5.472288599999999,40.58975572000028,471898.5320876173,550100.0,2267.0,598700.0,577000.0,592200.0,597600.0
1,20,100,100,4,2,2,3,2,4,8g,12g,12g,12g,12g,12g,12g,100,0:00:10,0:00:15,0:00:05,0:00:15,0:00:20,0:00:05,KeyValueStore,final_v1,1,16,0,UniformSingleKeyWorkload,False,True,0:00:00.200000,100,0:00:00.100000,0:00:01,5000,False,info,1,0:00:01,0:01:00,5000,False,info,0:00:01,1,5000,0:01:00,0:02:00,0:04:00,info,info,5000,True,0:00:01,0:00:05,False,True,True,info,True,info,0:00:01,info,4.895535065427606,3.1115705,1.624785,416.749862,3.9933958000000005,4.739371749999998,41.264970750000444,502968.2617175688,579500.0,1900.0,644600.0,641100.0,642900.0,643600.0
1,25,100,100,4,2,2,3,2,4,8g,12g,12g,12g,12g,12g,12g,100,0:00:10,0:00:15,0:00:05,0:00:15,0:00:20,0:00:05,KeyValueStore,final_v1,1,16,0,UniformSingleKeyWorkload,False,True,0:00:00.200000,100,0:00:00.100000,0:00:01,5000,False,info,1,0:00:01,0:01:00,5000,False,info,0:00:01,1,5000,0:01:00,0:02:00,0:04:00,info,info,5000,True,0:00:01,0:00:05,False,True,True,info,True,info,0:00:01,info,5.650891538975467,3.768987,1.523497,421.290109,5.214314,6.610569999999995,47.538709480000634,509607.71647801815,592000.0,5274.0,654700.0,650500.0,652100.0,653700.0
1,30,100,100,4,2,2,3,2,4,8g,12g,12g,12g,12g,12g,12g,100,0:00:10,0:00:15,0:00:05,0:00:15,0:00:20,0:00:05,KeyValueStore,final_v1,1,16,0,UniformSingleKeyWorkload,False,True,0:00:00.200000,100,0:00:00.100000,0:00:01,5000,False,info,1,0:00:01,0:01:00,5000,False,info,0:00:01,1,5000,0:01:00,0:02:00,0:04:00,info,info,5000,True,0:00:01,0:00:05,False,True,True,info,True,info,0:00:01,info,6.376543451042881,4.248296,1.711417,429.880515,7.322798499999999,8.680691000000001,40.450338599999625,504628.9147591144,597200.0,3660.0,625900.0,619600.0,622300.0,624100.0
1,35,100,100,4,2,2,3,2,4,8g,12g,12g,12g,12g,12g,12g,100,0:00:10,0:00:15,0:00:05,0:00:15,0:00:20,0:00:05,KeyValueStore,final_v1,1,16,0,UniformSingleKeyWorkload,False,True,0:00:00.200000,100,0:00:00.100000,0:00:01,5000,False,info,1,0:00:01,0:01:00,5000,False,info,0:00:01,1,5000,0:01:00,0:02:00,0:04:00,info,info,5000,True,0:00:01,0:00:05,False,True,True,info,True,info,0:00:01,info,7.213615238366166,5.344222500000001,1.670746,440.943907,7.143342,9.070545250000007,49.16965806000001,509339.27602707426,579500.0,9200.0,645500.0,635200.0,641400.0,643500.0
1,40,100,100,4,2,2,3,2,4,8g,12g,12g,12g,12g,12g,12g,100,0:00:10,0:00:15,0:00:05,0:00:15,0:00:20,0:00:05,KeyValueStore,final_v1,1,16,0,UniformSingleKeyWorkload,False,True,0:00:00.200000,100,0:00:00.100000,0:00:01,5000,False,info,1,0:00:01,0:01:00,5000,False,info,0:00:01,1,5000,0:01:00,0:02:00,0:04:00,info,info,5000,True,0:00:01,0:00:05,False,True,True,info,True,info,0:00:01,info,8.170639516475264,5.843619,1.625882,453.834655,9.008884,10.690572499999998,49.122019799999435,513155.53708267363,593600.0,3686.0,630700.0,625400.0,626600.0,627800.0
1,1,1,1,4,2,2,3,2,4,8g,12g,12g,12g,12g,12g,12g,100,0:00:10,0:00:15,0:00:05,0:00:15,0:00:20,0:00:05,KeyValueStore,final_v1,1,16,0,UniformSingleKeyWorkload,False,True,0:00:00.200000,100,0:00:00.100000,0:00:01,5000,False,info,1,0:00:01,0:01:00,5000,False,info,0:00:01,1,5000,0:01:00,0:02:00,0:04:00,info,info,5000,True,0:00:01,0:00:05,False,True,True,info,True,info,0:00:01,info,37.82392600000001,36.273055,35.091931,43.587721,41.4735498,42.5306354,43.37630388,77.75,100.0,11.0,100.0,100.0,100.0,100.0
1,1,50,50,4,2,2,3,2,4,8g,12g,12g,12g,12g,12g,12g,100,0:00:10,0:00:15,0:00:05,0:00:15,0:00:20,0:00:05,KeyValueStore,final_v1,1,16,0,UniformSingleKeyWorkload,False,True,0:00:00.200000,100,0:00:00.100000,0:00:01,5000,False,info,1,0:00:01,0:01:00,5000,False,info,0:00:01,1,5000,0:01:00,0:02:00,0:04:00,info,info,5000,True,0:00:01,0:00:05,False,True,True,info,True,info,0:00:01,info,37.635702965,37.4361035,27.542826,53.191469,44.145174700000005,45.1129666,46.640109159999994,1365.9247311827958,1400.0,1300.0,1500.0,1400.0,1400.0,1500.0
1,1,100,100,4,2,2,3,2,4,8g,12g,12g,12g,12g,12g,12g,100,0:00:10,0:00:15,0:00:05,0:00:15,0:00:20,0:00:05,KeyValueStore,final_v1,1,16,0,UniformSingleKeyWorkload,False,True,0:00:00.200000,100,0:00:00.100000,0:00:01,5000,False,info,1,0:00:01,0:01:00,5000,False,info,0:00:01,1,5000,0:01:00,0:02:00,0:04:00,info,info,5000,True,0:00:01,0:00:05,False,True,True,info,True,info,0:00:01,info,40.97529691803279,41.203801,25.314129,58.364282,51.5671125,53.58462625,56.294744550000004,2458.2815249266864,2500.0,2300.0,2700.0,2600.0,2600.0,2600.0
1,2,100,100,4,2,2,3,2,4,8g,12g,12g,12g,12g,12g,12g,100,0:00:10,0:00:15,0:00:05,0:00:15,0:00:20,0:00:05,KeyValueStore,final_v1,1,16,0,UniformSingleKeyWorkload,False,True,0:00:00.200000,100,0:00:00.100000,0:00:01,5000,False,info,1,0:00:01,0:01:00,5000,False,info,0:00:01,1,5000,0:01:00,0:02:00,0:04:00,info,info,5000,True,0:00:01,0:00:05,False,True,True,info,True,info,0:00:01,info,38.393135017902814,36.3553405,16.229937,54.837911,49.767373199999994,51.90874575,53.61894284999998,5184.877914951989,5200.0,4604.0,5800.0,5500.0,5500.0,5600.0
1,3,100,100,4,2,2,3,2,4,8g,12g,12g,12g,12g,12g,12g,100,0:00:10,0:00:15,0:00:05,0:00:15,0:00:20,0:00:05,KeyValueStore,final_v1,1,16,0,UniformSingleKeyWorkload,False,True,0:00:00.200000,100,0:00:00.100000,0:00:01,5000,False,info,1,0:00:01,0:01:00,5000,False,info,0:00:01,1,5000,0:01:00,0:02:00,0:04:00,info,info,5000,True,0:00:01,0:00:05,False,True,True,info,True,info,0:00:01,info,62.69237111388889,64.990005,3.944227,100.359116,96.24890630000002,99.7923252,100.16705900000001,4923.455904334828,4900.0,2446.0,7300.0,6500.0,6900.0,7200.0
1,4,100,100,4,2,2,3,2,4,8g,12g,12g,12g,12g,12g,12g,100,0:00:10,0:00:15,0:00:05,0:00:15,0:00:20,0:00:05,KeyValueStore,final_v1,1,16,0,UniformSingleKeyWorkload,False,True,0:00:00.200000,100,0:00:00.100000,0:00:01,5000,False,info,1,0:00:01,0:01:00,5000,False,info,0:00:01,1,5000,0:01:00,0:02:00,0:04:00,info,info,5000,True,0:00:01,0:00:05,False,True,True,info,True,info,0:00:01,info,86.61919870071944,99.846968,5.572296,100.863231,100.1813174,100.2849971,100.53030756,4538.07553366174,4000.0,3700.0,8800.0,6300.0,7360.000000000002,8591.999999999996
1,5,100,100,4,2,2,3,2,4,8g,12g,12g,12g,12g,12g,12g,100,0:00:10,0:00:15,0:00:05,0:00:15,0:00:20,0:00:05,KeyValueStore,final_v1,1,16,0,UniformSingleKeyWorkload,False,True,0:00:00.200000,100,0:00:00.100000,0:00:01,5000,False,info,1,0:00:01,0:01:00,5000,False,info,0:00:01,1,5000,0:01:00,0:02:00,0:04:00,info,info,5000,True,0:00:01,0:00:05,False,True,True,info,True,info,0:00:01,info,96.037087833121,99.88478,10.037133,104.354479,100.3847542,100.52871880000001,100.74490888,5089.626373626374,5000.0,4373.0,6400.0,5600.0,5900.0,6173.000000000002
1,6,100,100,4,2,2,3,2,4,8g,12g,12g,12g,12g,12g,12g,100,0:00:10,0:00:15,0:00:05,0:00:15,0:00:20,0:00:05,KeyValueStore,final_v1,1,16,0,UniformSingleKeyWorkload,False,True,0:00:00.200000,100,0:00:00.100000,0:00:01,5000,False,info,1,0:00:01,0:01:00,5000,False,info,0:00:01,1,5000,0:01:00,0:02:00,0:04:00,info,info,5000,True,0:00:01,0:00:05,False,True,True,info,True,info,0:00:01,info,16.29264062830736,3.3102915,2.126855,102.117957,99.4699223,100.07951965,100.51532397000001,77672.39425013734,91800.0,5500.0,150800.0,139022.0,148100.0,150300.0
1,7,100,100,4,2,2,3,2,4,8g,12g,12g,12g,12g,12g,12g,100,0:00:10,0:00:15,0:00:05,0:00:15,0:00:20,0:00:05,KeyValueStore,final_v1,1,16,0,UniformSingleKeyWorkload,False,True,0:00:00.200000,100,0:00:00.100000,0:00:01,5000,False,info,1,0:00:01,0:01:00,5000,False,info,0:00:01,1,5000,0:01:00,0:02:00,0:04:00,info,info,5000,True,0:00:01,0:00:05,False,True,True,info,True,info,0:00:01,info,2.886435946224637,2.2460364999999998,1.462668,174.909907,2.8201935000000002,3.15545225,8.438196,262003.1828923709,281500.0,66600.0,339200.0,329500.0,331900.0,337100.0
1,8,100,100,4,2,2,3,2,4,8g,12g,12g,12g,12g,12g,12g,100,0:00:10,0:00:15,0:00:05,0:00:15,0:00:20,0:00:05,KeyValueStore,final_v1,1,16,0,UniformSingleKeyWorkload,False,True,0:00:00.200000,100,0:00:00.100000,0:00:01,5000,False,info,1,0:00:01,0:01:00,5000,False,info,0:00:01,1,5000,0:01:00,0:02:00,0:04:00,info,info,5000,True,0:00:01,0:00:05,False,True,True,info,True,info,0:00:01,info,2.572458263294647,2.114163,1.430075,187.625582,2.5706707,2.84469615,6.03279621,334619.1100644301,358300.0,89000.0,400900.0,396100.0,398700.0,400100.0
1,9,100,100,4,2,2,3,2,4,8g,12g,12g,12g,12g,12g,12g,100,0:00:10,0:00:15,0:00:05,0:00:15,0:00:20,0:00:05,KeyValueStore,final_v1,1,16,0,UniformSingleKeyWorkload,False,True,0:00:00.200000,100,0:00:00.100000,0:00:01,5000,False,info,1,0:00:01,0:01:00,5000,False,info,0:00:01,1,5000,0:01:00,0:02:00,0:04:00,info,info,5000,True,0:00:01,0:00:05,False,True,True,info,True,info,0:00:01,info,2.5964753098446605,2.1563135,1.479993,195.66309,2.5637285,2.8040135999999998,6.730194430000077,373024.74953300745,408600.0,94200.0,438400.0,433600.0,434500.0,437100.0
1,10,100,100,4,2,2,3,2,4,8g,12g,12g,12g,12g,12g,12g,100,0:00:10,0:00:15,0:00:05,0:00:15,0:00:20,0:00:05,KeyValueStore,final_v1,1,16,0,UniformSingleKeyWorkload,False,True,0:00:00.200000,100,0:00:00.100000,0:00:01,5000,False,info,1,0:00:01,0:01:00,5000,False,info,0:00:01,1,5000,0:01:00,0:02:00,0:04:00,info,info,5000,True,0:00:01,0:00:05,False,True,True,info,True,info,0:00:01,info,2.718835151041191,2.20329,1.57057,213.69876,2.6245898,2.914369599999999,7.843463480000019,400395.58553572424,443100.0,47900.0,471500.0,464900.0,465800.0,469600.0
1,12,100,100,4,2,2,3,2,4,8g,12g,12g,12g,12g,12g,12g,100,0:00:10,0:00:15,0:00:05,0:00:15,0:00:20,0:00:05,KeyValueStore,final_v1,1,16,0,UniformSingleKeyWorkload,False,True,0:00:00.200000,100,0:00:00.100000,0:00:01,5000,False,info,1,0:00:01,0:01:00,5000,False,info,0:00:01,1,5000,0:01:00,0:02:00,0:04:00,info,info,5000,True,0:00:01,0:00:05,False,True,True,info,True,info,0:00:01,info,3.092882988786133,2.219338,1.574245,441.291046,2.7122452,2.9892629999999993,8.411202559999982,467173.608269096,528300.0,26598.0,561600.0,557300.0,558800.0,560800.0
1,14,100,100,4,2,2,3,2,4,8g,12g,12g,12g,12g,12g,12g,100,0:00:10,0:00:15,0:00:05,0:00:15,0:00:20,0:00:05,KeyValueStore,final_v1,1,16,0,UniformSingleKeyWorkload,False,True,0:00:00.200000,100,0:00:00.100000,0:00:01,5000,False,info,1,0:00:01,0:01:00,5000,False,info,0:00:01,1,5000,0:01:00,0:02:00,0:04:00,info,info,5000,True,0:00:01,0:00:05,False,True,True,info,True,info,0:00:01,info,3.627956183183746,2.401208,1.692243,452.243681,2.9318996000000004,3.2620431999999977,11.855999079999762,497782.2100648445,570900.0,19790.0,606800.0,589300.0,591600.0,605600.0
1,16,100,100,4,2,2,3,2,4,8g,12g,12g,12g,12g,12g,12g,100,0:00:10,0:00:15,0:00:05,0:00:15,0:00:20,0:00:05,KeyValueStore,final_v1,1,16,0,UniformSingleKeyWorkload,False,True,0:00:00.200000,100,0:00:00.100000,0:00:01,5000,False,info,1,0:00:01,0:01:00,5000,False,info,0:00:01,1,5000,0:01:00,0:02:00,0:04:00,info,info,5000,True,0:00:01,0:00:05,False,True,True,info,True,info,0:00:01,info,4.241784723734596,2.8680135,1.599312,458.401728,4.475188200000001,5.5523191,14.655650579999872,455240.9148959081,519600.0,14280.0,555300.0,545000.0,551700.0,553600.0
1,18,100,100,4,2,2,3,2,4,8g,12g,12g,12g,12g,12g,12g,100,0:00:10,0:00:15,0:00:05,0:00:15,0:00:20,0:00:05,KeyValueStore,final_v1,1,16,0,UniformSingleKeyWorkload,False,True,0:00:00.200000,100,0:00:00.100000,0:00:01,5000,False,info,1,0:00:01,0:01:00,5000,False,info,0:00:01,1,5000,0:01:00,0:02:00,0:04:00,info,info,5000,True,0:00:01,0:00:05,False,True,True,info,True,info,0:00:01,info,4.675151244515077,2.953646,1.588553,451.71605,3.8877575999999996,4.767815999999999,33.159253879999625,488493.80927399476,578400.0,45635.0,619100.0,609200.0,617000.0,617900.0
1,20,100,100,4,2,2,3,2,4,8g,12g,12g,12g,12g,12g,12g,100,0:00:10,0:00:15,0:00:05,0:00:15,0:00:20,0:00:05,KeyValueStore,final_v1,1,16,0,UniformSingleKeyWorkload,False,True,0:00:00.200000,100,0:00:00.100000,0:00:01,5000,False,info,1,0:00:01,0:01:00,5000,False,info,0:00:01,1,5000,0:01:00,0:02:00,0:04:00,info,info,5000,True,0:00:01,0:00:05,False,True,True,info,True,info,0:00:01,info,4.665897823612154,3.1224309999999997,1.500116,416.975487,3.9072081000000005,4.630422849999999,29.73861486999905,504600.9955155514,594856.0,63500.0,641200.0,632900.0,637500.0,639500.0
1,25,100,100,4,2,2,3,2,4,8g,12g,12g,12g,12g,12g,12g,100,0:00:10,0:00:15,0:00:05,0:00:15,0:00:20,0:00:05,KeyValueStore,final_v1,1,16,0,UniformSingleKeyWorkload,False,True,0:00:00.200000,100,0:00:00.100000,0:00:01,5000,False,info,1,0:00:01,0:01:00,5000,False,info,0:00:01,1,5000,0:01:00,0:02:00,0:04:00,info,info,5000,True,0:00:01,0:00:05,False,True,True,info,True,info,0:00:01,info,5.910250516112709,3.855912,1.646558,438.725348,5.2687523,6.727504699999993,52.56416081999916,495813.26951342524,585200.0,52600.0,650400.0,641900.0,643900.0,648300.0
1,30,100,100,4,2,2,3,2,4,8g,12g,12g,12g,12g,12g,12g,100,0:00:10,0:00:15,0:00:05,0:00:15,0:00:20,0:00:05,KeyValueStore,final_v1,1,16,0,UniformSingleKeyWorkload,False,True,0:00:00.200000,100,0:00:00.100000,0:00:01,5000,False,info,1,0:00:01,0:01:00,5000,False,info,0:00:01,1,5000,0:01:00,0:02:00,0:04:00,info,info,5000,True,0:00:01,0:00:05,False,True,True,info,True,info,0:00:01,info,6.109480727195992,4.591063,1.690376,434.081492,6.178002300000001,7.471300249999998,24.925379980000468,525088.9472566519,600900.0,68600.0,655900.0,646800.0,649400.0,653700.0
1,35,100,100,4,2,2,3,2,4,8g,12g,12g,12g,12g,12g,12g,100,0:00:10,0:00:15,0:00:05,0:00:15,0:00:20,0:00:05,KeyValueStore,final_v1,1,16,0,UniformSingleKeyWorkload,False,True,0:00:00.200000,100,0:00:00.100000,0:00:01,5000,False,info,1,0:00:01,0:01:00,5000,False,info,0:00:01,1,5000,0:01:00,0:02:00,0:04:00,info,info,5000,True,0:00:01,0:00:05,False,True,True,info,True,info,0:00:01,info,7.450680467912116,5.089134,1.774869,434.811339,8.918875799999999,11.609018199999998,43.778974520000155,500999.5545098945,577010.0,86300.0,635400.0,629600.0,631000.0,633700.0
1,40,100,100,4,2,2,3,2,4,8g,12g,12g,12g,12g,12g,12g,100,0:00:10,0:00:15,0:00:05,0:00:15,0:00:20,0:00:05,KeyValueStore,final_v1,1,16,0,UniformSingleKeyWorkload,False,True,0:00:00.200000,100,0:00:00.100000,0:00:01,5000,False,info,1,0:00:01,0:01:00,5000,False,info,0:00:01,1,5000,0:01:00,0:02:00,0:04:00,info,info,5000,True,0:00:01,0:00:05,False,True,True,info,True,info,0:00:01,info,7.698867642616413,6.057602,1.552897,466.546606,8.043215300000002,9.5467651,32.654311620000016,527499.2749844415,599700.0,61200.0,657400.0,648900.0,651300.0,655400.0
1,1,1,1,4,2,2,3,2,4,8g,12g,12g,12g,12g,12g,12g,100,0:00:10,0:00:15,0:00:05,0:00:15,0:00:20,0:00:05,KeyValueStore,final_v1,1,16,0,UniformSingleKeyWorkload,False,True,0:00:00.200000,100,0:00:00.100000,0:00:01,5000,False,info,1,0:00:01,0:01:00,5000,False,info,0:00:01,1,5000,0:01:00,0:02:00,0:04:00,info,info,5000,True,0:00:01,0:00:05,False,True,True,info,True,info,0:00:01,info,45.950226199999996,37.299994,34.963516,80.391233,64.8555362,72.6233846,78.83766332,75.25,100.0,1.0,100.0,100.0,100.0,100.0
1,1,50,50,4,2,2,3,2,4,8g,12g,12g,12g,12g,12g,12g,100,0:00:10,0:00:15,0:00:05,0:00:15,0:00:20,0:00:05,KeyValueStore,final_v1,1,16,0,UniformSingleKeyWorkload,False,True,0:00:00.200000,100,0:00:00.100000,0:00:01,5000,False,info,1,0:00:01,0:01:00,5000,False,info,0:00:01,1,5000,0:01:00,0:02:00,0:04:00,info,info,5000,True,0:00:01,0:00:05,False,True,True,info,True,info,0:00:01,info,41.297926774725276,41.382985000000005,32.58938,50.741419,45.33242070000001,46.3633115,47.66556661,1251.3727810650887,1200.0,1100.0,1400.0,1300.0,1359.9999999999995,1400.0
1,1,100,100,4,2,2,3,2,4,8g,12g,12g,12g,12g,12g,12g,100,0:00:10,0:00:15,0:00:05,0:00:15,0:00:20,0:00:05,KeyValueStore,final_v1,1,16,0,UniformSingleKeyWorkload,False,True,0:00:00.200000,100,0:00:00.100000,0:00:01,5000,False,info,1,0:00:01,0:01:00,5000,False,info,0:00:01,1,5000,0:01:00,0:02:00,0:04:00,info,info,5000,True,0:00:01,0:00:05,False,True,True,info,True,info,0:00:01,info,44.36318944837758,44.13176,12.635245,79.294985,61.558006999999996,63.36748959999999,65.64349362,2282.3650793650795,2300.0,2100.0,2500.0,2400.0,2400.0,2400.0
1,2,100,100,4,2,2,3,2,4,8g,12g,12g,12g,12g,12g,12g,100,0:00:10,0:00:15,0:00:05,0:00:15,0:00:20,0:00:05,KeyValueStore,final_v1,1,16,0,UniformSingleKeyWorkload,False,True,0:00:00.200000,100,0:00:00.100000,0:00:01,5000,False,info,1,0:00:01,0:01:00,5000,False,info,0:00:01,1,5000,0:01:00,0:02:00,0:04:00,info,info,5000,True,0:00:01,0:00:05,False,True,True,info,True,info,0:00:01,info,38.34721694117647,35.271356,13.376327,68.240635,56.871158,59.015547250000004,61.96939983999999,5202.265389876881,5200.0,4686.0,5500.0,5300.0,5400.0,5400.0
1,3,100,100,4,2,2,3,2,4,8g,12g,12g,12g,12g,12g,12g,100,0:00:10,0:00:15,0:00:05,0:00:15,0:00:20,0:00:05,KeyValueStore,final_v1,1,16,0,UniformSingleKeyWorkload,False,True,0:00:00.200000,100,0:00:00.100000,0:00:01,5000,False,info,1,0:00:01,0:01:00,5000,False,info,0:00:01,1,5000,0:01:00,0:02:00,0:04:00,info,info,5000,True,0:00:01,0:00:05,False,True,True,info,True,info,0:00:01,info,96.82826898712446,100.0163095,6.068313,101.063286,100.38917000000001,100.50290625,100.73067005000001,2986.738532110092,2900.0,2419.0,3900.0,3250.0,3700.0,3800.0
1,4,100,100,4,2,2,3,2,4,8g,12g,12g,12g,12g,12g,12g,100,0:00:10,0:00:15,0:00:05,0:00:15,0:00:20,0:00:05,KeyValueStore,final_v1,1,16,0,UniformSingleKeyWorkload,False,True,0:00:00.200000,100,0:00:00.100000,0:00:01,5000,False,info,1,0:00:01,0:01:00,5000,False,info,0:00:01,1,5000,0:01:00,0:02:00,0:04:00,info,info,5000,True,0:00:01,0:00:05,False,True,True,info,True,info,0:00:01,info,81.01401464555255,91.6470615,4.712993,100.970956,100.2946761,100.45599665,100.75215763,5120.347826086957,4300.0,3299.0,11100.0,9800.0,10500.0,10900.0
1,5,100,100,4,2,2,3,2,4,8g,12g,12g,12g,12g,12g,12g,100,0:00:10,0:00:15,0:00:05,0:00:15,0:00:20,0:00:05,KeyValueStore,final_v1,1,16,0,UniformSingleKeyWorkload,False,True,0:00:00.200000,100,0:00:00.100000,0:00:01,5000,False,info,1,0:00:01,0:01:00,5000,False,info,0:00:01,1,5000,0:01:00,0:02:00,0:04:00,info,info,5000,True,0:00:01,0:00:05,False,True,True,info,True,info,0:00:01,info,97.7695787756161,100.059746,5.805671,101.466292,100.408083,100.508819,100.7633269,4963.67217630854,4900.0,4283.0,5900.0,5400.0,5600.0,5800.0
1,6,100,100,4,2,2,3,2,4,8g,12g,12g,12g,12g,12g,12g,100,0:00:10,0:00:15,0:00:05,0:00:15,0:00:20,0:00:05,KeyValueStore,final_v1,1,16,0,UniformSingleKeyWorkload,False,True,0:00:00.200000,100,0:00:00.100000,0:00:01,5000,False,info,1,0:00:01,0:01:00,5000,False,info,0:00:01,1,5000,0:01:00,0:02:00,0:04:00,info,info,5000,True,0:00:01,0:00:05,False,True,True,info,True,info,0:00:01,info,7.870026501273829,3.05226,1.977499,100.867848,4.462548600000002,39.79415739999984,100.1224077,131223.36603316563,142150.0,5600.0,193300.0,187900.0,191700.0,192600.0
1,7,100,100,4,2,2,3,2,4,8g,12g,12g,12g,12g,12g,12g,100,0:00:10,0:00:15,0:00:05,0:00:15,0:00:20,0:00:05,KeyValueStore,final_v1,1,16,0,UniformSingleKeyWorkload,False,True,0:00:00.200000,100,0:00:00.100000,0:00:01,5000,False,info,1,0:00:01,0:01:00,5000,False,info,0:00:01,1,5000,0:01:00,0:02:00,0:04:00,info,info,5000,True,0:00:01,0:00:05,False,True,True,info,True,info,0:00:01,info,2.8490525169961995,2.235996,1.507773,181.622544,2.8128024000000003,3.1950458999999993,8.264756939999923,266585.6295880885,287200.0,72800.0,337800.0,333300.0,334500.0,336100.0
1,8,100,100,4,2,2,3,2,4,8g,12g,12g,12g,12g,12g,12g,100,0:00:10,0:00:15,0:00:05,0:00:15,0:00:20,0:00:05,KeyValueStore,final_v1,1,16,0,UniformSingleKeyWorkload,False,True,0:00:00.200000,100,0:00:00.100000,0:00:01,5000,False,info,1,0:00:01,0:01:00,5000,False,info,0:00:01,1,5000,0:01:00,0:02:00,0:04:00,info,info,5000,True,0:00:01,0:00:05,False,True,True,info,True,info,0:00:01,info,2.6181081705599216,2.1203174999999996,1.482399,181.393644,2.5520026000000002,2.814173499999999,6.565281339999982,334287.3618194972,363900.0,56900.0,399500.0,393100.0,395700.0,397800.0
1,9,100,100,4,2,2,3,2,4,8g,12g,12g,12g,12g,12g,12g,100,0:00:10,0:00:15,0:00:05,0:00:15,0:00:20,0:00:05,KeyValueStore,final_v1,1,16,0,UniformSingleKeyWorkload,False,True,0:00:00.200000,100,0:00:00.100000,0:00:01,5000,False,info,1,0:00:01,0:01:00,5000,False,info,0:00:01,1,5000,0:01:00,0:02:00,0:04:00,info,info,5000,True,0:00:01,0:00:05,False,True,True,info,True,info,0:00:01,info,2.500399368041276,2.0883105000000004,1.486489,207.95865,2.4878782000000004,2.7239584499999996,5.637053149999999,389772.9892491598,418237.5,60800.0,457100.0,450200.0,452900.0,455700.0
1,10,100,100,4,2,2,3,2,4,8g,12g,12g,12g,12g,12g,12g,100,0:00:10,0:00:15,0:00:05,0:00:15,0:00:20,0:00:05,KeyValueStore,final_v1,1,16,0,UniformSingleKeyWorkload,False,True,0:00:00.200000,100,0:00:00.100000,0:00:01,5000,False,info,1,0:00:01,0:01:00,5000,False,info,0:00:01,1,5000,0:01:00,0:02:00,0:04:00,info,info,5000,True,0:00:01,0:00:05,False,True,True,info,True,info,0:00:01,info,2.595829797021916,2.1733515,1.536041,220.343902,2.5983622,2.830883249999999,6.351296740000019,411810.36465312395,447400.0,88700.0,482000.0,474900.0,477900.0,481100.0
1,12,100,100,4,2,2,3,2,4,8g,12g,12g,12g,12g,12g,12g,100,0:00:10,0:00:15,0:00:05,0:00:15,0:00:20,0:00:05,KeyValueStore,final_v1,1,16,0,UniformSingleKeyWorkload,False,True,0:00:00.200000,100,0:00:00.100000,0:00:01,5000,False,info,1,0:00:01,0:01:00,5000,False,info,0:00:01,1,5000,0:01:00,0:02:00,0:04:00,info,info,5000,True,0:00:01,0:00:05,False,True,True,info,True,info,0:00:01,info,2.945872087077776,2.201135,1.638584,397.960095,2.6771510000000003,2.9198371999999995,7.248277000000041,463190.1622508753,526000.0,21033.0,569000.0,557300.0,565500.0,567100.0
1,14,100,100,4,2,2,3,2,4,8g,12g,12g,12g,12g,12g,12g,100,0:00:10,0:00:15,0:00:05,0:00:15,0:00:20,0:00:05,KeyValueStore,final_v1,1,16,0,UniformSingleKeyWorkload,False,True,0:00:00.200000,100,0:00:00.100000,0:00:01,5000,False,info,1,0:00:01,0:01:00,5000,False,info,0:00:01,1,5000,0:01:00,0:02:00,0:04:00,info,info,5000,True,0:00:01,0:00:05,False,True,True,info,True,info,0:00:01,info,3.581659306879913,2.4356384999999996,1.59887,453.293907,3.1029002000000006,3.4722401999999994,10.269308819999928,480444.0709113955,559400.0,70800.0,592800.0,582300.0,586700.0,591100.0
1,16,100,100,4,2,2,3,2,4,8g,12g,12g,12g,12g,12g,12g,100,0:00:10,0:00:15,0:00:05,0:00:15,0:00:20,0:00:05,KeyValueStore,final_v1,1,16,0,UniformSingleKeyWorkload,False,True,0:00:00.200000,100,0:00:00.100000,0:00:01,5000,False,info,1,0:00:01,0:01:00,5000,False,info,0:00:01,1,5000,0:01:00,0:02:00,0:04:00,info,info,5000,True,0:00:01,0:00:05,False,True,True,info,True,info,0:00:01,info,4.139446854537023,2.645851,1.691653,461.301112,3.353433,3.912763,28.938880200000234,493617.99385755893,584100.0,35500.0,616500.0,609700.0,612700.0,615100.0
1,18,100,100,4,2,2,3,2,4,8g,12g,12g,12g,12g,12g,12g,100,0:00:10,0:00:15,0:00:05,0:00:15,0:00:20,0:00:05,KeyValueStore,final_v1,1,16,0,UniformSingleKeyWorkload,False,True,0:00:00.200000,100,0:00:00.100000,0:00:01,5000,False,info,1,0:00:01,0:01:00,5000,False,info,0:00:01,1,5000,0:01:00,0:02:00,0:04:00,info,info,5000,True,0:00:01,0:00:05,False,True,True,info,True,info,0:00:01,info,4.346559112238458,2.883789,1.603767,422.618847,3.7867964000000005,4.664583799999998,24.725039480000266,487234.3402215132,569900.0,52000.0,634300.0,620700.0,626100.0,633000.0
1,20,100,100,4,2,2,3,2,4,8g,12g,12g,12g,12g,12g,12g,100,0:00:10,0:00:15,0:00:05,0:00:15,0:00:20,0:00:05,KeyValueStore,final_v1,1,16,0,UniformSingleKeyWorkload,False,True,0:00:00.200000,100,0:00:00.100000,0:00:01,5000,False,info,1,0:00:01,0:01:00,5000,False,info,0:00:01,1,5000,0:01:00,0:02:00,0:04:00,info,info,5000,True,0:00:01,0:00:05,False,True,True,info,True,info,0:00:01,info,5.269045553601617,3.198522,1.574426,462.122325,4.2788384,5.2036622,58.28262519999973,486648.6048308657,578200.0,40005.0,631400.0,623600.0,629200.0,630500.0
1,25,100,100,4,2,2,3,2,4,8g,12g,12g,12g,12g,12g,12g,100,0:00:10,0:00:15,0:00:05,0:00:15,0:00:20,0:00:05,KeyValueStore,final_v1,1,16,0,UniformSingleKeyWorkload,False,True,0:00:00.200000,100,0:00:00.100000,0:00:01,5000,False,info,1,0:00:01,0:01:00,5000,False,info,0:00:01,1,5000,0:01:00,0:02:00,0:04:00,info,info,5000,True,0:00:01,0:00:05,False,True,True,info,True,info,0:00:01,info,5.806499753856429,3.784075,1.5459,432.336032,5.2086116,6.183519199999996,59.924032879999935,504848.2111588791,607900.0,61500.0,632600.0,626100.0,627800.0,630900.0
1,30,100,100,4,2,2,3,2,4,8g,12g,12g,12g,12g,12g,12g,100,0:00:10,0:00:15,0:00:05,0:00:15,0:00:20,0:00:05,KeyValueStore,final_v1,1,16,0,UniformSingleKeyWorkload,False,True,0:00:00.200000,100,0:00:00.100000,0:00:01,5000,False,info,1,0:00:01,0:01:00,5000,False,info,0:00:01,1,5000,0:01:00,0:02:00,0:04:00,info,info,5000,True,0:00:01,0:00:05,False,True,True,info,True,info,0:00:01,info,6.765069906078931,4.478604,1.664035,435.730043,7.017525,8.730478999999999,57.42836759999476,486305.8449929305,572496.0,66100.0,630900.0,619700.0,625300.0,626500.0
1,35,100,100,4,2,2,3,2,4,8g,12g,12g,12g,12g,12g,12g,100,0:00:10,0:00:15,0:00:05,0:00:15,0:00:20,0:00:05,KeyValueStore,final_v1,1,16,0,UniformSingleKeyWorkload,False,True,0:00:00.200000,100,0:00:00.100000,0:00:01,5000,False,info,1,0:00:01,0:01:00,5000,False,info,0:00:01,1,5000,0:01:00,0:02:00,0:04:00,info,info,5000,True,0:00:01,0:00:05,False,True,True,info,True,info,0:00:01,info,7.191314345846492,5.288664,1.428761,462.632045,7.023166099999999,8.8854846,45.07104100000019,517132.5229000787,597300.0,36300.0,653700.0,647000.0,648500.0,650200.0
1,40,100,100,4,2,2,3,2,4,8g,12g,12g,12g,12g,12g,12g,100,0:00:10,0:00:15,0:00:05,0:00:15,0:00:20,0:00:05,KeyValueStore,final_v1,1,16,0,UniformSingleKeyWorkload,False,True,0:00:00.200000,100,0:00:00.100000,0:00:01,5000,False,info,1,0:00:01,0:01:00,5000,False,info,0:00:01,1,5000,0:01:00,0:02:00,0:04:00,info,info,5000,True,0:00:01,0:00:05,False,True,True,info,True,info,0:00:01,info,7.766051984847502,6.050766,1.600829,459.270973,9.676218200000003,12.807727599999982,32.59430131999974,521326.9446928904,588500.0,38200.0,642000.0,629800.0,636000.0,640200.0
1,1,1,1,4,2,2,3,2,4,8g,12g,12g,12g,12g,12g,12g,100,0:00:10,0:00:15,0:00:05,0:00:15,0:00:20,0:00:05,KeyValueStore,final_v1,1,16,0,UniformSingleKeyWorkload,False,True,0:00:00.200000,100,0:00:00.100000,0:00:01,5000,False,info,1,0:00:01,0:01:00,5000,False,info,0:00:01,1,5000,0:01:00,0:02:00,0:04:00,info,info,5000,True,0:00:01,0:00:05,False,True,True,info,True,info,0:00:01,info,38.355059749999995,37.9286425,37.482542,40.080412,39.48828520000001,39.7843486,40.02119932,97.0,100.0,91.0,100.0,100.0,100.0,100.0
1,1,50,50,4,2,2,3,2,4,8g,12g,12g,12g,12g,12g,12g,100,0:00:10,0:00:15,0:00:05,0:00:15,0:00:20,0:00:05,KeyValueStore,final_v1,1,16,0,UniformSingleKeyWorkload,False,True,0:00:00.200000,100,0:00:00.100000,0:00:01,5000,False,info,1,0:00:01,0:01:00,5000,False,info,0:00:01,1,5000,0:01:00,0:02:00,0:04:00,info,info,5000,True,0:00:01,0:00:05,False,True,True,info,True,info,0:00:01,info,37.87927415075377,38.191822,26.699673,64.058101,43.2733056,44.2809797,45.848098300000004,1352.429347826087,1300.0,1247.0,1500.0,1400.0,1500.0,1500.0
1,1,100,100,4,2,2,3,2,4,8g,12g,12g,12g,12g,12g,12g,100,0:00:10,0:00:15,0:00:05,0:00:15,0:00:20,0:00:05,KeyValueStore,final_v1,1,16,0,UniformSingleKeyWorkload,False,True,0:00:00.200000,100,0:00:00.100000,0:00:01,5000,False,info,1,0:00:01,0:01:00,5000,False,info,0:00:01,1,5000,0:01:00,0:02:00,0:04:00,info,info,5000,True,0:00:01,0:00:05,False,True,True,info,True,info,0:00:01,info,45.037620003003,44.837364,20.019025,65.499087,59.447530400000005,61.141429599999995,63.091093199999996,2236.6655844155844,2200.0,2000.0,2600.0,2400.0,2500.0,2500.0
1,2,100,100,4,2,2,3,2,4,8g,12g,12g,12g,12g,12g,12g,100,0:00:10,0:00:15,0:00:05,0:00:15,0:00:20,0:00:05,KeyValueStore,final_v1,1,16,0,UniformSingleKeyWorkload,False,True,0:00:00.200000,100,0:00:00.100000,0:00:01,5000,False,info,1,0:00:01,0:01:00,5000,False,info,0:00:01,1,5000,0:01:00,0:02:00,0:04:00,info,info,5000,True,0:00:01,0:00:05,False,True,True,info,True,info,0:00:01,info,41.58380750138504,42.085573,19.518024,68.975868,47.7035274,50.905059849999994,55.517643119999995,4821.39970282318,4900.0,3848.0,5200.0,5100.0,5100.0,5200.0
1,3,100,100,4,2,2,3,2,4,8g,12g,12g,12g,12g,12g,12g,100,0:00:10,0:00:15,0:00:05,0:00:15,0:00:20,0:00:05,KeyValueStore,final_v1,1,16,0,UniformSingleKeyWorkload,False,True,0:00:00.200000,100,0:00:00.100000,0:00:01,5000,False,info,1,0:00:01,0:01:00,5000,False,info,0:00:01,1,5000,0:01:00,0:02:00,0:04:00,info,info,5000,True,0:00:01,0:00:05,False,True,True,info,True,info,0:00:01,info,61.039881295546564,61.240453,18.051526,98.373074,75.714531,77.717712,80.6357314,4912.966810966811,4600.0,3852.0,6500.0,6000.0,6100.0,6400.0
1,4,100,100,4,2,2,3,2,4,8g,12g,12g,12g,12g,12g,12g,100,0:00:10,0:00:15,0:00:05,0:00:15,0:00:20,0:00:05,KeyValueStore,final_v1,1,16,0,UniformSingleKeyWorkload,False,True,0:00:00.200000,100,0:00:00.100000,0:00:01,5000,False,info,1,0:00:01,0:01:00,5000,False,info,0:00:01,1,5000,0:01:00,0:02:00,0:04:00,info,info,5000,True,0:00:01,0:00:05,False,True,True,info,True,info,0:00:01,info,98.30452062540716,100.02099799999999,8.270591,101.739028,100.4402262,100.54110845,100.81325446,3920.278458844133,3900.0,3371.0,4600.0,4200.0,4300.0,4429.999999999995
1,5,100,100,4,2,2,3,2,4,8g,12g,12g,12g,12g,12g,12g,100,0:00:10,0:00:15,0:00:05,0:00:15,0:00:20,0:00:05,KeyValueStore,final_v1,1,16,0,UniformSingleKeyWorkload,False,True,0:00:00.200000,100,0:00:00.100000,0:00:01,5000,False,info,1,0:00:01,0:01:00,5000,False,info,0:00:01,1,5000,0:01:00,0:02:00,0:04:00,info,info,5000,True,0:00:01,0:00:05,False,True,True,info,True,info,0:00:01,info,97.70501923016906,99.936611,6.012511,100.952123,100.3508774,100.5435696,100.74255172,4933.692200557103,4900.0,3769.0,6300.0,5100.0,5514.999999999998,6100.0
1,6,100,100,4,2,2,3,2,4,8g,12g,12g,12g,12g,12g,12g,100,0:00:10,0:00:15,0:00:05,0:00:15,0:00:20,0:00:05,KeyValueStore,final_v1,1,16,0,UniformSingleKeyWorkload,False,True,0:00:00.200000,100,0:00:00.100000,0:00:01,5000,False,info,1,0:00:01,0:01:00,5000,False,info,0:00:01,1,5000,0:01:00,0:02:00,0:04:00,info,info,5000,True,0:00:01,0:00:05,False,True,True,info,True,info,0:00:01,info,99.59742242116869,99.964078,6.29335,105.350844,100.233304,100.3401724,100.56065720000001,5824.704009433963,5800.0,4727.0,6300.0,6000.0,6000.0,6200.0
1,7,100,100,4,2,2,3,2,4,8g,12g,12g,12g,12g,12g,12g,100,0:00:10,0:00:15,0:00:05,0:00:15,0:00:20,0:00:05,KeyValueStore,final_v1,1,16,0,UniformSingleKeyWorkload,False,True,0:00:00.200000,100,0:00:00.100000,0:00:01,5000,False,info,1,0:00:01,0:01:00,5000,False,info,0:00:01,1,5000,0:01:00,0:02:00,0:04:00,info,info,5000,True,0:00:01,0:00:05,False,True,True,info,True,info,0:00:01,info,2.7216798193742635,2.226729,1.440378,210.925701,2.823006199999999,3.188797099999999,8.092081339999957,273847.46883548785,293200.0,72900.0,341000.0,335700.0,338300.0,339800.0
1,8,100,100,4,2,2,3,2,4,8g,12g,12g,12g,12g,12g,12g,100,0:00:10,0:00:15,0:00:05,0:00:15,0:00:20,0:00:05,KeyValueStore,final_v1,1,16,0,UniformSingleKeyWorkload,False,True,0:00:00.200000,100,0:00:00.100000,0:00:01,5000,False,info,1,0:00:01,0:01:00,5000,False,info,0:00:01,1,5000,0:01:00,0:02:00,0:04:00,info,info,5000,True,0:00:01,0:00:05,False,True,True,info,True,info,0:00:01,info,2.6465878693088256,2.2135575000000003,1.535895,181.138468,2.6706478000000002,2.9463189500000007,7.115703429999996,322074.8500045384,339600.0,85700.0,396400.0,388300.0,391200.0,394700.0
1,9,100,100,4,2,2,3,2,4,8g,12g,12g,12g,12g,12g,12g,100,0:00:10,0:00:15,0:00:05,0:00:15,0:00:20,0:00:05,KeyValueStore,final_v1,1,16,0,UniformSingleKeyWorkload,False,True,0:00:00.200000,100,0:00:00.100000,0:00:01,5000,False,info,1,0:00:01,0:01:00,5000,False,info,0:00:01,1,5000,0:01:00,0:02:00,0:04:00,info,info,5000,True,0:00:01,0:00:05,False,True,True,info,True,info,0:00:01,info,2.6013985059674223,2.108145,1.463282,206.92048,2.5325284999999997,2.7738702500000003,7.08367760000006,377084.97599984065,416100.0,104900.0,455800.0,448100.0,451200.0,454500.0
1,10,100,100,4,2,2,3,2,4,8g,12g,12g,12g,12g,12g,12g,100,0:00:10,0:00:15,0:00:05,0:00:15,0:00:20,0:00:05,KeyValueStore,final_v1,1,16,0,UniformSingleKeyWorkload,False,True,0:00:00.200000,100,0:00:00.100000,0:00:01,5000,False,info,1,0:00:01,0:01:00,5000,False,info,0:00:01,1,5000,0:01:00,0:02:00,0:04:00,info,info,5000,True,0:00:01,0:00:05,False,True,True,info,True,info,0:00:01,info,2.7196817846187553,2.2007450000000004,1.581468,206.59865,2.6350962,2.88532075,6.731083680000004,405830.407678245,441100.0,23700.0,477800.0,474100.0,474900.0,476700.0
1,12,100,100,4,2,2,3,2,4,8g,12g,12g,12g,12g,12g,12g,100,0:00:10,0:00:15,0:00:05,0:00:15,0:00:20,0:00:05,KeyValueStore,final_v1,1,16,0,UniformSingleKeyWorkload,False,True,0:00:00.200000,100,0:00:00.100000,0:00:01,5000,False,info,1,0:00:01,0:01:00,5000,False,info,0:00:01,1,5000,0:01:00,0:02:00,0:04:00,info,info,5000,True,0:00:01,0:00:05,False,True,True,info,True,info,0:00:01,info,2.969574601093257,2.26421,1.64343,375.630735,2.7379352,3.0235927999999994,7.696578399999998,458635.23318202683,511600.0,65400.0,548400.0,543700.0,546400.0,547400.0
1,14,100,100,4,2,2,3,2,4,8g,12g,12g,12g,12g,12g,12g,100,0:00:10,0:00:15,0:00:05,0:00:15,0:00:20,0:00:05,KeyValueStore,final_v1,1,16,0,UniformSingleKeyWorkload,False,True,0:00:00.200000,100,0:00:00.100000,0:00:01,5000,False,info,1,0:00:01,0:01:00,5000,False,info,0:00:01,1,5000,0:01:00,0:02:00,0:04:00,info,info,5000,True,0:00:01,0:00:05,False,True,True,info,True,info,0:00:01,info,3.635055876483654,2.474215,1.629107,373.125181,3.1805802,3.7117265499999994,14.065448389999723,472223.34258577664,540100.0,35597.0,591400.0,583100.0,584400.0,590200.0
1,16,100,100,4,2,2,3,2,4,8g,12g,12g,12g,12g,12g,12g,100,0:00:10,0:00:15,0:00:05,0:00:15,0:00:20,0:00:05,KeyValueStore,final_v1,1,16,0,UniformSingleKeyWorkload,False,True,0:00:00.200000,100,0:00:00.100000,0:00:01,5000,False,info,1,0:00:01,0:01:00,5000,False,info,0:00:01,1,5000,0:01:00,0:02:00,0:04:00,info,info,5000,True,0:00:01,0:00:05,False,True,True,info,True,info,0:00:01,info,4.305391945109479,2.656577,1.68935,446.122195,3.363539,3.929666,34.02090140000167,501380.293952567,578100.0,21745.0,620700.0,610700.0,616300.0,619500.0
1,18,100,100,4,2,2,3,2,4,8g,12g,12g,12g,12g,12g,12g,100,0:00:10,0:00:15,0:00:05,0:00:15,0:00:20,0:00:05,KeyValueStore,final_v1,1,16,0,UniformSingleKeyWorkload,False,True,0:00:00.200000,100,0:00:00.100000,0:00:01,5000,False,info,1,0:00:01,0:01:00,5000,False,info,0:00:01,1,5000,0:01:00,0:02:00,0:04:00,info,info,5000,True,0:00:01,0:00:05,False,True,True,info,True,info,0:00:01,info,4.581807136379888,2.838438,1.556816,445.169201,3.7680996,4.718282399999996,39.47970532000001,481097.0629896419,592900.0,37800.0,638300.0,632500.0,634600.0,636900.0
1,20,100,100,4,2,2,3,2,4,8g,12g,12g,12g,12g,12g,12g,100,0:00:10,0:00:15,0:00:05,0:00:15,0:00:20,0:00:05,KeyValueStore,final_v1,1,16,0,UniformSingleKeyWorkload,False,True,0:00:00.200000,100,0:00:00.100000,0:00:01,5000,False,info,1,0:00:01,0:01:00,5000,False,info,0:00:01,1,5000,0:01:00,0:02:00,0:04:00,info,info,5000,True,0:00:01,0:00:05,False,True,True,info,True,info,0:00:01,info,4.762826208138014,3.1403355,1.514019,432.767355,4.4818153,5.703241499999991,32.88999859000007,479850.7902112803,570400.0,73600.0,644200.0,638000.0,641300.0,643300.0
1,25,100,100,4,2,2,3,2,4,8g,12g,12g,12g,12g,12g,12g,100,0:00:10,0:00:15,0:00:05,0:00:15,0:00:20,0:00:05,KeyValueStore,final_v1,1,16,0,UniformSingleKeyWorkload,False,True,0:00:00.200000,100,0:00:00.100000,0:00:01,5000,False,info,1,0:00:01,0:01:00,5000,False,info,0:00:01,1,5000,0:01:00,0:02:00,0:04:00,info,info,5000,True,0:00:01,0:00:05,False,True,True,info,True,info,0:00:01,info,5.705475022234778,3.834041,1.553579,409.149322,5.901322200000001,7.404581599999997,41.30157134,493932.9677807278,583100.0,85900.0,639100.0,611700.0,631600.0,636800.0
1,30,100,100,4,2,2,3,2,4,8g,12g,12g,12g,12g,12g,12g,100,0:00:10,0:00:15,0:00:05,0:00:15,0:00:20,0:00:05,KeyValueStore,final_v1,1,16,0,UniformSingleKeyWorkload,False,True,0:00:00.200000,100,0:00:00.100000,0:00:01,5000,False,info,1,0:00:01,0:01:00,5000,False,info,0:00:01,1,5000,0:01:00,0:02:00,0:04:00,info,info,5000,True,0:00:01,0:00:05,False,True,True,info,True,info,0:00:01,info,6.677696819775837,4.428584,1.757931,436.928876,6.2922726,7.897691699999995,54.930077379999595,518332.8448356843,609400.0,58700.0,668200.0,648900.0,664400.0,667100.0
1,35,100,100,4,2,2,3,2,4,8g,12g,12g,12g,12g,12g,12g,100,0:00:10,0:00:15,0:00:05,0:00:15,0:00:20,0:00:05,KeyValueStore,final_v1,1,16,0,UniformSingleKeyWorkload,False,True,0:00:00.200000,100,0:00:00.100000,0:00:01,5000,False,info,1,0:00:01,0:01:00,5000,False,info,0:00:01,1,5000,0:01:00,0:02:00,0:04:00,info,info,5000,True,0:00:01,0:00:05,False,True,True,info,True,info,0:00:01,info,6.842698806465957,5.3011515,1.564275,445.897796,7.1100287,8.497068049999998,22.173306039999844,535317.5456726309,616200.0,68800.0,653000.0,648200.0,649800.0,651100.0
1,40,100,100,4,2,2,3,2,4,8g,12g,12g,12g,12g,12g,12g,100,0:00:10,0:00:15,0:00:05,0:00:15,0:00:20,0:00:05,KeyValueStore,final_v1,1,16,0,UniformSingleKeyWorkload,False,True,0:00:00.200000,100,0:00:00.100000,0:00:01,5000,False,info,1,0:00:01,0:01:00,5000,False,info,0:00:01,1,5000,0:01:00,0:02:00,0:04:00,info,info,5000,True,0:00:01,0:00:05,False,True,True,info,True,info,0:00:01,info,8.167538439714086,6.005095,1.555362,452.144917,8.822221599999999,11.51721859999999,46.16286343999982,514464.3066606078,610700.0,68000.0,647500.0,642400.0,644400.0,645900.0
1,1,1,1,4,2,2,3,2,4,8g,12g,12g,12g,12g,12g,12g,100,0:00:10,0:00:15,0:00:05,0:00:15,0:00:20,0:00:05,KeyValueStore,final_v1,1,16,0,UniformSingleKeyWorkload,False,True,0:00:00.200000,100,0:00:00.100000,0:00:01,5000,False,info,1,0:00:01,0:01:00,5000,False,info,0:00:01,1,5000,0:01:00,0:02:00,0:04:00,info,info,5000,True,0:00:01,0:00:05,False,True,True,info,True,info,0:00:01,info,41.12868575,40.781310000000005,38.668029,44.284094,43.441877600000005,43.862985800000004,44.19987236,88.33333333333333,100.0,65.0,100.0,100.0,100.0,100.0
1,1,50,50,4,2,2,3,2,4,8g,12g,12g,12g,12g,12g,12g,100,0:00:10,0:00:15,0:00:05,0:00:15,0:00:20,0:00:05,KeyValueStore,final_v1,1,16,0,UniformSingleKeyWorkload,False,True,0:00:00.200000,100,0:00:00.100000,0:00:01,5000,False,info,1,0:00:01,0:01:00,5000,False,info,0:00:01,1,5000,0:01:00,0:02:00,0:04:00,info,info,5000,True,0:00:01,0:00:05,False,True,True,info,True,info,0:00:01,info,35.84313509047619,35.7579975,28.218311,40.386573,38.3948092,39.275731750000006,39.91178134,1431.5128205128206,1400.0,1245.0,1500.0,1500.0,1500.0,1500.0
1,1,100,100,4,2,2,3,2,4,8g,12g,12g,12g,12g,12g,12g,100,0:00:10,0:00:15,0:00:05,0:00:15,0:00:20,0:00:05,KeyValueStore,final_v1,1,16,0,UniformSingleKeyWorkload,False,True,0:00:00.200000,100,0:00:00.100000,0:00:01,5000,False,info,1,0:00:01,0:01:00,5000,False,info,0:00:01,1,5000,0:01:00,0:02:00,0:04:00,info,info,5000,True,0:00:01,0:00:05,False,True,True,info,True,info,0:00:01,info,40.36560189008043,40.029445,25.363361,65.930405,52.5998054,54.07438179999998,58.09274483999999,2510.9454022988507,2500.0,2400.0,2700.0,2600.0,2600.0,2700.0
1,2,100,100,4,2,2,3,2,4,8g,12g,12g,12g,12g,12g,12g,100,0:00:10,0:00:15,0:00:05,0:00:15,0:00:20,0:00:05,KeyValueStore,final_v1,1,16,0,UniformSingleKeyWorkload,False,True,0:00:00.200000,100,0:00:00.100000,0:00:01,5000,False,info,1,0:00:01,0:01:00,5000,False,info,0:00:01,1,5000,0:01:00,0:02:00,0:04:00,info,info,5000,True,0:00:01,0:00:05,False,True,True,info,True,info,0:00:01,info,36.97977959655596,36.690359,14.505195,78.485882,47.882746000000004,49.1827528,52.98537292,5408.707509881423,5400.0,5064.0,5800.0,5500.0,5600.0,5600.0
1,3,100,100,4,2,2,3,2,4,8g,12g,12g,12g,12g,12g,12g,100,0:00:10,0:00:15,0:00:05,0:00:15,0:00:20,0:00:05,KeyValueStore,final_v1,1,16,0,UniformSingleKeyWorkload,False,True,0:00:00.200000,100,0:00:00.100000,0:00:01,5000,False,info,1,0:00:01,0:01:00,5000,False,info,0:00:01,1,5000,0:01:00,0:02:00,0:04:00,info,info,5000,True,0:00:01,0:00:05,False,True,True,info,True,info,0:00:01,info,63.0967117150838,63.678923999999995,9.219111,95.774868,85.170626,89.6768995,92.74908915,4699.67264573991,4500.0,3394.0,6600.0,6000.0,6200.0,6400.0
1,4,100,100,4,2,2,3,2,4,8g,12g,12g,12g,12g,12g,12g,100,0:00:10,0:00:15,0:00:05,0:00:15,0:00:20,0:00:05,KeyValueStore,final_v1,1,16,0,UniformSingleKeyWorkload,False,True,0:00:00.200000,100,0:00:00.100000,0:00:01,5000,False,info,1,0:00:01,0:01:00,5000,False,info,0:00:01,1,5000,0:01:00,0:02:00,0:04:00,info,info,5000,True,0:00:01,0:00:05,False,True,True,info,True,info,0:00:01,info,68.80712345589919,75.092014,4.118498,98.900829,90.071372,94.4104668,97.97285203999999,6102.899874843554,5000.0,4193.0,11300.0,10000.0,10500.0,11001.999999999998
1,5,100,100,4,2,2,3,2,4,8g,12g,12g,12g,12g,12g,12g,100,0:00:10,0:00:15,0:00:05,0:00:15,0:00:20,0:00:05,KeyValueStore,final_v1,1,16,0,UniformSingleKeyWorkload,False,True,0:00:00.200000,100,0:00:00.100000,0:00:01,5000,False,info,1,0:00:01,0:01:00,5000,False,info,0:00:01,1,5000,0:01:00,0:02:00,0:04:00,info,info,5000,True,0:00:01,0:00:05,False,True,True,info,True,info,0:00:01,info,98.2918751853786,99.9068085,21.729804,102.298855,100.2785635,100.41785875,100.69742895,4937.993036211699,4900.0,4170.0,5700.0,5200.0,5300.0,5500.0
1,6,100,100,4,2,2,3,2,4,8g,12g,12g,12g,12g,12g,12g,100,0:00:10,0:00:15,0:00:05,0:00:15,0:00:20,0:00:05,KeyValueStore,final_v1,1,16,0,UniformSingleKeyWorkload,False,True,0:00:00.200000,100,0:00:00.100000,0:00:01,5000,False,info,1,0:00:01,0:01:00,5000,False,info,0:00:01,1,5000,0:01:00,0:02:00,0:04:00,info,info,5000,True,0:00:01,0:00:05,False,True,True,info,True,info,0:00:01,info,11.3787085611793,3.104675,1.996609,101.247095,9.664707600000002,99.8671141,100.32987374,92251.3943829114,97500.0,5183.0,162800.0,153300.0,156384.99999999997,162200.0
1,7,100,100,4,2,2,3,2,4,8g,12g,12g,12g,12g,12g,12g,100,0:00:10,0:00:15,0:00:05,0:00:15,0:00:20,0:00:05,KeyValueStore,final_v1,1,16,0,UniformSingleKeyWorkload,False,True,0:00:00.200000,100,0:00:00.100000,0:00:01,5000,False,info,1,0:00:01,0:01:00,5000,False,info,0:00:01,1,5000,0:01:00,0:02:00,0:04:00,info,info,5000,True,0:00:01,0:00:05,False,True,True,info,True,info,0:00:01,info,2.7591913059531987,2.219543,1.468212,182.294597,2.8045050000000002,3.1545422999999997,7.275165529999988,274868.8729322089,300300.0,48700.0,334200.0,330000.0,331500.0,332500.0
1,8,100,100,4,2,2,3,2,4,8g,12g,12g,12g,12g,12g,12g,100,0:00:10,0:00:15,0:00:05,0:00:15,0:00:20,0:00:05,KeyValueStore,final_v1,1,16,0,UniformSingleKeyWorkload,False,True,0:00:00.200000,100,0:00:00.100000,0:00:01,5000,False,info,1,0:00:01,0:01:00,5000,False,info,0:00:01,1,5000,0:01:00,0:02:00,0:04:00,info,info,5000,True,0:00:01,0:00:05,False,True,True,info,True,info,0:00:01,info,2.6715477144459143,2.143108,1.540863,187.784177,2.5889816,2.8394375,7.099943999999997,326989.24612839485,356300.0,82900.0,392400.0,388400.0,389800.0,391100.0
1,9,100,100,4,2,2,3,2,4,8g,12g,12g,12g,12g,12g,12g,100,0:00:10,0:00:15,0:00:05,0:00:15,0:00:20,0:00:05,KeyValueStore,final_v1,1,16,0,UniformSingleKeyWorkload,False,True,0:00:00.200000,100,0:00:00.100000,0:00:01,5000,False,info,1,0:00:01,0:01:00,5000,False,info,0:00:01,1,5000,0:01:00,0:02:00,0:04:00,info,info,5000,True,0:00:01,0:00:05,False,True,True,info,True,info,0:00:01,info,2.6578332278867105,2.160915,1.542175,196.572721,2.5722015,2.8129951499999994,6.295202750000005,369554.19912110374,409000.0,85200.0,438300.0,432900.0,435000.0,437500.0
1,10,100,100,4,2,2,3,2,4,8g,12g,12g,12g,12g,12g,12g,100,0:00:10,0:00:15,0:00:05,0:00:15,0:00:20,0:00:05,KeyValueStore,final_v1,1,16,0,UniformSingleKeyWorkload,False,True,0:00:00.200000,100,0:00:00.100000,0:00:01,5000,False,info,1,0:00:01,0:01:00,5000,False,info,0:00:01,1,5000,0:01:00,0:02:00,0:04:00,info,info,5000,True,0:00:01,0:00:05,False,True,True,info,True,info,0:00:01,info,2.6512175458837355,2.117157,1.450295,195.578521,2.528506,2.7709265,7.803814199999811,417536.99916610774,453981.0,96800.0,494100.0,490200.0,491600.0,493000.0
1,12,100,100,4,2,2,3,2,4,8g,12g,12g,12g,12g,12g,12g,100,0:00:10,0:00:15,0:00:05,0:00:15,0:00:20,0:00:05,KeyValueStore,final_v1,1,16,0,UniformSingleKeyWorkload,False,True,0:00:00.200000,100,0:00:00.100000,0:00:01,5000,False,info,1,0:00:01,0:01:00,5000,False,info,0:00:01,1,5000,0:01:00,0:02:00,0:04:00,info,info,5000,True,0:00:01,0:00:05,False,True,True,info,True,info,0:00:01,info,2.972801455374969,2.259213,1.562281,500.262622,2.7058565999999997,2.9930277999999997,8.161665759999998,462001.62206636096,517600.0,67700.0,558000.0,549500.0,553300.0,556500.0
1,14,100,100,4,2,2,3,2,4,8g,12g,12g,12g,12g,12g,12g,100,0:00:10,0:00:15,0:00:05,0:00:15,0:00:20,0:00:05,KeyValueStore,final_v1,1,16,0,UniformSingleKeyWorkload,False,True,0:00:00.200000,100,0:00:00.100000,0:00:01,5000,False,info,1,0:00:01,0:01:00,5000,False,info,0:00:01,1,5000,0:01:00,0:02:00,0:04:00,info,info,5000,True,0:00:01,0:00:05,False,True,True,info,True,info,0:00:01,info,3.567596914025323,2.46186,1.678983,448.593441,3.148222,3.6817085,11.385218200000198,484570.2379293008,553600.0,43470.0,578200.0,569500.0,571600.0,576700.0
1,16,100,100,4,2,2,3,2,4,8g,12g,12g,12g,12g,12g,12g,100,0:00:10,0:00:15,0:00:05,0:00:15,0:00:20,0:00:05,KeyValueStore,final_v1,1,16,0,UniformSingleKeyWorkload,False,True,0:00:00.200000,100,0:00:00.100000,0:00:01,5000,False,info,1,0:00:01,0:01:00,5000,False,info,0:00:01,1,5000,0:01:00,0:02:00,0:04:00,info,info,5000,True,0:00:01,0:00:05,False,True,True,info,True,info,0:00:01,info,4.171035486826441,2.659479,1.733354,452.040695,3.3251882,4.078621799999999,22.692880320000075,485220.3896754481,579800.0,30923.0,613100.0,603200.0,608700.0,611700.0
1,18,100,100,4,2,2,3,2,4,8g,12g,12g,12g,12g,12g,12g,100,0:00:10,0:00:15,0:00:05,0:00:15,0:00:20,0:00:05,KeyValueStore,final_v1,1,16,0,UniformSingleKeyWorkload,False,True,0:00:00.200000,100,0:00:00.100000,0:00:01,5000,False,info,1,0:00:01,0:01:00,5000,False,info,0:00:01,1,5000,0:01:00,0:02:00,0:04:00,info,info,5000,True,0:00:01,0:00:05,False,True,True,info,True,info,0:00:01,info,4.970359119247357,2.929338,1.687808,471.660025,3.7522172000000005,4.5108792,55.07033459999995,489459.2276717056,580100.0,46105.0,633500.0,626600.0,630400.0,632300.0
1,20,100,100,4,2,2,3,2,4,8g,12g,12g,12g,12g,12g,12g,100,0:00:10,0:00:15,0:00:05,0:00:15,0:00:20,0:00:05,KeyValueStore,final_v1,1,16,0,UniformSingleKeyWorkload,False,True,0:00:00.200000,100,0:00:00.100000,0:00:01,5000,False,info,1,0:00:01,0:01:00,5000,False,info,0:00:01,1,5000,0:01:00,0:02:00,0:04:00,info,info,5000,True,0:00:01,0:00:05,False,True,True,info,True,info,0:00:01,info,4.776936708636204,3.1368964999999998,1.627551,421.490806,4.3318101,5.254210549999998,26.953308720000045,481151.43096425943,564700.0,47700.0,640400.0,623100.0,636829.9999999995,638900.0
1,25,100,100,4,2,2,3,2,4,8g,12g,12g,12g,12g,12g,12g,100,0:00:10,0:00:15,0:00:05,0:00:15,0:00:20,0:00:05,KeyValueStore,final_v1,1,16,0,UniformSingleKeyWorkload,False,True,0:00:00.200000,100,0:00:00.100000,0:00:01,5000,False,info,1,0:00:01,0:01:00,5000,False,info,0:00:01,1,5000,0:01:00,0:02:00,0:04:00,info,info,5000,True,0:00:01,0:00:05,False,True,True,info,True,info,0:00:01,info,5.606829895011784,3.788936,1.646172,437.676063,5.3268436,6.726274599999994,38.113375239999925,512206.79103479715,596232.0,57000.0,652500.0,647600.0,650300.0,651200.0
1,30,100,100,4,2,2,3,2,4,8g,12g,12g,12g,12g,12g,12g,100,0:00:10,0:00:15,0:00:05,0:00:15,0:00:20,0:00:05,KeyValueStore,final_v1,1,16,0,UniformSingleKeyWorkload,False,True,0:00:00.200000,100,0:00:00.100000,0:00:01,5000,False,info,1,0:00:01,0:01:00,5000,False,info,0:00:01,1,5000,0:01:00,0:02:00,0:04:00,info,info,5000,True,0:00:01,0:00:05,False,True,True,info,True,info,0:00:01,info,6.252503396120264,4.569993,1.80725,425.756502,5.686450800000001,7.095178599999997,33.910446999999444,524324.2014726794,604600.0,76000.0,654500.0,644500.0,650800.0,653100.0
1,35,100,100,4,2,2,3,2,4,8g,12g,12g,12g,12g,12g,12g,100,0:00:10,0:00:15,0:00:05,0:00:15,0:00:20,0:00:05,KeyValueStore,final_v1,1,16,0,UniformSingleKeyWorkload,False,True,0:00:00.200000,100,0:00:00.100000,0:00:01,5000,False,info,1,0:00:01,0:01:00,5000,False,info,0:00:01,1,5000,0:01:00,0:02:00,0:04:00,info,info,5000,True,0:00:01,0:00:05,False,True,True,info,True,info,0:00:01,info,7.094081349028745,5.2874885,1.578027,435.745315,6.733716200000001,8.060336900000001,36.67555891999981,530515.7838763838,621800.0,56300.0,658800.0,653400.0,654400.0,656300.0
1,40,100,100,4,2,2,3,2,4,8g,12g,12g,12g,12g,12g,12g,100,0:00:10,0:00:15,0:00:05,0:00:15,0:00:20,0:00:05,KeyValueStore,final_v1,1,16,0,UniformSingleKeyWorkload,False,True,0:00:00.200000,100,0:00:00.100000,0:00:01,5000,False,info,1,0:00:01,0:01:00,5000,False,info,0:00:01,1,5000,0:01:00,0:02:00,0:04:00,info,info,5000,True,0:00:01,0:00:05,False,True,True,info,True,info,0:00:01,info,8.159169979522325,6.145513,1.503871,432.302852,7.659058200000004,8.8438778,53.771983599999,519127.94875942427,603000.0,44700.0,649900.0,637700.0,644600.0,648400.0
