f,num_client_procs,num_warmup_clients_per_proc,num_clients_per_proc,num_batchers,num_read_batchers,num_leaders,num_proxy_leaders,num_acceptor_groups,num_replicas,num_proxy_replicas,distribution_scheme,client_jvm_heap_size,batcher_jvm_heap_size,read_batcher_jvm_heap_size,leader_jvm_heap_size,proxy_leader_jvm_heap_size,acceptor_jvm_heap_size,replica_jvm_heap_size,proxy_replica_jvm_heap_size,measurement_group_size,warmup_duration,warmup_timeout,warmup_sleep,duration,timeout,client_lag,state_machine,predetermined_read_fraction,workload_label,workload.num_keys,workload.read_fraction,workload.write_size_mean,workload.write_size_std,workload.name,read_workload.num_keys,read_workload.read_fraction,read_workload.write_size_mean,read_workload.write_size_std,read_workload.name,write_workload.num_keys,write_workload.read_fraction,write_workload.write_size_mean,write_workload.write_size_std,write_workload.name,read_consistency,profiled,monitored,prometheus_scrape_interval,batcher_options.batch_size,batcher_log_level,read_batcher_options.read_batching_scheme,read_batcher_options.unsafe_read_at_first_slot,read_batcher_options.unsafe_read_at_i,read_batcher_log_level,leader_options.resend_phase1as_period,leader_options.flush_phase2as_every_n,leader_options.noop_flush_period,leader_options.election_options.ping_period,leader_options.election_options.no_ping_timeout_min,leader_options.election_options.no_ping_timeout_max,leader_log_level,proxy_leader_options.flush_phase2as_every_n,proxy_leader_log_level,acceptor_log_level,replica_options.log_grow_size,replica_options.unsafe_dont_use_client_table,replica_options.send_chosen_watermark_every_n_entries,replica_options.recover_log_entry_min_period,replica_options.recover_log_entry_max_period,replica_options.unsafe_dont_recover,replica_log_level,proxy_replica_options.flush_every_n,proxy_replica_options.batch_flush,proxy_replica_log_level,client_options.resend_client_request_period,client_options.resend_max_slot_requests_period,client_options.resend_read_request_period,client_options.resend_sequential_read_request_period,client_options.resend_eventual_read_request_period,client_options.unsafe_read_at_first_slot,client_options.unsafe_read_at_i,client_options.flush_writes_every_n,client_options.flush_reads_every_n,client_log_level,read_output.latency.mean_ms,read_output.latency.median_ms,read_output.latency.min_ms,read_output.latency.max_ms,read_output.latency.p90_ms,read_output.latency.p95_ms,read_output.latency.p99_ms,read_output.start_throughput_1s.mean,read_output.start_throughput_1s.median,read_output.start_throughput_1s.min,read_output.start_throughput_1s.max,read_output.start_throughput_1s.p90,read_output.start_throughput_1s.p95,read_output.start_throughput_1s.p99,write_output.latency.mean_ms,write_output.latency.median_ms,write_output.latency.min_ms,write_output.latency.max_ms,write_output.latency.p90_ms,write_output.latency.p95_ms,write_output.latency.p99_ms,write_output.start_throughput_1s.mean,write_output.start_throughput_1s.median,write_output.start_throughput_1s.min,write_output.start_throughput_1s.max,write_output.start_throughput_1s.p90,write_output.start_throughput_1s.p95,write_output.start_throughput_1s.p99
1,8,100,100,0,0,2,10,5,2,2,DistributionScheme.HASH,12g,12g,12g,12g,12g,12g,12g,12g,100,0:00:10,0:00:15,0:00:05,0:00:15,0:00:20,0:00:05,KeyValueStore,75,50000,1,0.0,16,0,UniformReadWriteWorkload,1,1.0,16,0,UniformReadWriteWorkload,1,0.0,16,0,UniformReadWriteWorkload,linearizable,False,True,0:00:00.200000,1,info,"size,1,10s",False,False,info,0:01:00,1,0:00:00.000500,0:01:00,0:02:00,0:04:00,info,1,info,info,5000,False,100,0:02:00,0:04:00,False,info,1,True,info,0:02:00,0:00:01,0:00:01,0:00:01,0:00:01,False,False,1,1,info,4.465446081850534,3.806626,1.123892,434.456243,4.521635,5.1592305,7.1556245,139009.4407770057,149200.0,1200.0,160100.0,157000.0,158500.0,159300.0,4.455996727627627,3.8988445,0.420576,276.669272,4.3050257,4.5089990499999955,6.395659749999984,46351.862642585555,49900.0,400.0,52800.0,52200.0,52400.0,52600.0
1,13,100,100,0,0,2,10,5,3,3,DistributionScheme.HASH,12g,12g,12g,12g,12g,12g,12g,12g,100,0:00:10,0:00:15,0:00:05,0:00:15,0:00:20,0:00:05,KeyValueStore,83,50000,1,0.0,16,0,UniformReadWriteWorkload,1,1.0,16,0,UniformReadWriteWorkload,1,0.0,16,0,UniformReadWriteWorkload,linearizable,False,True,0:00:00.200000,1,info,"size,1,10s",False,False,info,0:01:00,1,0:00:00.000500,0:01:00,0:02:00,0:04:00,info,1,info,info,5000,False,100,0:02:00,0:04:00,False,info,1,True,info,0:02:00,0:00:01,0:00:01,0:00:01,0:00:01,False,False,1,1,info,5.7702941221098785,4.814599,1.244786,535.539488,5.754598,6.3809165000000005,11.302414400000032,192017.58598351,212900.0,47059.0,221100.0,219200.0,219600.0,220200.0,5.771304057133198,4.8664545,0.916561,505.882141,5.4326285,5.72452275,45.101825900000385,40047.65020285764,44400.0,10371.0,46200.0,45400.0,45600.0,45900.0
1,17,100,100,0,0,2,10,5,4,4,DistributionScheme.HASH,12g,12g,12g,12g,12g,12g,12g,12g,100,0:00:10,0:00:15,0:00:05,0:00:15,0:00:20,0:00:05,KeyValueStore,86,50000,1,0.0,16,0,UniformReadWriteWorkload,1,1.0,16,0,UniformReadWriteWorkload,1,0.0,16,0,UniformReadWriteWorkload,linearizable,False,True,0:00:00.200000,1,info,"size,1,10s",False,False,info,0:01:00,1,0:00:00.000500,0:01:00,0:02:00,0:04:00,info,1,info,info,5000,False,100,0:02:00,0:04:00,False,info,1,True,info,0:02:00,0:00:01,0:00:01,0:00:01,0:00:01,False,False,1,1,info,6.185382926364944,4.57751,0.821061,566.431554,5.5837094,6.384510199999994,47.86643099999988,243279.74314694558,278800.0,12151.0,310000.0,306300.0,307900.0,308700.0,6.275664497293751,4.599016,0.620122,548.676399,5.3253532,12.320465199999997,53.32725183999999,40494.83219412167,47200.0,2023.0,51900.0,50700.0,50900.0,51500.0
1,20,100,100,0,0,2,10,5,5,5,DistributionScheme.HASH,12g,12g,12g,12g,12g,12g,12g,12g,100,0:00:10,0:00:15,0:00:05,0:00:15,0:00:20,0:00:05,KeyValueStore,88,50000,1,0.0,16,0,UniformReadWriteWorkload,1,1.0,16,0,UniformReadWriteWorkload,1,0.0,16,0,UniformReadWriteWorkload,linearizable,False,True,0:00:00.200000,1,info,"size,1,10s",False,False,info,0:01:00,1,0:00:00.000500,0:01:00,0:02:00,0:04:00,info,1,info,info,5000,False,100,0:02:00,0:04:00,False,info,1,True,info,0:02:00,0:00:01,0:00:01,0:00:01,0:00:01,False,False,1,1,info,6.059523560610181,4.6796095,0.690998,560.469041,5.798495900000001,6.762201150000003,37.646824980000005,288036.96695504186,339200.0,4793.0,358700.0,354700.0,356800.0,357700.0,5.978575148782831,4.7119705,0.36224,555.797912,5.647244199999999,10.812585399999998,47.18378688999999,40286.93218352311,47700.0,916.0,52000.0,49690.00000000006,50800.0,51600.0
1,23,100,100,0,0,2,10,5,6,6,DistributionScheme.HASH,12g,12g,12g,12g,12g,12g,12g,12g,100,0:00:10,0:00:15,0:00:05,0:00:15,0:00:20,0:00:05,KeyValueStore,89,50000,1,0.0,16,0,UniformReadWriteWorkload,1,1.0,16,0,UniformReadWriteWorkload,1,0.0,16,0,UniformReadWriteWorkload,linearizable,False,True,0:00:00.200000,1,info,"size,1,10s",False,False,info,0:01:00,1,0:00:00.000500,0:01:00,0:02:00,0:04:00,info,1,info,info,5000,False,100,0:02:00,0:04:00,False,info,1,True,info,0:02:00,0:00:01,0:00:01,0:00:01,0:00:01,False,False,1,1,info,212.148278573991,190.98472,1.207766,2438.193108,281.129722,320.827483,1442.3471740000025,9330.489115646258,9700.0,1000.0,11500.0,10815.0,11053.499999999996,11226.0,4.734301130434782,4.511836,3.470226,7.512195,5.740139600000001,6.1160418,7.212258000000002,525.4285714285714,791.0,53.0,872.0,853.4,862.7,870.14
1,8,100,100,0,0,2,10,5,2,2,DistributionScheme.HASH,12g,12g,12g,12g,12g,12g,12g,12g,100,0:00:10,0:00:15,0:00:05,0:00:15,0:00:20,0:00:05,KeyValueStore,60,75000,1,0.0,16,0,UniformReadWriteWorkload,1,1.0,16,0,UniformReadWriteWorkload,1,0.0,16,0,UniformReadWriteWorkload,linearizable,False,True,0:00:00.200000,1,info,"size,1,10s",False,False,info,0:01:00,1,0:00:00.000500,0:01:00,0:02:00,0:04:00,info,1,info,info,5000,False,100,0:02:00,0:04:00,False,info,1,True,info,0:02:00,0:00:01,0:00:01,0:00:01,0:00:01,False,False,1,1,info,5.145308211483999,4.2430965,1.714903,367.82506,5.428855200000001,6.187566299999996,7.913913920000004,99878.30934980788,108000.0,19100.0,117700.0,112400.0,116300.0,117200.0,5.2640031801178875,4.490767,0.927954,257.238976,4.9678234,5.2295336999999975,7.220066669999988,62023.69554216867,67500.0,12100.0,71200.0,70100.0,70600.0,70900.0
1,11,100,100,0,0,2,10,5,3,3,DistributionScheme.HASH,12g,12g,12g,12g,12g,12g,12g,12g,100,0:00:10,0:00:15,0:00:05,0:00:15,0:00:20,0:00:05,KeyValueStore,69,75000,1,0.0,16,0,UniformReadWriteWorkload,1,1.0,16,0,UniformReadWriteWorkload,1,0.0,16,0,UniformReadWriteWorkload,linearizable,False,True,0:00:00.200000,1,info,"size,1,10s",False,False,info,0:01:00,1,0:00:00.000500,0:01:00,0:02:00,0:04:00,info,1,info,info,5000,False,100,0:02:00,0:04:00,False,info,1,True,info,0:02:00,0:00:01,0:00:01,0:00:01,0:00:01,False,False,1,1,info,5.946549730474499,4.91659,1.391937,607.899369,6.298847000000002,8.168210199999997,13.80399096,137230.42389577374,143100.0,46437.0,154200.0,152800.0,153100.0,153600.0,5.826697889979915,5.079749,2.056361,506.644194,5.8250456999999995,6.157054749999997,8.163197439999928,62367.43042260098,66000.0,21679.0,70000.0,69300.0,69400.0,69600.0
1,13,100,100,0,0,2,10,5,4,4,DistributionScheme.HASH,12g,12g,12g,12g,12g,12g,12g,12g,100,0:00:10,0:00:15,0:00:05,0:00:15,0:00:20,0:00:05,KeyValueStore,74,75000,1,0.0,16,0,UniformReadWriteWorkload,1,1.0,16,0,UniformReadWriteWorkload,1,0.0,16,0,UniformReadWriteWorkload,linearizable,False,True,0:00:00.200000,1,info,"size,1,10s",False,False,info,0:01:00,1,0:00:00.000500,0:01:00,0:02:00,0:04:00,info,1,info,info,5000,False,100,0:02:00,0:04:00,False,info,1,True,info,0:02:00,0:00:01,0:00:01,0:00:01,0:00:01,False,False,1,1,info,5.745575880953306,4.346058,0.881148,647.49201,5.480301,6.522562,16.090120599999988,190766.32609140378,208500.0,27900.0,227000.0,217000.0,219200.0,225800.0,5.9895382708992315,4.567745,0.763694,647.898998,5.219078500000001,5.7000052,51.99391984999996,65083.98845512973,70800.0,10215.0,76100.0,74900.0,75300.0,75700.0
1,16,100,100,0,0,2,10,5,5,5,DistributionScheme.HASH,12g,12g,12g,12g,12g,12g,12g,12g,100,0:00:10,0:00:15,0:00:05,0:00:15,0:00:20,0:00:05,KeyValueStore,78,75000,1,0.0,16,0,UniformReadWriteWorkload,1,1.0,16,0,UniformReadWriteWorkload,1,0.0,16,0,UniformReadWriteWorkload,linearizable,False,True,0:00:00.200000,1,info,"size,1,10s",False,False,info,0:01:00,1,0:00:00.000500,0:01:00,0:02:00,0:04:00,info,1,info,info,5000,False,100,0:02:00,0:04:00,False,info,1,True,info,0:02:00,0:00:01,0:00:01,0:00:01,0:00:01,False,False,1,1,info,6.092718701337345,4.528293,0.544713,391.618523,5.8155126,7.522044299999998,53.96150038000006,217694.58221689225,250200.0,31900.0,271700.0,266160.00000000023,268700.0,269900.0,6.21232996526465,4.8220665,0.576615,109.172783,5.696562199999999,8.630838599999997,43.575270430000145,59639.49682875264,67900.0,9800.0,74400.0,73200.0,73700.0,74000.0
1,18,100,100,0,0,2,10,5,6,6,DistributionScheme.HASH,12g,12g,12g,12g,12g,12g,12g,12g,100,0:00:10,0:00:15,0:00:05,0:00:15,0:00:20,0:00:05,KeyValueStore,80,75000,1,0.0,16,0,UniformReadWriteWorkload,1,1.0,16,0,UniformReadWriteWorkload,1,0.0,16,0,UniformReadWriteWorkload,linearizable,False,True,0:00:00.200000,1,info,"size,1,10s",False,False,info,0:01:00,1,0:00:00.000500,0:01:00,0:02:00,0:04:00,info,1,info,info,5000,False,100,0:02:00,0:04:00,False,info,1,True,info,0:02:00,0:00:01,0:00:01,0:00:01,0:00:01,False,False,1,1,info,5.8530344583643314,4.4286235000000005,0.722132,624.724352,5.6172865,6.741673499999999,47.26838050000002,269822.6211782252,294400.0,28700.0,344800.0,326300.0,330000.0,342800.0,6.245533192483551,4.815226,2.132251,622.806296,5.630992200000001,7.762119599999975,39.721968520000054,63584.19539427774,70094.0,8000.0,77500.0,75600.0,76614.99999999997,77100.0
1,8,100,100,0,0,2,10,5,2,2,DistributionScheme.HASH,12g,12g,12g,12g,12g,12g,12g,12g,100,0:00:10,0:00:15,0:00:05,0:00:15,0:00:20,0:00:05,KeyValueStore,75,50000,1,0.0,16,0,UniformReadWriteWorkload,1,1.0,16,0,UniformReadWriteWorkload,1,0.0,16,0,UniformReadWriteWorkload,linearizable,False,True,0:00:00.200000,1,info,"size,1,10s",False,False,info,0:01:00,1,0:00:00.000500,0:01:00,0:02:00,0:04:00,info,1,info,info,5000,False,100,0:02:00,0:04:00,False,info,1,True,info,0:02:00,0:00:01,0:00:01,0:00:01,0:00:01,False,False,1,1,info,4.657774330007314,3.9488795000000003,1.43473,417.045011,4.7203699,5.418176400000002,7.608056580000003,133180.19105601063,144600.0,32800.0,160500.0,152600.0,156800.0,159400.0,4.617977602767413,4.0489165,0.687674,151.880594,4.4507502,4.6315817,7.584572459999986,44682.88443708609,48700.0,11200.0,52800.0,51600.0,52100.0,52500.0
1,13,100,100,0,0,2,10,5,3,3,DistributionScheme.HASH,12g,12g,12g,12g,12g,12g,12g,12g,100,0:00:10,0:00:15,0:00:05,0:00:15,0:00:20,0:00:05,KeyValueStore,83,50000,1,0.0,16,0,UniformReadWriteWorkload,1,1.0,16,0,UniformReadWriteWorkload,1,0.0,16,0,UniformReadWriteWorkload,linearizable,False,True,0:00:00.200000,1,info,"size,1,10s",False,False,info,0:01:00,1,0:00:00.000500,0:01:00,0:02:00,0:04:00,info,1,info,info,5000,False,100,0:02:00,0:04:00,False,info,1,True,info,0:02:00,0:00:01,0:00:01,0:00:01,0:00:01,False,False,1,1,info,5.635456548495099,4.6254495,1.127125,584.879442,5.5841069999999995,6.356586349999999,9.775625240000004,202845.51604973973,219100.0,19780.0,244300.0,232600.0,235900.0,242900.0,5.591703348986654,4.687641,0.422762,404.087338,5.167058000000001,5.413039599999999,59.09432679999998,42410.66776486908,45800.0,4289.0,49700.0,48400.0,48800.0,49300.0
1,17,100,100,0,0,2,10,5,4,4,DistributionScheme.HASH,12g,12g,12g,12g,12g,12g,12g,12g,100,0:00:10,0:00:15,0:00:05,0:00:15,0:00:20,0:00:05,KeyValueStore,86,50000,1,0.0,16,0,UniformReadWriteWorkload,1,1.0,16,0,UniformReadWriteWorkload,1,0.0,16,0,UniformReadWriteWorkload,linearizable,False,True,0:00:00.200000,1,info,"size,1,10s",False,False,info,0:01:00,1,0:00:00.000500,0:01:00,0:02:00,0:04:00,info,1,info,info,5000,False,100,0:02:00,0:04:00,False,info,1,True,info,0:02:00,0:00:01,0:00:01,0:00:01,0:00:01,False,False,1,1,info,6.1618306024269565,4.827933,1.187767,545.664028,5.8436342,6.716384199999999,41.77347911999981,252216.31210561516,280800.0,66500.0,300600.0,298400.0,299300.0,299800.0,6.269160737870508,4.853447,0.758384,543.354387,5.512180000000001,9.127157499999878,53.11052705999995,42118.697377622375,47200.0,11300.0,50800.0,49710.00000000004,50100.0,50400.0
1,20,100,100,0,0,2,10,5,5,5,DistributionScheme.HASH,12g,12g,12g,12g,12g,12g,12g,12g,100,0:00:10,0:00:15,0:00:05,0:00:15,0:00:20,0:00:05,KeyValueStore,88,50000,1,0.0,16,0,UniformReadWriteWorkload,1,1.0,16,0,UniformReadWriteWorkload,1,0.0,16,0,UniformReadWriteWorkload,linearizable,False,True,0:00:00.200000,1,info,"size,1,10s",False,False,info,0:01:00,1,0:00:00.000500,0:01:00,0:02:00,0:04:00,info,1,info,info,5000,False,100,0:02:00,0:04:00,False,info,1,True,info,0:02:00,0:00:01,0:00:01,0:00:01,0:00:01,False,False,1,1,info,6.318311794991222,4.844546,0.623476,521.092127,6.1092498,7.313905199999999,41.68797148000008,301281.9237157722,337200.0,94100.0,362200.0,359400.0,360200.0,361100.0,6.55149955475793,4.889653,0.90715,514.009984,6.029158400000001,10.83655125,45.374580089999924,42336.313034374456,47500.0,13200.0,51200.0,50300.0,50600.0,50900.0
1,23,100,100,0,0,2,10,5,6,6,DistributionScheme.HASH,12g,12g,12g,12g,12g,12g,12g,12g,100,0:00:10,0:00:15,0:00:05,0:00:15,0:00:20,0:00:05,KeyValueStore,89,50000,1,0.0,16,0,UniformReadWriteWorkload,1,1.0,16,0,UniformReadWriteWorkload,1,0.0,16,0,UniformReadWriteWorkload,linearizable,False,True,0:00:00.200000,1,info,"size,1,10s",False,False,info,0:01:00,1,0:00:00.000500,0:01:00,0:02:00,0:04:00,info,1,info,info,5000,False,100,0:02:00,0:04:00,False,info,1,True,info,0:02:00,0:00:01,0:00:01,0:00:01,0:00:01,False,False,1,1,info,6.105700483757943,4.758001,0.604215,560.954024,6.032976600000001,7.326301599999985,40.195009479999754,357129.24925193883,394500.0,54779.0,427900.0,411300.0,412800.0,422300.0,5.996892083801497,4.8146565,0.728072,293.909298,6.272344700000001,9.718447049999998,43.54193054000003,45292.161984267135,50100.0,6870.0,53500.0,52500.0,52700.0,53100.0
1,8,100,100,0,0,2,10,5,2,2,DistributionScheme.HASH,12g,12g,12g,12g,12g,12g,12g,12g,100,0:00:10,0:00:15,0:00:05,0:00:15,0:00:20,0:00:05,KeyValueStore,60,75000,1,0.0,16,0,UniformReadWriteWorkload,1,1.0,16,0,UniformReadWriteWorkload,1,0.0,16,0,UniformReadWriteWorkload,linearizable,False,True,0:00:00.200000,1,info,"size,1,10s",False,False,info,0:01:00,1,0:00:00.000500,0:01:00,0:02:00,0:04:00,info,1,info,info,5000,False,100,0:02:00,0:04:00,False,info,1,True,info,0:02:00,0:00:01,0:00:01,0:00:01,0:00:01,False,False,1,1,info,5.104796604736139,4.222616,1.495938,395.300076,5.302366,6.055605,8.093605800000002,99633.42001198322,107850.0,20300.0,121200.0,113600.0,117800.0,120700.0,5.166843134906501,4.429473,0.571772,251.074794,4.9284512,5.1350013,6.314709250000002,62667.318133490844,68200.0,12800.0,73100.0,71400.0,72100.0,72700.0
1,11,100,100,0,0,2,10,5,3,3,DistributionScheme.HASH,12g,12g,12g,12g,12g,12g,12g,12g,100,0:00:10,0:00:15,0:00:05,0:00:15,0:00:20,0:00:05,KeyValueStore,69,75000,1,0.0,16,0,UniformReadWriteWorkload,1,1.0,16,0,UniformReadWriteWorkload,1,0.0,16,0,UniformReadWriteWorkload,linearizable,False,True,0:00:00.200000,1,info,"size,1,10s",False,False,info,0:01:00,1,0:00:00.000500,0:01:00,0:02:00,0:04:00,info,1,info,info,5000,False,100,0:02:00,0:04:00,False,info,1,True,info,0:02:00,0:00:01,0:00:01,0:00:01,0:00:01,False,False,1,1,info,5.8814547777160735,4.602136,1.521351,661.288942,5.8012329000000005,6.869569799999987,12.486872680000015,143578.54311916765,156450.0,26071.0,180000.0,170500.0,175400.0,179100.0,6.002282174222426,4.856801,0.803852,653.401636,5.5368582,5.860329199999999,25.537836799995993,62593.2447067413,67900.0,12018.0,72500.0,71600.0,71800.0,72100.0
1,13,100,100,0,0,2,10,5,4,4,DistributionScheme.HASH,12g,12g,12g,12g,12g,12g,12g,12g,100,0:00:10,0:00:15,0:00:05,0:00:15,0:00:20,0:00:05,KeyValueStore,74,75000,1,0.0,16,0,UniformReadWriteWorkload,1,1.0,16,0,UniformReadWriteWorkload,1,0.0,16,0,UniformReadWriteWorkload,linearizable,False,True,0:00:00.200000,1,info,"size,1,10s",False,False,info,0:01:00,1,0:00:00.000500,0:01:00,0:02:00,0:04:00,info,1,info,info,5000,False,100,0:02:00,0:04:00,False,info,1,True,info,0:02:00,0:00:01,0:00:01,0:00:01,0:00:01,False,False,1,1,info,5.596223728465987,4.510987500000001,0.869065,609.511499,5.8233714,7.104325149999993,15.861954129999962,186506.46855870896,192900.0,27500.0,227100.0,217100.0,223800.0,225900.0,5.882329237575218,4.820872,1.922137,610.537802,5.5201025,5.9734299,29.144652960000066,63332.96766285314,67700.0,10100.0,72000.0,70600.0,71000.0,71600.0
1,16,100,100,0,0,2,10,5,5,5,DistributionScheme.HASH,12g,12g,12g,12g,12g,12g,12g,12g,100,0:00:10,0:00:15,0:00:05,0:00:15,0:00:20,0:00:05,KeyValueStore,78,75000,1,0.0,16,0,UniformReadWriteWorkload,1,1.0,16,0,UniformReadWriteWorkload,1,0.0,16,0,UniformReadWriteWorkload,linearizable,False,True,0:00:00.200000,1,info,"size,1,10s",False,False,info,0:01:00,1,0:00:00.000500,0:01:00,0:02:00,0:04:00,info,1,info,info,5000,False,100,0:02:00,0:04:00,False,info,1,True,info,0:02:00,0:00:01,0:00:01,0:00:01,0:00:01,False,False,1,1,info,6.349828726680758,4.6795875,0.744768,352.222731,6.322213100000001,8.09701729999999,57.60252087999982,212196.134170333,234000.0,25300.0,291700.0,258500.0,278800.0,290000.0,6.5027373201287455,5.0388885000000005,0.484625,101.265778,6.296116700000001,9.016140549999996,50.47507379999935,57843.73689686565,64200.0,8200.0,71400.0,68500.0,69500.0,70800.0
1,18,100,100,0,0,2,10,5,6,6,DistributionScheme.HASH,12g,12g,12g,12g,12g,12g,12g,12g,100,0:00:10,0:00:15,0:00:05,0:00:15,0:00:20,0:00:05,KeyValueStore,80,75000,1,0.0,16,0,UniformReadWriteWorkload,1,1.0,16,0,UniformReadWriteWorkload,1,0.0,16,0,UniformReadWriteWorkload,linearizable,False,True,0:00:00.200000,1,info,"size,1,10s",False,False,info,0:01:00,1,0:00:00.000500,0:01:00,0:02:00,0:04:00,info,1,info,info,5000,False,100,0:02:00,0:04:00,False,info,1,True,info,0:02:00,0:00:01,0:00:01,0:00:01,0:00:01,False,False,1,1,info,5.583051259226485,4.3710265,0.485268,389.903413,5.917148200000001,7.0699705,42.388547040000034,270332.6216640078,289000.0,33900.0,352000.0,333300.0,335800.0,348418.0,5.982452535467321,4.9180495,0.432326,96.276898,6.1206715,7.7778315,38.6403994500002,62250.460376481526,67100.0,8900.0,75100.0,74100.0,74500.0,74700.0
1,8,100,100,0,0,2,10,5,2,2,DistributionScheme.HASH,12g,12g,12g,12g,12g,12g,12g,12g,100,0:00:10,0:00:15,0:00:05,0:00:15,0:00:20,0:00:05,KeyValueStore,75,50000,1,0.0,16,0,UniformReadWriteWorkload,1,1.0,16,0,UniformReadWriteWorkload,1,0.0,16,0,UniformReadWriteWorkload,linearizable,False,True,0:00:00.200000,1,info,"size,1,10s",False,False,info,0:01:00,1,0:00:00.000500,0:01:00,0:02:00,0:04:00,info,1,info,info,5000,False,100,0:02:00,0:04:00,False,info,1,True,info,0:02:00,0:00:01,0:00:01,0:00:01,0:00:01,False,False,1,1,info,4.535219954365079,3.8353279999999996,1.600772,402.718766,4.6799115,5.22905925,7.014141250000009,133465.24024827438,146800.0,58800.0,155600.0,154500.0,154900.0,155200.0,4.507566379326048,3.9377265,0.878475,152.62594,4.3366134,4.5679248,6.161754530000012,44457.399903830745,49600.0,20400.0,52900.0,50700.0,51100.0,52200.0
1,13,100,100,0,0,2,10,5,3,3,DistributionScheme.HASH,12g,12g,12g,12g,12g,12g,12g,12g,100,0:00:10,0:00:15,0:00:05,0:00:15,0:00:20,0:00:05,KeyValueStore,83,50000,1,0.0,16,0,UniformReadWriteWorkload,1,1.0,16,0,UniformReadWriteWorkload,1,0.0,16,0,UniformReadWriteWorkload,linearizable,False,True,0:00:00.200000,1,info,"size,1,10s",False,False,info,0:01:00,1,0:00:00.000500,0:01:00,0:02:00,0:04:00,info,1,info,info,5000,False,100,0:02:00,0:04:00,False,info,1,True,info,0:02:00,0:00:01,0:00:01,0:00:01,0:00:01,False,False,1,1,info,5.953433999963845,4.645969,0.879395,561.991562,5.658394499999999,6.619866449999994,11.673005450000005,199331.9638225256,220000.0,43986.0,234400.0,230600.0,232800.0,233500.0,5.993122299589603,4.639059,1.430741,556.704119,5.1902052,5.514330399999999,63.55364692999996,42233.076051779935,46700.0,9189.0,49500.0,48600.0,48900.0,49300.0
1,17,100,100,0,0,2,10,5,4,4,DistributionScheme.HASH,12g,12g,12g,12g,12g,12g,12g,12g,100,0:00:10,0:00:15,0:00:05,0:00:15,0:00:20,0:00:05,KeyValueStore,86,50000,1,0.0,16,0,UniformReadWriteWorkload,1,1.0,16,0,UniformReadWriteWorkload,1,0.0,16,0,UniformReadWriteWorkload,linearizable,False,True,0:00:00.200000,1,info,"size,1,10s",False,False,info,0:01:00,1,0:00:00.000500,0:01:00,0:02:00,0:04:00,info,1,info,info,5000,False,100,0:02:00,0:04:00,False,info,1,True,info,0:02:00,0:00:01,0:00:01,0:00:01,0:00:01,False,False,1,1,info,6.330763235295802,4.868288,1.306396,523.981003,5.976756,6.809658549999997,46.09819757000002,246820.70089632506,277800.0,43600.0,293700.0,291700.0,292100.0,292800.0,6.261659330693751,4.923192,0.487093,175.018382,5.5948302,12.564608999999995,52.75507804000001,41149.80068419157,46700.0,7500.0,49700.0,48800.0,49000.0,49300.0
1,20,100,100,0,0,2,10,5,5,5,DistributionScheme.HASH,12g,12g,12g,12g,12g,12g,12g,12g,100,0:00:10,0:00:15,0:00:05,0:00:15,0:00:20,0:00:05,KeyValueStore,88,50000,1,0.0,16,0,UniformReadWriteWorkload,1,1.0,16,0,UniformReadWriteWorkload,1,0.0,16,0,UniformReadWriteWorkload,linearizable,False,True,0:00:00.200000,1,info,"size,1,10s",False,False,info,0:01:00,1,0:00:00.000500,0:01:00,0:02:00,0:04:00,info,1,info,info,5000,False,100,0:02:00,0:04:00,False,info,1,True,info,0:02:00,0:00:01,0:00:01,0:00:01,0:00:01,False,False,1,1,info,6.167645729918429,4.774753499999999,0.850642,543.791412,5.888617100000001,6.615281900000002,42.042241399999874,306705.5261047053,345100.0,60200.0,370900.0,363000.0,368200.0,369700.0,6.212054474424765,4.806919,1.922863,506.377897,5.844302,10.925659,46.56751480000001,42838.8853021978,48200.0,7700.0,52000.0,50700.0,50900.0,51400.0
1,23,100,100,0,0,2,10,5,6,6,DistributionScheme.HASH,12g,12g,12g,12g,12g,12g,12g,12g,100,0:00:10,0:00:15,0:00:05,0:00:15,0:00:20,0:00:05,KeyValueStore,89,50000,1,0.0,16,0,UniformReadWriteWorkload,1,1.0,16,0,UniformReadWriteWorkload,1,0.0,16,0,UniformReadWriteWorkload,linearizable,False,True,0:00:00.200000,1,info,"size,1,10s",False,False,info,0:01:00,1,0:00:00.000500,0:01:00,0:02:00,0:04:00,info,1,info,info,5000,False,100,0:02:00,0:04:00,False,info,1,True,info,0:02:00,0:00:01,0:00:01,0:00:01,0:00:01,False,False,1,1,info,6.321660275179045,4.828117499999999,0.533114,502.063521,6.1617987,7.579090849999995,43.965545189999894,350835.68164841423,387600.0,46300.0,419400.0,415200.0,416300.0,417400.0,6.343157377562551,4.901841,1.388496,492.741954,6.31583,10.311089599999995,45.30600419999998,44479.109760159896,48900.0,6000.0,53500.0,52700.0,53000.0,53200.0
1,8,100,100,0,0,2,10,5,2,2,DistributionScheme.HASH,12g,12g,12g,12g,12g,12g,12g,12g,100,0:00:10,0:00:15,0:00:05,0:00:15,0:00:20,0:00:05,KeyValueStore,60,75000,1,0.0,16,0,UniformReadWriteWorkload,1,1.0,16,0,UniformReadWriteWorkload,1,0.0,16,0,UniformReadWriteWorkload,linearizable,False,True,0:00:00.200000,1,info,"size,1,10s",False,False,info,0:01:00,1,0:00:00.000500,0:01:00,0:02:00,0:04:00,info,1,info,info,5000,False,100,0:02:00,0:04:00,False,info,1,True,info,0:02:00,0:00:01,0:00:01,0:00:01,0:00:01,False,False,1,1,info,5.078097146099588,4.177885,1.395452,376.92591,5.471635000000001,6.2434745,8.444772999999998,97733.67910172121,105600.0,38017.0,120700.0,119300.0,119800.0,120300.0,5.101912035251483,4.3606485,0.51137,254.538478,4.9535315,5.259565,6.897230150000032,62264.92009769714,67500.0,23280.0,76900.0,76100.0,76400.0,76700.0
1,11,100,100,0,0,2,10,5,3,3,DistributionScheme.HASH,12g,12g,12g,12g,12g,12g,12g,12g,100,0:00:10,0:00:15,0:00:05,0:00:15,0:00:20,0:00:05,KeyValueStore,69,75000,1,0.0,16,0,UniformReadWriteWorkload,1,1.0,16,0,UniformReadWriteWorkload,1,0.0,16,0,UniformReadWriteWorkload,linearizable,False,True,0:00:00.200000,1,info,"size,1,10s",False,False,info,0:01:00,1,0:00:00.000500,0:01:00,0:02:00,0:04:00,info,1,info,info,5000,False,100,0:02:00,0:04:00,False,info,1,True,info,0:02:00,0:00:01,0:00:01,0:00:01,0:00:01,False,False,1,1,info,5.544181669679942,4.421389,1.194842,578.063026,5.647018000000003,6.5026176,9.710271280000002,148679.65786209036,163200.0,17007.0,178500.0,167500.0,172900.0,177400.0,5.664790100100101,4.700282,0.675691,369.481488,5.296799,5.63511,11.653030700000059,64668.00979235488,69900.0,7654.0,76000.0,74800.0,75200.0,75500.0
1,13,100,100,0,0,2,10,5,4,4,DistributionScheme.HASH,12g,12g,12g,12g,12g,12g,12g,12g,100,0:00:10,0:00:15,0:00:05,0:00:15,0:00:20,0:00:05,KeyValueStore,74,75000,1,0.0,16,0,UniformReadWriteWorkload,1,1.0,16,0,UniformReadWriteWorkload,1,0.0,16,0,UniformReadWriteWorkload,linearizable,False,True,0:00:00.200000,1,info,"size,1,10s",False,False,info,0:01:00,1,0:00:00.000500,0:01:00,0:02:00,0:04:00,info,1,info,info,5000,False,100,0:02:00,0:04:00,False,info,1,True,info,0:02:00,0:00:01,0:00:01,0:00:01,0:00:01,False,False,1,1,info,5.708927129831363,4.409736,1.328184,599.617142,5.722852600000003,7.114860599999998,15.926631920000007,187863.38860554795,203800.0,25990.0,224000.0,215800.0,217400.0,222700.0,5.921467127929139,4.659466,0.924583,599.901511,5.386668800000001,6.036745400000001,29.340236099999984,64618.41225760115,69300.0,9015.0,76900.0,73800.0,74500.0,76200.0
1,16,100,100,0,0,2,10,5,5,5,DistributionScheme.HASH,12g,12g,12g,12g,12g,12g,12g,12g,100,0:00:10,0:00:15,0:00:05,0:00:15,0:00:20,0:00:05,KeyValueStore,78,75000,1,0.0,16,0,UniformReadWriteWorkload,1,1.0,16,0,UniformReadWriteWorkload,1,0.0,16,0,UniformReadWriteWorkload,linearizable,False,True,0:00:00.200000,1,info,"size,1,10s",False,False,info,0:01:00,1,0:00:00.000500,0:01:00,0:02:00,0:04:00,info,1,info,info,5000,False,100,0:02:00,0:04:00,False,info,1,True,info,0:02:00,0:00:01,0:00:01,0:00:01,0:00:01,False,False,1,1,info,6.151770476176314,4.7074964999999995,0.837682,344.89044,6.099883,7.645741099999998,57.36618173999991,213570.77462794792,239900.0,34900.0,263500.0,255000.0,258500.0,262500.0,6.05488376471267,4.799910499999999,0.443544,109.267112,5.7243025,8.253416,42.764525750000004,60918.35820354944,68200.0,10800.0,74500.0,73700.0,73900.0,74100.0
1,18,100,100,0,0,2,10,5,6,6,DistributionScheme.HASH,12g,12g,12g,12g,12g,12g,12g,12g,100,0:00:10,0:00:15,0:00:05,0:00:15,0:00:20,0:00:05,KeyValueStore,80,75000,1,0.0,16,0,UniformReadWriteWorkload,1,1.0,16,0,UniformReadWriteWorkload,1,0.0,16,0,UniformReadWriteWorkload,linearizable,False,True,0:00:00.200000,1,info,"size,1,10s",False,False,info,0:01:00,1,0:00:00.000500,0:01:00,0:02:00,0:04:00,info,1,info,info,5000,False,100,0:02:00,0:04:00,False,info,1,True,info,0:02:00,0:00:01,0:00:01,0:00:01,0:00:01,False,False,1,1,info,6.386779578746837,4.563698,0.502718,366.4878,6.257222400000001,7.933909899999999,62.32066033999981,248254.03887688986,262900.0,29200.0,317500.0,309700.0,316200.0,316800.0,6.523262987466537,4.869785,0.416295,95.540037,6.3506936000000005,9.840570949999783,61.66874861999999,60093.807638087914,65200.0,8000.0,76300.0,75000.0,75300.0,75900.0
1,8,100,100,0,0,2,10,5,2,2,DistributionScheme.HASH,12g,12g,12g,12g,12g,12g,12g,12g,100,0:00:10,0:00:15,0:00:05,0:00:15,0:00:20,0:00:05,KeyValueStore,75,50000,1,0.0,16,0,UniformReadWriteWorkload,1,1.0,16,0,UniformReadWriteWorkload,1,0.0,16,0,UniformReadWriteWorkload,linearizable,False,True,0:00:00.200000,1,info,"size,1,10s",False,False,info,0:01:00,1,0:00:00.000500,0:01:00,0:02:00,0:04:00,info,1,info,info,5000,False,100,0:02:00,0:04:00,False,info,1,True,info,0:02:00,0:00:01,0:00:01,0:00:01,0:00:01,False,False,1,1,info,4.576326436434586,3.8543849999999997,1.594183,458.077368,4.782297,5.38433875,7.085236500000001,132823.91830788323,148600.0,57599.0,155700.0,154100.0,154600.0,155200.0,4.514452932806324,3.931852,0.632688,154.25147,4.3432246,4.57193735,6.506813319999986,44721.92934956744,49900.0,19918.0,52800.0,51500.0,51800.0,52600.0
1,13,100,100,0,0,2,10,5,3,3,DistributionScheme.HASH,12g,12g,12g,12g,12g,12g,12g,12g,100,0:00:10,0:00:15,0:00:05,0:00:15,0:00:20,0:00:05,KeyValueStore,83,50000,1,0.0,16,0,UniformReadWriteWorkload,1,1.0,16,0,UniformReadWriteWorkload,1,0.0,16,0,UniformReadWriteWorkload,linearizable,False,True,0:00:00.200000,1,info,"size,1,10s",False,False,info,0:01:00,1,0:00:00.000500,0:01:00,0:02:00,0:04:00,info,1,info,info,5000,False,100,0:02:00,0:04:00,False,info,1,True,info,0:02:00,0:00:01,0:00:01,0:00:01,0:00:01,False,False,1,1,info,5.771151571888859,4.6892785,1.167905,577.026128,5.6529256,6.449805749999999,9.887493639999994,202174.77816087738,219700.0,51595.0,230300.0,227400.0,228800.0,229600.0,5.83047763031915,4.76108,0.460521,447.690412,5.24619,5.47803675,53.51045065000009,42089.31237859792,45600.0,10566.0,47900.0,47100.0,47300.0,47600.0
1,17,100,100,0,0,2,10,5,4,4,DistributionScheme.HASH,12g,12g,12g,12g,12g,12g,12g,12g,100,0:00:10,0:00:15,0:00:05,0:00:15,0:00:20,0:00:05,KeyValueStore,86,50000,1,0.0,16,0,UniformReadWriteWorkload,1,1.0,16,0,UniformReadWriteWorkload,1,0.0,16,0,UniformReadWriteWorkload,linearizable,False,True,0:00:00.200000,1,info,"size,1,10s",False,False,info,0:01:00,1,0:00:00.000500,0:01:00,0:02:00,0:04:00,info,1,info,info,5000,False,100,0:02:00,0:04:00,False,info,1,True,info,0:02:00,0:00:01,0:00:01,0:00:01,0:00:01,False,False,1,1,info,6.2960980137190825,4.807276,1.030599,548.122216,5.988798999999999,6.965181500000003,42.272371169999985,251354.28759193077,275200.0,44864.0,309600.0,306700.0,308000.0,308600.0,6.301032227510548,4.844668,0.437938,546.202918,5.7010152000000005,10.427213400000003,52.342581920000015,42040.32156166815,46600.0,7455.0,51800.0,50400.0,51300.0,51600.0
1,20,100,100,0,0,2,10,5,5,5,DistributionScheme.HASH,12g,12g,12g,12g,12g,12g,12g,12g,100,0:00:10,0:00:15,0:00:05,0:00:15,0:00:20,0:00:05,KeyValueStore,88,50000,1,0.0,16,0,UniformReadWriteWorkload,1,1.0,16,0,UniformReadWriteWorkload,1,0.0,16,0,UniformReadWriteWorkload,linearizable,False,True,0:00:00.200000,1,info,"size,1,10s",False,False,info,0:01:00,1,0:00:00.000500,0:01:00,0:02:00,0:04:00,info,1,info,info,5000,False,100,0:02:00,0:04:00,False,info,1,True,info,0:02:00,0:00:01,0:00:01,0:00:01,0:00:01,False,False,1,1,info,6.293139619560897,4.869224,0.703489,550.799789,6.0376373999999995,7.381633399999998,42.41868131999999,297908.1421881445,332000.0,74500.0,346800.0,345100.0,345500.0,346000.0,6.440213948594243,4.914801,0.548956,550.280927,5.92672,10.7803035,47.02966839999999,41873.143991712706,47200.0,10900.0,49700.0,48800.0,49000.0,49200.0
1,23,100,100,0,0,2,10,5,6,6,DistributionScheme.HASH,12g,12g,12g,12g,12g,12g,12g,12g,100,0:00:10,0:00:15,0:00:05,0:00:15,0:00:20,0:00:05,KeyValueStore,89,50000,1,0.0,16,0,UniformReadWriteWorkload,1,1.0,16,0,UniformReadWriteWorkload,1,0.0,16,0,UniformReadWriteWorkload,linearizable,False,True,0:00:00.200000,1,info,"size,1,10s",False,False,info,0:01:00,1,0:00:00.000500,0:01:00,0:02:00,0:04:00,info,1,info,info,5000,False,100,0:02:00,0:04:00,False,info,1,True,info,0:02:00,0:00:01,0:00:01,0:00:01,0:00:01,False,False,1,1,info,6.172526965016844,4.758736,0.560462,563.469915,5.798250000000001,6.6742656,40.208825979999766,365741.0097175702,397800.0,54500.0,446400.0,429100.0,437300.0,444600.0,6.134360006933502,4.8049669999999995,0.438457,556.587688,6.043531,9.7510905,45.00157370000001,45993.54081465729,50337.0,7300.0,54700.0,53500.0,54000.0,54400.0
1,8,100,100,0,0,2,10,5,2,2,DistributionScheme.HASH,12g,12g,12g,12g,12g,12g,12g,12g,100,0:00:10,0:00:15,0:00:05,0:00:15,0:00:20,0:00:05,KeyValueStore,60,75000,1,0.0,16,0,UniformReadWriteWorkload,1,1.0,16,0,UniformReadWriteWorkload,1,0.0,16,0,UniformReadWriteWorkload,linearizable,False,True,0:00:00.200000,1,info,"size,1,10s",False,False,info,0:01:00,1,0:00:00.000500,0:01:00,0:02:00,0:04:00,info,1,info,info,5000,False,100,0:02:00,0:04:00,False,info,1,True,info,0:02:00,0:00:01,0:00:01,0:00:01,0:00:01,False,False,1,1,info,5.228787363780436,4.337246,1.043041,343.300596,5.446547300000001,6.3127134499999995,8.520005970000007,98163.65843023256,106000.0,1600.0,111000.0,108100.0,109000.0,110300.0,5.2543073097234805,4.529818000000001,0.570889,258.870109,4.9697203,5.1979025000000005,6.84228943000001,62228.205186972256,67100.0,1000.0,71300.0,70200.0,70600.0,70800.0
1,11,100,100,0,0,2,10,5,3,3,DistributionScheme.HASH,12g,12g,12g,12g,12g,12g,12g,12g,100,0:00:10,0:00:15,0:00:05,0:00:15,0:00:20,0:00:05,KeyValueStore,69,75000,1,0.0,16,0,UniformReadWriteWorkload,1,1.0,16,0,UniformReadWriteWorkload,1,0.0,16,0,UniformReadWriteWorkload,linearizable,False,True,0:00:00.200000,1,info,"size,1,10s",False,False,info,0:01:00,1,0:00:00.000500,0:01:00,0:02:00,0:04:00,info,1,info,info,5000,False,100,0:02:00,0:04:00,False,info,1,True,info,0:02:00,0:00:01,0:00:01,0:00:01,0:00:01,False,False,1,1,info,5.895231135724649,4.618352,1.386476,657.803512,5.6377956000000005,6.507383799999998,11.361979359999982,143100.85810989476,156000.0,20300.0,169000.0,161800.0,164600.0,168300.0,6.109125765054745,4.8817955,0.567273,652.548488,5.430094,5.66596585,12.948114579999901,62287.0666907863,67800.0,9400.0,71100.0,70200.0,70400.0,70700.0
1,13,100,100,0,0,2,10,5,4,4,DistributionScheme.HASH,12g,12g,12g,12g,12g,12g,12g,12g,100,0:00:10,0:00:15,0:00:05,0:00:15,0:00:20,0:00:05,KeyValueStore,74,75000,1,0.0,16,0,UniformReadWriteWorkload,1,1.0,16,0,UniformReadWriteWorkload,1,0.0,16,0,UniformReadWriteWorkload,linearizable,False,True,0:00:00.200000,1,info,"size,1,10s",False,False,info,0:01:00,1,0:00:00.000500,0:01:00,0:02:00,0:04:00,info,1,info,info,5000,False,100,0:02:00,0:04:00,False,info,1,True,info,0:02:00,0:00:01,0:00:01,0:00:01,0:00:01,False,False,1,1,info,5.608582157571186,4.30761,0.97473,637.516308,5.3966586,6.177179899999998,16.925529400000016,196392.94206137027,211500.0,22700.0,235600.0,218600.0,228300.0,234900.0,5.9637058851148845,4.572581,0.557191,631.440719,5.190334799999999,5.7063624,33.381075160000115,66341.23641496118,71300.0,8400.0,77000.0,74900.0,75800.0,76600.0
1,16,100,100,0,0,2,10,5,5,5,DistributionScheme.HASH,12g,12g,12g,12g,12g,12g,12g,12g,100,0:00:10,0:00:15,0:00:05,0:00:15,0:00:20,0:00:05,KeyValueStore,78,75000,1,0.0,16,0,UniformReadWriteWorkload,1,1.0,16,0,UniformReadWriteWorkload,1,0.0,16,0,UniformReadWriteWorkload,linearizable,False,True,0:00:00.200000,1,info,"size,1,10s",False,False,info,0:01:00,1,0:00:00.000500,0:01:00,0:02:00,0:04:00,info,1,info,info,5000,False,100,0:02:00,0:04:00,False,info,1,True,info,0:02:00,0:00:01,0:00:01,0:00:01,0:00:01,False,False,1,1,info,5.899542362154058,4.459319,0.746636,618.94294,5.7963111000000005,7.435086999999994,50.74091488999909,227029.26650070425,247400.0,33700.0,287000.0,275200.0,277800.0,285000.0,6.20983463583748,4.84929,1.381831,591.633799,5.7887766,8.793720500000001,38.307653760000356,60493.27526174823,66600.0,9400.0,74200.0,72800.0,73400.0,73800.0
1,18,100,100,0,0,2,10,5,6,6,DistributionScheme.HASH,12g,12g,12g,12g,12g,12g,12g,12g,100,0:00:10,0:00:15,0:00:05,0:00:15,0:00:20,0:00:05,KeyValueStore,80,75000,1,0.0,16,0,UniformReadWriteWorkload,1,1.0,16,0,UniformReadWriteWorkload,1,0.0,16,0,UniformReadWriteWorkload,linearizable,False,True,0:00:00.200000,1,info,"size,1,10s",False,False,info,0:01:00,1,0:00:00.000500,0:01:00,0:02:00,0:04:00,info,1,info,info,5000,False,100,0:02:00,0:04:00,False,info,1,True,info,0:02:00,0:00:01,0:00:01,0:00:01,0:00:01,False,False,1,1,info,5.6972580595484725,4.4765815,0.784503,367.027257,5.762806299999999,6.956111149999998,45.18770680000005,265480.03574908816,292600.0,32600.0,334400.0,320300.0,326900.0,332800.0,5.998576977412502,4.892467,0.484684,97.932469,5.820453,7.6525764,40.1498247799999,62319.058616234,67600.0,8500.0,75500.0,73200.0,74600.0,75100.0
1,8,100,100,0,0,2,10,5,2,2,DistributionScheme.HASH,12g,12g,12g,12g,12g,12g,12g,12g,100,0:00:10,0:00:15,0:00:05,0:00:15,0:00:20,0:00:05,KeyValueStore,75,50000,1,0.0,16,0,UniformReadWriteWorkload,1,1.0,16,0,UniformReadWriteWorkload,1,0.0,16,0,UniformReadWriteWorkload,linearizable,False,True,0:00:00.200000,1,info,"size,1,10s",False,False,info,0:01:00,1,0:00:00.000500,0:01:00,0:02:00,0:04:00,info,1,info,info,5000,False,100,0:02:00,0:04:00,False,info,1,True,info,0:02:00,0:00:01,0:00:01,0:00:01,0:00:01,False,False,1,1,info,4.441372459516089,3.72605,1.263605,390.43385,4.546458600000001,4.9417371999999995,6.175089240000023,140590.8639797158,153000.0,19700.0,158900.0,157300.0,158200.0,158600.0,4.4216178630668255,3.8442615,0.640576,149.018866,4.2054411,4.444734649999997,7.013817980000035,46950.06260897131,50700.0,6600.0,54100.0,53400.0,53700.0,53900.0
1,13,100,100,0,0,2,10,5,3,3,DistributionScheme.HASH,12g,12g,12g,12g,12g,12g,12g,12g,100,0:00:10,0:00:15,0:00:05,0:00:15,0:00:20,0:00:05,KeyValueStore,83,50000,1,0.0,16,0,UniformReadWriteWorkload,1,1.0,16,0,UniformReadWriteWorkload,1,0.0,16,0,UniformReadWriteWorkload,linearizable,False,True,0:00:00.200000,1,info,"size,1,10s",False,False,info,0:01:00,1,0:00:00.000500,0:01:00,0:02:00,0:04:00,info,1,info,info,5000,False,100,0:02:00,0:04:00,False,info,1,True,info,0:02:00,0:00:01,0:00:01,0:00:01,0:00:01,False,False,1,1,info,5.662580854147708,4.5570565,1.27016,580.848909,5.5648196,6.3880427,11.26112544,200585.09572473625,225400.0,44866.0,231600.0,229400.0,230000.0,230600.0,5.53345569182181,4.5849425,0.698719,319.157433,5.070042,5.431813999999999,54.47898165000014,42158.38945339874,47200.0,8749.0,49700.0,48500.0,48600.0,49100.0
1,17,100,100,0,0,2,10,5,4,4,DistributionScheme.HASH,12g,12g,12g,12g,12g,12g,12g,12g,100,0:00:10,0:00:15,0:00:05,0:00:15,0:00:20,0:00:05,KeyValueStore,86,50000,1,0.0,16,0,UniformReadWriteWorkload,1,1.0,16,0,UniformReadWriteWorkload,1,0.0,16,0,UniformReadWriteWorkload,linearizable,False,True,0:00:00.200000,1,info,"size,1,10s",False,False,info,0:01:00,1,0:00:00.000500,0:01:00,0:02:00,0:04:00,info,1,info,info,5000,False,100,0:02:00,0:04:00,False,info,1,True,info,0:02:00,0:00:01,0:00:01,0:00:01,0:00:01,False,False,1,1,info,6.436985555590489,4.7691075000000005,0.797088,545.919918,5.9367733000000005,6.995593600000003,43.92158201999989,251616.33144340664,281000.0,71500.0,318900.0,308000.0,314300.0,317500.0,6.5410617296741,4.8192875,2.060965,536.694747,5.685346500000001,12.601843200000001,52.02517084,42050.55934638176,47100.0,11800.0,52500.0,50800.0,51600.0,52000.0
1,20,100,100,0,0,2,10,5,5,5,DistributionScheme.HASH,12g,12g,12g,12g,12g,12g,12g,12g,100,0:00:10,0:00:15,0:00:05,0:00:15,0:00:20,0:00:05,KeyValueStore,88,50000,1,0.0,16,0,UniformReadWriteWorkload,1,1.0,16,0,UniformReadWriteWorkload,1,0.0,16,0,UniformReadWriteWorkload,linearizable,False,True,0:00:00.200000,1,info,"size,1,10s",False,False,info,0:01:00,1,0:00:00.000500,0:01:00,0:02:00,0:04:00,info,1,info,info,5000,False,100,0:02:00,0:04:00,False,info,1,True,info,0:02:00,0:00:01,0:00:01,0:00:01,0:00:01,False,False,1,1,info,6.0350551368210645,4.916632,0.875993,348.39174,6.140718000000001,7.210969549999991,35.46732018999889,300117.3802639401,334200.0,60700.0,358900.0,355400.0,357200.0,358100.0,5.849721325497878,4.948107,1.146929,53.111576,5.9464735,10.629567000000002,43.9720055,42163.57621951219,46600.0,9200.0,50800.0,50000.0,50200.0,50500.0
1,23,100,100,0,0,2,10,5,6,6,DistributionScheme.HASH,12g,12g,12g,12g,12g,12g,12g,12g,100,0:00:10,0:00:15,0:00:05,0:00:15,0:00:20,0:00:05,KeyValueStore,89,50000,1,0.0,16,0,UniformReadWriteWorkload,1,1.0,16,0,UniformReadWriteWorkload,1,0.0,16,0,UniformReadWriteWorkload,linearizable,False,True,0:00:00.200000,1,info,"size,1,10s",False,False,info,0:01:00,1,0:00:00.000500,0:01:00,0:02:00,0:04:00,info,1,info,info,5000,False,100,0:02:00,0:04:00,False,info,1,True,info,0:02:00,0:00:01,0:00:01,0:00:01,0:00:01,False,False,1,1,info,6.231208627986822,4.652843000000001,0.570517,540.461288,5.7218659,6.773832499999978,42.9129338999999,369110.23930262943,408200.0,11173.0,439500.0,430500.0,431400.0,437900.0,6.390089798442219,4.748859,1.433129,533.226463,6.123133,10.133004,46.065280400000006,46054.68548519064,51100.0,1376.0,55700.0,54100.0,54800.0,55300.0
1,8,100,100,0,0,2,10,5,2,2,DistributionScheme.HASH,12g,12g,12g,12g,12g,12g,12g,12g,100,0:00:10,0:00:15,0:00:05,0:00:15,0:00:20,0:00:05,KeyValueStore,60,75000,1,0.0,16,0,UniformReadWriteWorkload,1,1.0,16,0,UniformReadWriteWorkload,1,0.0,16,0,UniformReadWriteWorkload,linearizable,False,True,0:00:00.200000,1,info,"size,1,10s",False,False,info,0:01:00,1,0:00:00.000500,0:01:00,0:02:00,0:04:00,info,1,info,info,5000,False,100,0:02:00,0:04:00,False,info,1,True,info,0:02:00,0:00:01,0:00:01,0:00:01,0:00:01,False,False,1,1,info,4.824073860873032,4.079766,1.657793,371.186773,5.246302,5.7748755,7.1976189999999995,104274.44923768706,111200.0,13300.0,124900.0,116000.0,121600.0,124300.0,4.8982497201689545,4.3104255,0.771655,256.847784,4.694066,4.93639615,6.331796109999988,65429.81208203299,70800.0,8600.0,73300.0,72600.0,72800.0,73000.0
1,11,100,100,0,0,2,10,5,3,3,DistributionScheme.HASH,12g,12g,12g,12g,12g,12g,12g,12g,100,0:00:10,0:00:15,0:00:05,0:00:15,0:00:20,0:00:05,KeyValueStore,69,75000,1,0.0,16,0,UniformReadWriteWorkload,1,1.0,16,0,UniformReadWriteWorkload,1,0.0,16,0,UniformReadWriteWorkload,linearizable,False,True,0:00:00.200000,1,info,"size,1,10s",False,False,info,0:01:00,1,0:00:00.000500,0:01:00,0:02:00,0:04:00,info,1,info,info,5000,False,100,0:02:00,0:04:00,False,info,1,True,info,0:02:00,0:00:01,0:00:01,0:00:01,0:00:01,False,False,1,1,info,6.038083469060234,4.471122,1.176345,620.473298,5.902991,7.161678,13.696597999999963,146537.84783315277,158000.0,25200.0,173800.0,171000.0,172200.0,173000.0,6.154567435247617,4.7342154999999995,0.918189,584.313403,5.4585986,5.8038250499999995,34.22286322999992,64483.55855303495,68100.0,10900.0,76000.0,74800.0,75100.0,75400.0
1,13,100,100,0,0,2,10,5,4,4,DistributionScheme.HASH,12g,12g,12g,12g,12g,12g,12g,12g,100,0:00:10,0:00:15,0:00:05,0:00:15,0:00:20,0:00:05,KeyValueStore,74,75000,1,0.0,16,0,UniformReadWriteWorkload,1,1.0,16,0,UniformReadWriteWorkload,1,0.0,16,0,UniformReadWriteWorkload,linearizable,False,True,0:00:00.200000,1,info,"size,1,10s",False,False,info,0:01:00,1,0:00:00.000500,0:01:00,0:02:00,0:04:00,info,1,info,info,5000,False,100,0:02:00,0:04:00,False,info,1,True,info,0:02:00,0:00:01,0:00:01,0:00:01,0:00:01,False,False,1,1,info,5.608733508252704,4.368679,1.071732,647.85804,5.551643000000003,6.5061141,16.245641279999994,192039.88126915012,205900.0,30527.0,231000.0,218100.0,222100.0,229700.0,6.155224937895927,4.7014105,1.094802,648.184598,5.3848377,6.0653758999999985,29.07597888000003,64531.95516826923,68700.0,10297.0,74600.0,73800.0,74000.0,74300.0
1,16,100,100,0,0,2,10,5,5,5,DistributionScheme.HASH,12g,12g,12g,12g,12g,12g,12g,12g,100,0:00:10,0:00:15,0:00:05,0:00:15,0:00:20,0:00:05,KeyValueStore,78,75000,1,0.0,16,0,UniformReadWriteWorkload,1,1.0,16,0,UniformReadWriteWorkload,1,0.0,16,0,UniformReadWriteWorkload,linearizable,False,True,0:00:00.200000,1,info,"size,1,10s",False,False,info,0:01:00,1,0:00:00.000500,0:01:00,0:02:00,0:04:00,info,1,info,info,5000,False,100,0:02:00,0:04:00,False,info,1,True,info,0:02:00,0:00:01,0:00:01,0:00:01,0:00:01,False,False,1,1,info,6.271518284828887,4.718744,0.603094,389.619809,6.1691202,8.25748245,50.56039481000072,209410.8342572451,239200.0,23700.0,255200.0,250400.0,252200.0,254200.0,6.369117379214165,4.998383499999999,0.837717,110.304314,6.0760000000000005,8.5032835,45.63603025000009,57727.49695894577,64300.0,7200.0,71900.0,69100.0,71000.0,71400.0
1,18,100,100,0,0,2,10,5,6,6,DistributionScheme.HASH,12g,12g,12g,12g,12g,12g,12g,12g,100,0:00:10,0:00:15,0:00:05,0:00:15,0:00:20,0:00:05,KeyValueStore,80,75000,1,0.0,16,0,UniformReadWriteWorkload,1,1.0,16,0,UniformReadWriteWorkload,1,0.0,16,0,UniformReadWriteWorkload,linearizable,False,True,0:00:00.200000,1,info,"size,1,10s",False,False,info,0:01:00,1,0:00:00.000500,0:01:00,0:02:00,0:04:00,info,1,info,info,5000,False,100,0:02:00,0:04:00,False,info,1,True,info,0:02:00,0:00:01,0:00:01,0:00:01,0:00:01,False,False,1,1,info,6.149952110197651,4.560821000000001,0.498703,385.030971,6.165270900000001,7.734239849999991,52.244498979999975,250154.38975627196,274530.0,24600.0,326700.0,312400.0,321000.0,325800.0,6.363938899430739,4.980317,0.972251,97.506021,6.300616700000001,8.501876399999997,56.04271308000004,59560.583106604005,65354.0,7300.0,74700.0,73500.0,73700.0,74100.0
1,8,100,100,0,0,2,10,5,2,2,DistributionScheme.HASH,12g,12g,12g,12g,12g,12g,12g,12g,100,0:00:10,0:00:15,0:00:05,0:00:15,0:00:20,0:00:05,KeyValueStore,75,50000,1,0.0,16,0,UniformReadWriteWorkload,1,1.0,16,0,UniformReadWriteWorkload,1,0.0,16,0,UniformReadWriteWorkload,linearizable,False,True,0:00:00.200000,1,info,"size,1,10s",False,False,info,0:01:00,1,0:00:00.000500,0:01:00,0:02:00,0:04:00,info,1,info,info,5000,False,100,0:02:00,0:04:00,False,info,1,True,info,0:02:00,0:00:01,0:00:01,0:00:01,0:00:01,False,False,1,1,info,4.386950837648567,3.756394,1.082616,415.062034,4.54408,5.1669436,7.572972560000004,142426.6132409626,148600.0,13600.0,176600.0,175200.0,175500.0,176200.0,4.3401909770030755,3.837012,0.831095,139.376614,4.3128003999999995,4.4980645,6.545955519999994,47776.661543238624,49900.0,4700.0,58500.0,57800.0,58000.0,58200.0
1,13,100,100,0,0,2,10,5,3,3,DistributionScheme.HASH,12g,12g,12g,12g,12g,12g,12g,12g,100,0:00:10,0:00:15,0:00:05,0:00:15,0:00:20,0:00:05,KeyValueStore,83,50000,1,0.0,16,0,UniformReadWriteWorkload,1,1.0,16,0,UniformReadWriteWorkload,1,0.0,16,0,UniformReadWriteWorkload,linearizable,False,True,0:00:00.200000,1,info,"size,1,10s",False,False,info,0:01:00,1,0:00:00.000500,0:01:00,0:02:00,0:04:00,info,1,info,info,5000,False,100,0:02:00,0:04:00,False,info,1,True,info,0:02:00,0:00:01,0:00:01,0:00:01,0:00:01,False,False,1,1,info,5.733270998162276,4.5231065,0.942282,611.938495,5.5132738,6.2302316499999995,10.43450665000001,201170.05760168203,227100.0,67354.0,235000.0,232400.0,233300.0,234400.0,5.806995821085733,4.559179500000001,0.800346,609.523984,5.0461709,5.389779,59.88782541000003,42268.52438812706,47600.0,13342.0,50600.0,49000.0,49300.0,50000.0
1,17,100,100,0,0,2,10,5,4,4,DistributionScheme.HASH,12g,12g,12g,12g,12g,12g,12g,12g,100,0:00:10,0:00:15,0:00:05,0:00:15,0:00:20,0:00:05,KeyValueStore,86,50000,1,0.0,16,0,UniformReadWriteWorkload,1,1.0,16,0,UniformReadWriteWorkload,1,0.0,16,0,UniformReadWriteWorkload,linearizable,False,True,0:00:00.200000,1,info,"size,1,10s",False,False,info,0:01:00,1,0:00:00.000500,0:01:00,0:02:00,0:04:00,info,1,info,info,5000,False,100,0:02:00,0:04:00,False,info,1,True,info,0:02:00,0:00:01,0:00:01,0:00:01,0:00:01,False,False,1,1,info,6.322817587421242,4.925161,0.78418,547.351181,6.128268300000001,7.1305657,41.24343969999964,250192.34259504278,272700.0,49400.0,295800.0,289900.0,290700.0,294444.1000000001,6.267451710760451,4.949081,1.89893,451.181758,5.668498000000003,9.20400519999999,53.542659,41911.0436158987,46000.0,8700.0,49700.0,48700.0,48800.0,49214.99999999996
1,20,100,100,0,0,2,10,5,5,5,DistributionScheme.HASH,12g,12g,12g,12g,12g,12g,12g,12g,100,0:00:10,0:00:15,0:00:05,0:00:15,0:00:20,0:00:05,KeyValueStore,88,50000,1,0.0,16,0,UniformReadWriteWorkload,1,1.0,16,0,UniformReadWriteWorkload,1,0.0,16,0,UniformReadWriteWorkload,linearizable,False,True,0:00:00.200000,1,info,"size,1,10s",False,False,info,0:01:00,1,0:00:00.000500,0:01:00,0:02:00,0:04:00,info,1,info,info,5000,False,100,0:02:00,0:04:00,False,info,1,True,info,0:02:00,0:00:01,0:00:01,0:00:01,0:00:01,False,False,1,1,info,6.194594737581581,4.6487835,0.602745,573.853886,5.5434351,6.1977459,40.531219600000064,321179.2519285042,355900.0,27537.0,372900.0,371200.0,371800.0,372300.0,6.313312248373455,4.6632295,2.629684,559.061288,5.476016,10.620427849999999,48.52994903999999,44790.981237322514,50300.0,3808.0,52500.0,51700.0,52000.0,52300.0
1,23,100,100,0,0,2,10,5,6,6,DistributionScheme.HASH,12g,12g,12g,12g,12g,12g,12g,12g,100,0:00:10,0:00:15,0:00:05,0:00:15,0:00:20,0:00:05,KeyValueStore,89,50000,1,0.0,16,0,UniformReadWriteWorkload,1,1.0,16,0,UniformReadWriteWorkload,1,0.0,16,0,UniformReadWriteWorkload,linearizable,False,True,0:00:00.200000,1,info,"size,1,10s",False,False,info,0:01:00,1,0:00:00.000500,0:01:00,0:02:00,0:04:00,info,1,info,info,5000,False,100,0:02:00,0:04:00,False,info,1,True,info,0:02:00,0:00:01,0:00:01,0:00:01,0:00:01,False,False,1,1,info,6.0959909729433415,4.77361,0.601605,549.708487,5.798150700000001,6.726676549999984,39.73976821999992,365831.8341289025,397700.0,64900.0,428200.0,422100.0,424100.0,427100.0,6.009961659006787,4.7897275,2.503433,542.948645,6.1151212,9.900727749999993,44.20507466000001,46304.886949559645,49800.0,8500.0,55000.0,54300.0,54500.0,54700.0
1,8,100,100,0,0,2,10,5,2,2,DistributionScheme.HASH,12g,12g,12g,12g,12g,12g,12g,12g,100,0:00:10,0:00:15,0:00:05,0:00:15,0:00:20,0:00:05,KeyValueStore,60,75000,1,0.0,16,0,UniformReadWriteWorkload,1,1.0,16,0,UniformReadWriteWorkload,1,0.0,16,0,UniformReadWriteWorkload,linearizable,False,True,0:00:00.200000,1,info,"size,1,10s",False,False,info,0:01:00,1,0:00:00.000500,0:01:00,0:02:00,0:04:00,info,1,info,info,5000,False,100,0:02:00,0:04:00,False,info,1,True,info,0:02:00,0:00:01,0:00:01,0:00:01,0:00:01,False,False,1,1,info,4.871762236213606,3.9916039999999997,1.351455,378.808841,5.2138525,5.809429499999999,7.5579525,106060.94837245585,114100.0,12200.0,123800.0,121500.0,122400.0,123300.0,5.011872130401902,4.2296065,0.431456,252.659815,4.9202265,5.2293195,6.785057150000005,65553.77997259649,71800.0,8600.0,78900.0,77300.0,78200.0,78600.0
1,11,100,100,0,0,2,10,5,3,3,DistributionScheme.HASH,12g,12g,12g,12g,12g,12g,12g,12g,100,0:00:10,0:00:15,0:00:05,0:00:15,0:00:20,0:00:05,KeyValueStore,69,75000,1,0.0,16,0,UniformReadWriteWorkload,1,1.0,16,0,UniformReadWriteWorkload,1,0.0,16,0,UniformReadWriteWorkload,linearizable,False,True,0:00:00.200000,1,info,"size,1,10s",False,False,info,0:01:00,1,0:00:00.000500,0:01:00,0:02:00,0:04:00,info,1,info,info,5000,False,100,0:02:00,0:04:00,False,info,1,True,info,0:02:00,0:00:01,0:00:01,0:00:01,0:00:01,False,False,1,1,info,6.037104480894973,4.7853255,1.300862,652.788083,6.099254500000001,7.454133000000001,13.508508249999998,137770.8916495625,148600.0,19000.0,157300.0,152900.0,154600.0,156200.0,6.157034426257557,4.999977,2.199028,650.235235,5.673776200000001,6.001024599999998,14.724660100000115,61462.52488523798,67300.0,8600.0,71100.0,68300.0,68600.0,70500.0
1,13,100,100,0,0,2,10,5,4,4,DistributionScheme.HASH,12g,12g,12g,12g,12g,12g,12g,12g,100,0:00:10,0:00:15,0:00:05,0:00:15,0:00:20,0:00:05,KeyValueStore,74,75000,1,0.0,16,0,UniformReadWriteWorkload,1,1.0,16,0,UniformReadWriteWorkload,1,0.0,16,0,UniformReadWriteWorkload,linearizable,False,True,0:00:00.200000,1,info,"size,1,10s",False,False,info,0:01:00,1,0:00:00.000500,0:01:00,0:02:00,0:04:00,info,1,info,info,5000,False,100,0:02:00,0:04:00,False,info,1,True,info,0:02:00,0:00:01,0:00:01,0:00:01,0:00:01,False,False,1,1,info,5.431376663541666,4.19259,0.916497,604.621722,5.341406,6.367881199999999,16.177340619999995,199859.95308544303,208400.0,35800.0,250500.0,234700.0,243100.0,249100.0,5.728083842933691,4.574256,1.473861,335.441885,5.284452300000001,5.8726636999999995,41.120015860000024,65908.86128610483,70400.0,12700.0,77800.0,76300.0,77000.0,77400.0
1,16,100,100,0,0,2,10,5,5,5,DistributionScheme.HASH,12g,12g,12g,12g,12g,12g,12g,12g,100,0:00:10,0:00:15,0:00:05,0:00:15,0:00:20,0:00:05,KeyValueStore,78,75000,1,0.0,16,0,UniformReadWriteWorkload,1,1.0,16,0,UniformReadWriteWorkload,1,0.0,16,0,UniformReadWriteWorkload,linearizable,False,True,0:00:00.200000,1,info,"size,1,10s",False,False,info,0:01:00,1,0:00:00.000500,0:01:00,0:02:00,0:04:00,info,1,info,info,5000,False,100,0:02:00,0:04:00,False,info,1,True,info,0:02:00,0:00:01,0:00:01,0:00:01,0:00:01,False,False,1,1,info,6.411472873968647,4.8106625,0.915337,361.271466,6.348732399999999,8.726576249999976,58.09986102000012,206381.83926344363,238200.0,31900.0,259700.0,248800.0,253100.0,258200.0,6.465150855408389,5.074573,0.588612,104.683097,6.0394021,8.532379149999999,51.50644834000026,57284.86034031414,64100.0,10300.0,71000.0,70200.0,70400.0,70700.0
1,18,100,100,0,0,2,10,5,6,6,DistributionScheme.HASH,12g,12g,12g,12g,12g,12g,12g,12g,100,0:00:10,0:00:15,0:00:05,0:00:15,0:00:20,0:00:05,KeyValueStore,80,75000,1,0.0,16,0,UniformReadWriteWorkload,1,1.0,16,0,UniformReadWriteWorkload,1,0.0,16,0,UniformReadWriteWorkload,linearizable,False,True,0:00:00.200000,1,info,"size,1,10s",False,False,info,0:01:00,1,0:00:00.000500,0:01:00,0:02:00,0:04:00,info,1,info,info,5000,False,100,0:02:00,0:04:00,False,info,1,True,info,0:02:00,0:00:01,0:00:01,0:00:01,0:00:01,False,False,1,1,info,5.862361981133587,4.400761,0.5847,639.938053,5.570242600000003,6.50603095,41.12478293999991,269543.0526520303,305200.0,35900.0,330000.0,325000.0,327600.0,328700.0,6.388347816627024,4.810868,0.467543,638.195678,5.7709198,7.582825000000019,46.86750335999977,62893.98888363293,68600.0,9200.0,78600.0,76600.0,77100.0,78100.0
1,8,100,100,0,0,2,10,5,2,2,DistributionScheme.HASH,12g,12g,12g,12g,12g,12g,12g,12g,100,0:00:10,0:00:15,0:00:05,0:00:15,0:00:20,0:00:05,KeyValueStore,75,50000,1,0.0,16,0,UniformReadWriteWorkload,1,1.0,16,0,UniformReadWriteWorkload,1,0.0,16,0,UniformReadWriteWorkload,linearizable,False,True,0:00:00.200000,1,info,"size,1,10s",False,False,info,0:01:00,1,0:00:00.000500,0:01:00,0:02:00,0:04:00,info,1,info,info,5000,False,100,0:02:00,0:04:00,False,info,1,True,info,0:02:00,0:00:01,0:00:01,0:00:01,0:00:01,False,False,1,1,info,4.418016279386966,3.72189,1.548293,403.459192,4.6050478,5.162870900000001,7.157764329999993,140721.2435368465,147800.0,42600.0,167700.0,166500.0,166800.0,167300.0,4.358374715628672,3.7592125000000003,0.52619,143.760607,4.2865913,4.4940029,6.656194020000016,47449.556745846916,49900.0,14100.0,56700.0,56000.0,56200.0,56500.0
1,13,100,100,0,0,2,10,5,3,3,DistributionScheme.HASH,12g,12g,12g,12g,12g,12g,12g,12g,100,0:00:10,0:00:15,0:00:05,0:00:15,0:00:20,0:00:05,KeyValueStore,83,50000,1,0.0,16,0,UniformReadWriteWorkload,1,1.0,16,0,UniformReadWriteWorkload,1,0.0,16,0,UniformReadWriteWorkload,linearizable,False,True,0:00:00.200000,1,info,"size,1,10s",False,False,info,0:01:00,1,0:00:00.000500,0:01:00,0:02:00,0:04:00,info,1,info,info,5000,False,100,0:02:00,0:04:00,False,info,1,True,info,0:02:00,0:00:01,0:00:01,0:00:01,0:00:01,False,False,1,1,info,5.79916979206203,4.790989,1.293032,530.808257,5.8755715,6.767665899999999,10.332886879999997,199989.28408078407,212400.0,43996.0,227300.0,225300.0,225900.0,226500.0,5.739691437395659,4.7858885,0.699755,529.431865,5.3073097,5.574356750000001,45.64304570999996,42460.966649113565,44600.0,9006.0,48600.0,48100.0,48200.0,48400.0
1,17,100,100,0,0,2,10,5,4,4,DistributionScheme.HASH,12g,12g,12g,12g,12g,12g,12g,12g,100,0:00:10,0:00:15,0:00:05,0:00:15,0:00:20,0:00:05,KeyValueStore,86,50000,1,0.0,16,0,UniformReadWriteWorkload,1,1.0,16,0,UniformReadWriteWorkload,1,0.0,16,0,UniformReadWriteWorkload,linearizable,False,True,0:00:00.200000,1,info,"size,1,10s",False,False,info,0:01:00,1,0:00:00.000500,0:01:00,0:02:00,0:04:00,info,1,info,info,5000,False,100,0:02:00,0:04:00,False,info,1,True,info,0:02:00,0:00:01,0:00:01,0:00:01,0:00:01,False,False,1,1,info,6.32406965296348,4.789754,1.219732,577.30083,5.8418864,6.665764399999997,41.607621839999645,255407.195578635,283800.0,41700.0,304500.0,301700.0,302600.0,303600.0,6.226534050572356,4.8172,0.568694,562.354237,5.5436878,9.683539999999995,55.36331035999995,42564.77773813771,47600.0,7700.0,51100.0,50000.0,50500.0,50900.0
1,20,100,100,0,0,2,10,5,5,5,DistributionScheme.HASH,12g,12g,12g,12g,12g,12g,12g,12g,100,0:00:10,0:00:15,0:00:05,0:00:15,0:00:20,0:00:05,KeyValueStore,88,50000,1,0.0,16,0,UniformReadWriteWorkload,1,1.0,16,0,UniformReadWriteWorkload,1,0.0,16,0,UniformReadWriteWorkload,linearizable,False,True,0:00:00.200000,1,info,"size,1,10s",False,False,info,0:01:00,1,0:00:00.000500,0:01:00,0:02:00,0:04:00,info,1,info,info,5000,False,100,0:02:00,0:04:00,False,info,1,True,info,0:02:00,0:00:01,0:00:01,0:00:01,0:00:01,False,False,1,1,info,6.191382615796395,4.767171,0.660652,563.463825,5.907586000000001,6.750208,42.06542532000018,307003.23564166966,341200.0,67800.0,374000.0,365300.0,368500.0,371600.0,6.1874942789849054,4.822177,1.121772,538.278807,5.698562399999999,10.681462199999999,46.642849040000065,42720.033918732785,47700.0,9900.0,51800.0,51000.0,51300.0,51600.0
1,23,100,100,0,0,2,10,5,6,6,DistributionScheme.HASH,12g,12g,12g,12g,12g,12g,12g,12g,100,0:00:10,0:00:15,0:00:05,0:00:15,0:00:20,0:00:05,KeyValueStore,89,50000,1,0.0,16,0,UniformReadWriteWorkload,1,1.0,16,0,UniformReadWriteWorkload,1,0.0,16,0,UniformReadWriteWorkload,linearizable,False,True,0:00:00.200000,1,info,"size,1,10s",False,False,info,0:01:00,1,0:00:00.000500,0:01:00,0:02:00,0:04:00,info,1,info,info,5000,False,100,0:02:00,0:04:00,False,info,1,True,info,0:02:00,0:00:01,0:00:01,0:00:01,0:00:01,False,False,1,1,info,6.326427561400323,4.8724365,0.578379,538.49185,5.987048399999999,7.3361590499999965,38.80761686999962,358452.91337614146,390700.0,68000.0,412900.0,405600.0,407400.0,411600.0,6.531327940616069,4.901679,1.103862,530.971869,6.2966736,9.991027249999997,46.00400254999998,45425.642036124795,49300.0,9300.0,52400.0,51700.0,51900.0,52100.0
1,8,100,100,0,0,2,10,5,2,2,DistributionScheme.HASH,12g,12g,12g,12g,12g,12g,12g,12g,100,0:00:10,0:00:15,0:00:05,0:00:15,0:00:20,0:00:05,KeyValueStore,60,75000,1,0.0,16,0,UniformReadWriteWorkload,1,1.0,16,0,UniformReadWriteWorkload,1,0.0,16,0,UniformReadWriteWorkload,linearizable,False,True,0:00:00.200000,1,info,"size,1,10s",False,False,info,0:01:00,1,0:00:00.000500,0:01:00,0:02:00,0:04:00,info,1,info,info,5000,False,100,0:02:00,0:04:00,False,info,1,True,info,0:02:00,0:00:01,0:00:01,0:00:01,0:00:01,False,False,1,1,info,4.79577733423877,3.8987275,1.720654,394.790647,4.989708400000001,5.453461300000001,7.289934419999999,108021.00525504485,119600.0,13300.0,124600.0,122700.0,123200.0,124200.0,4.907533614992567,4.1751415000000005,0.466422,252.624361,4.6312852,4.925106949999999,6.313502239999998,66762.17315919838,72700.0,8600.0,78500.0,77100.0,77800.0,78200.0
1,11,100,100,0,0,2,10,5,3,3,DistributionScheme.HASH,12g,12g,12g,12g,12g,12g,12g,12g,100,0:00:10,0:00:15,0:00:05,0:00:15,0:00:20,0:00:05,KeyValueStore,69,75000,1,0.0,16,0,UniformReadWriteWorkload,1,1.0,16,0,UniformReadWriteWorkload,1,0.0,16,0,UniformReadWriteWorkload,linearizable,False,True,0:00:00.200000,1,info,"size,1,10s",False,False,info,0:01:00,1,0:00:00.000500,0:01:00,0:02:00,0:04:00,info,1,info,info,5000,False,100,0:02:00,0:04:00,False,info,1,True,info,0:02:00,0:00:01,0:00:01,0:00:01,0:00:01,False,False,1,1,info,5.852810672816915,4.573055,1.163543,596.716147,6.0402496,7.2711137499999925,13.943541690000007,143694.0995738713,147000.0,12748.0,185700.0,176800.0,184600.0,185100.0,6.035093752798615,4.894418,0.988529,594.976127,5.6932802,6.0516076000000005,14.61139056000006,62483.15179662674,67100.0,5552.0,77400.0,73590.00000000006,76200.0,76900.0
1,13,100,100,0,0,2,10,5,4,4,DistributionScheme.HASH,12g,12g,12g,12g,12g,12g,12g,12g,100,0:00:10,0:00:15,0:00:05,0:00:15,0:00:20,0:00:05,KeyValueStore,74,75000,1,0.0,16,0,UniformReadWriteWorkload,1,1.0,16,0,UniformReadWriteWorkload,1,0.0,16,0,UniformReadWriteWorkload,linearizable,False,True,0:00:00.200000,1,info,"size,1,10s",False,False,info,0:01:00,1,0:00:00.000500,0:01:00,0:02:00,0:04:00,info,1,info,info,5000,False,100,0:02:00,0:04:00,False,info,1,True,info,0:02:00,0:00:01,0:00:01,0:00:01,0:00:01,False,False,1,1,info,5.652821122738774,4.390411,1.537283,647.111959,5.4816806,6.405315899999999,16.043555500000018,194882.4547052245,207800.0,22800.0,226600.0,216800.0,223500.0,225565.00000000015,6.092716155074875,4.65757,0.466771,646.841426,5.2022222,5.636406799999994,31.610035760000265,66091.64743213069,70900.0,7876.0,74600.0,73600.0,73900.0,74300.0
1,16,100,100,0,0,2,10,5,5,5,DistributionScheme.HASH,12g,12g,12g,12g,12g,12g,12g,12g,100,0:00:10,0:00:15,0:00:05,0:00:15,0:00:20,0:00:05,KeyValueStore,78,75000,1,0.0,16,0,UniformReadWriteWorkload,1,1.0,16,0,UniformReadWriteWorkload,1,0.0,16,0,UniformReadWriteWorkload,linearizable,False,True,0:00:00.200000,1,info,"size,1,10s",False,False,info,0:01:00,1,0:00:00.000500,0:01:00,0:02:00,0:04:00,info,1,info,info,5000,False,100,0:02:00,0:04:00,False,info,1,True,info,0:02:00,0:00:01,0:00:01,0:00:01,0:00:01,False,False,1,1,info,6.041644325681818,4.4892199999999995,0.829322,343.752802,5.8079932,7.1296104499999995,56.50270593999999,221952.21142022486,255200.0,29800.0,281000.0,269700.0,273500.0,280000.0,6.228264508961424,4.792278,0.54282,103.737947,5.8657720000000015,8.895869199999995,47.085097760000224,60029.09643658111,66200.0,9700.0,75700.0,74900.0,75200.0,75400.0
1,18,100,100,0,0,2,10,5,6,6,DistributionScheme.HASH,12g,12g,12g,12g,12g,12g,12g,12g,100,0:00:10,0:00:15,0:00:05,0:00:15,0:00:20,0:00:05,KeyValueStore,80,75000,1,0.0,16,0,UniformReadWriteWorkload,1,1.0,16,0,UniformReadWriteWorkload,1,0.0,16,0,UniformReadWriteWorkload,linearizable,False,True,0:00:00.200000,1,info,"size,1,10s",False,False,info,0:01:00,1,0:00:00.000500,0:01:00,0:02:00,0:04:00,info,1,info,info,5000,False,100,0:02:00,0:04:00,False,info,1,True,info,0:02:00,0:00:01,0:00:01,0:00:01,0:00:01,False,False,1,1,info,6.021156309491247,4.378793,0.51283,647.506057,5.6472584999999995,7.168005249999991,52.870812919999835,266544.40612372657,300200.0,33600.0,329500.0,321100.0,324394.9999999997,327858.99999999965,6.529909668292117,4.839353,2.019109,636.23829,5.8090280000000005,7.760548599999999,57.81488259999956,62251.26951988361,68000.0,9400.0,76700.0,75300.0,75700.0,76100.0
1,8,100,100,0,0,2,10,5,2,2,DistributionScheme.HASH,12g,12g,12g,12g,12g,12g,12g,12g,100,0:00:10,0:00:15,0:00:05,0:00:15,0:00:20,0:00:05,KeyValueStore,75,50000,1,0.0,16,0,UniformReadWriteWorkload,1,1.0,16,0,UniformReadWriteWorkload,1,0.0,16,0,UniformReadWriteWorkload,linearizable,False,True,0:00:00.200000,1,info,"size,1,10s",False,False,info,0:01:00,1,0:00:00.000500,0:01:00,0:02:00,0:04:00,info,1,info,info,5000,False,100,0:02:00,0:04:00,False,info,1,True,info,0:02:00,0:00:01,0:00:01,0:00:01,0:00:01,False,False,1,1,info,4.431101541842983,3.757778,1.508951,382.08022,4.5768872,5.1021901000000005,6.954144199999992,139508.13561456912,151100.0,17700.0,166200.0,161500.0,162995.0,165352.8300000001,4.406044247919144,3.8612525,0.914318,145.454218,4.2987287,4.465101799999999,6.293384049999993,46629.154257830945,50300.0,5900.0,55000.0,53900.0,54200.0,54700.0
1,13,100,100,0,0,2,10,5,3,3,DistributionScheme.HASH,12g,12g,12g,12g,12g,12g,12g,12g,100,0:00:10,0:00:15,0:00:05,0:00:15,0:00:20,0:00:05,KeyValueStore,83,50000,1,0.0,16,0,UniformReadWriteWorkload,1,1.0,16,0,UniformReadWriteWorkload,1,0.0,16,0,UniformReadWriteWorkload,linearizable,False,True,0:00:00.200000,1,info,"size,1,10s",False,False,info,0:01:00,1,0:00:00.000500,0:01:00,0:02:00,0:04:00,info,1,info,info,5000,False,100,0:02:00,0:04:00,False,info,1,True,info,0:02:00,0:00:01,0:00:01,0:00:01,0:00:01,False,False,1,1,info,5.442319236004875,4.453972500000001,1.535381,429.031265,5.49302,6.437492,10.743718649999993,206661.9483002833,230400.0,53900.0,240100.0,237900.0,238600.0,239400.0,5.314709110537357,4.512241,0.596279,103.320363,5.0368818,5.3931998,46.51989267999997,43180.32566012187,48100.0,11300.0,50500.0,49800.0,49900.0,50200.0
1,17,100,100,0,0,2,10,5,4,4,DistributionScheme.HASH,12g,12g,12g,12g,12g,12g,12g,12g,100,0:00:10,0:00:15,0:00:05,0:00:15,0:00:20,0:00:05,KeyValueStore,86,50000,1,0.0,16,0,UniformReadWriteWorkload,1,1.0,16,0,UniformReadWriteWorkload,1,0.0,16,0,UniformReadWriteWorkload,linearizable,False,True,0:00:00.200000,1,info,"size,1,10s",False,False,info,0:01:00,1,0:00:00.000500,0:01:00,0:02:00,0:04:00,info,1,info,info,5000,False,100,0:02:00,0:04:00,False,info,1,True,info,0:02:00,0:00:01,0:00:01,0:00:01,0:00:01,False,False,1,1,info,6.420532036795923,4.817318,0.754339,566.835683,5.918498100000001,6.872292049999993,39.600950169999926,250371.9245800986,280200.0,37978.0,297500.0,295600.0,296200.0,296900.0,6.543622004232266,4.854097,1.660436,564.897031,5.5268318,10.887523599999977,56.433471559999894,41883.31251105999,47600.0,6486.0,50400.0,49600.0,49800.0,50100.0
1,20,100,100,0,0,2,10,5,5,5,DistributionScheme.HASH,12g,12g,12g,12g,12g,12g,12g,12g,100,0:00:10,0:00:15,0:00:05,0:00:15,0:00:20,0:00:05,KeyValueStore,88,50000,1,0.0,16,0,UniformReadWriteWorkload,1,1.0,16,0,UniformReadWriteWorkload,1,0.0,16,0,UniformReadWriteWorkload,linearizable,False,True,0:00:00.200000,1,info,"size,1,10s",False,False,info,0:01:00,1,0:00:00.000500,0:01:00,0:02:00,0:04:00,info,1,info,info,5000,False,100,0:02:00,0:04:00,False,info,1,True,info,0:02:00,0:00:01,0:00:01,0:00:01,0:00:01,False,False,1,1,info,6.2101257601899675,4.724025,0.629285,557.318029,5.7717015,6.51375225,38.9390715,309779.4033807787,343900.0,65307.0,374400.0,370500.0,371700.0,373300.0,6.115844213496122,4.744071,0.842979,228.598435,5.686795,10.502121,49.4522756,43258.987698616096,48300.0,9416.0,52500.0,51500.0,51900.0,52100.0
1,23,100,100,0,0,2,10,5,6,6,DistributionScheme.HASH,12g,12g,12g,12g,12g,12g,12g,12g,100,0:00:10,0:00:15,0:00:05,0:00:15,0:00:20,0:00:05,KeyValueStore,89,50000,1,0.0,16,0,UniformReadWriteWorkload,1,1.0,16,0,UniformReadWriteWorkload,1,0.0,16,0,UniformReadWriteWorkload,linearizable,False,True,0:00:00.200000,1,info,"size,1,10s",False,False,info,0:01:00,1,0:00:00.000500,0:01:00,0:02:00,0:04:00,info,1,info,info,5000,False,100,0:02:00,0:04:00,False,info,1,True,info,0:02:00,0:00:01,0:00:01,0:00:01,0:00:01,False,False,1,1,info,6.039819377729841,4.759585,0.541226,591.249078,5.916377000000001,6.9264737499999995,34.28064469999993,370916.3841330799,397900.0,47400.0,433400.0,423900.0,425200.0,427700.0,6.300864037570066,4.815482,1.647192,588.367868,5.949991,9.3215,45.269038,46748.92967169753,50100.0,5900.0,55100.0,54200.0,54500.0,54800.0
1,8,100,100,0,0,2,10,5,2,2,DistributionScheme.HASH,12g,12g,12g,12g,12g,12g,12g,12g,100,0:00:10,0:00:15,0:00:05,0:00:15,0:00:20,0:00:05,KeyValueStore,60,75000,1,0.0,16,0,UniformReadWriteWorkload,1,1.0,16,0,UniformReadWriteWorkload,1,0.0,16,0,UniformReadWriteWorkload,linearizable,False,True,0:00:00.200000,1,info,"size,1,10s",False,False,info,0:01:00,1,0:00:00.000500,0:01:00,0:02:00,0:04:00,info,1,info,info,5000,False,100,0:02:00,0:04:00,False,info,1,True,info,0:02:00,0:00:01,0:00:01,0:00:01,0:00:01,False,False,1,1,info,5.242477726335718,4.2747045,1.574566,658.138836,5.404634,6.241418949999999,8.787615519999992,102798.27667688626,104400.0,14400.0,125400.0,123400.0,124100.0,124600.0,5.461400607261863,4.625564,0.723184,657.894746,5.119882,5.3950838999999995,7.014893539999998,62144.177226027394,65100.0,9200.0,75200.0,73000.0,74400.0,75000.0
1,11,100,100,0,0,2,10,5,3,3,DistributionScheme.HASH,12g,12g,12g,12g,12g,12g,12g,12g,100,0:00:10,0:00:15,0:00:05,0:00:15,0:00:20,0:00:05,KeyValueStore,69,75000,1,0.0,16,0,UniformReadWriteWorkload,1,1.0,16,0,UniformReadWriteWorkload,1,0.0,16,0,UniformReadWriteWorkload,linearizable,False,True,0:00:00.200000,1,info,"size,1,10s",False,False,info,0:01:00,1,0:00:00.000500,0:01:00,0:02:00,0:04:00,info,1,info,info,5000,False,100,0:02:00,0:04:00,False,info,1,True,info,0:02:00,0:00:01,0:00:01,0:00:01,0:00:01,False,False,1,1,info,5.747096605001214,4.454729,1.436749,650.017333,5.6930132,6.785052799999999,10.68360062000005,151498.94175156942,161400.0,26905.0,180400.0,171500.0,173400.0,179500.0,6.069667432893716,4.721927,2.178565,646.619025,5.2943178,5.6459619,13.013358880001272,66066.38031477567,70200.0,12145.0,74200.0,73500.0,73600.0,73900.0
1,13,100,100,0,0,2,10,5,4,4,DistributionScheme.HASH,12g,12g,12g,12g,12g,12g,12g,12g,100,0:00:10,0:00:15,0:00:05,0:00:15,0:00:20,0:00:05,KeyValueStore,74,75000,1,0.0,16,0,UniformReadWriteWorkload,1,1.0,16,0,UniformReadWriteWorkload,1,0.0,16,0,UniformReadWriteWorkload,linearizable,False,True,0:00:00.200000,1,info,"size,1,10s",False,False,info,0:01:00,1,0:00:00.000500,0:01:00,0:02:00,0:04:00,info,1,info,info,5000,False,100,0:02:00,0:04:00,False,info,1,True,info,0:02:00,0:00:01,0:00:01,0:00:01,0:00:01,False,False,1,1,info,5.594824046238811,4.397272,1.117279,607.631761,5.6508974,6.532762199999999,15.539782339999967,188186.46218957118,200100.0,28000.0,224500.0,220800.0,221600.0,223500.0,6.0630045518271665,4.8017199999999995,2.40438,598.168582,5.600586700000001,6.060302849999996,27.823582599999998,61736.39395770393,66800.0,9500.0,73700.0,71600.0,72900.0,73300.0
1,16,100,100,0,0,2,10,5,5,5,DistributionScheme.HASH,12g,12g,12g,12g,12g,12g,12g,12g,100,0:00:10,0:00:15,0:00:05,0:00:15,0:00:20,0:00:05,KeyValueStore,78,75000,1,0.0,16,0,UniformReadWriteWorkload,1,1.0,16,0,UniformReadWriteWorkload,1,0.0,16,0,UniformReadWriteWorkload,linearizable,False,True,0:00:00.200000,1,info,"size,1,10s",False,False,info,0:01:00,1,0:00:00.000500,0:01:00,0:02:00,0:04:00,info,1,info,info,5000,False,100,0:02:00,0:04:00,False,info,1,True,info,0:02:00,0:00:01,0:00:01,0:00:01,0:00:01,False,False,1,1,info,6.123269847685825,4.606402,0.84336,350.216073,5.9926813,8.120604299999977,56.096369649999986,219350.92194817358,247700.0,32800.0,286200.0,265100.0,275000.0,283800.0,6.284193225296444,4.938934,0.616802,103.815018,5.8304318,8.628889,45.27815304000022,59459.29812800405,65700.0,10300.0,72400.0,71600.0,71900.0,72100.0
1,18,100,100,0,0,2,10,5,6,6,DistributionScheme.HASH,12g,12g,12g,12g,12g,12g,12g,12g,100,0:00:10,0:00:15,0:00:05,0:00:15,0:00:20,0:00:05,KeyValueStore,80,75000,1,0.0,16,0,UniformReadWriteWorkload,1,1.0,16,0,UniformReadWriteWorkload,1,0.0,16,0,UniformReadWriteWorkload,linearizable,False,True,0:00:00.200000,1,info,"size,1,10s",False,False,info,0:01:00,1,0:00:00.000500,0:01:00,0:02:00,0:04:00,info,1,info,info,5000,False,100,0:02:00,0:04:00,False,info,1,True,info,0:02:00,0:00:01,0:00:01,0:00:01,0:00:01,False,False,1,1,info,5.680154455650607,4.45011,0.872732,336.651529,5.8464582,7.272012399999988,45.11057972000002,266304.40874986205,293900.0,38000.0,354800.0,328800.0,345400.0,353400.0,6.0443186751577995,4.924542,0.567116,91.28495,6.1737292,7.983904649999996,34.85696549999988,61937.089924670436,67950.0,10200.0,76400.0,74700.0,75200.0,75900.0
1,8,100,100,0,0,2,10,5,2,2,DistributionScheme.HASH,12g,12g,12g,12g,12g,12g,12g,12g,100,0:00:10,0:00:15,0:00:05,0:00:15,0:00:20,0:00:05,KeyValueStore,75,50000,1,0.0,16,0,UniformReadWriteWorkload,1,1.0,16,0,UniformReadWriteWorkload,1,0.0,16,0,UniformReadWriteWorkload,linearizable,False,True,0:00:00.200000,1,info,"size,1,10s",False,False,info,0:01:00,1,0:00:00.000500,0:01:00,0:02:00,0:04:00,info,1,info,info,5000,False,100,0:02:00,0:04:00,False,info,1,True,info,0:02:00,0:00:01,0:00:01,0:00:01,0:00:01,False,False,1,1,info,4.305497287806293,3.678187,1.274186,398.969176,4.411467,4.8773135,6.451510899999996,144873.53561643837,159300.0,28200.0,171600.0,167100.0,169300.0,170900.0,4.343752265846875,3.795628,0.554059,147.252404,4.204863,4.416634999999999,5.754331799999987,47690.80825092707,51200.0,9800.0,56000.0,54700.0,55000.0,55728.99999999999
1,13,100,100,0,0,2,10,5,3,3,DistributionScheme.HASH,12g,12g,12g,12g,12g,12g,12g,12g,100,0:00:10,0:00:15,0:00:05,0:00:15,0:00:20,0:00:05,KeyValueStore,83,50000,1,0.0,16,0,UniformReadWriteWorkload,1,1.0,16,0,UniformReadWriteWorkload,1,0.0,16,0,UniformReadWriteWorkload,linearizable,False,True,0:00:00.200000,1,info,"size,1,10s",False,False,info,0:01:00,1,0:00:00.000500,0:01:00,0:02:00,0:04:00,info,1,info,info,5000,False,100,0:02:00,0:04:00,False,info,1,True,info,0:02:00,0:00:01,0:00:01,0:00:01,0:00:01,False,False,1,1,info,5.489758778905635,4.318083,0.879624,436.497962,5.48805,6.152017999999998,11.304764579999924,210790.2351635765,236300.0,24200.0,252100.0,247000.0,248100.0,251000.0,5.367743234018264,4.3402345,1.166218,97.727198,5.124106700000002,5.626928899999999,59.03684465999998,44165.487056403224,50300.0,5300.0,51800.0,51300.0,51400.0,51600.0
1,17,100,100,0,0,2,10,5,4,4,DistributionScheme.HASH,12g,12g,12g,12g,12g,12g,12g,12g,100,0:00:10,0:00:15,0:00:05,0:00:15,0:00:20,0:00:05,KeyValueStore,86,50000,1,0.0,16,0,UniformReadWriteWorkload,1,1.0,16,0,UniformReadWriteWorkload,1,0.0,16,0,UniformReadWriteWorkload,linearizable,False,True,0:00:00.200000,1,info,"size,1,10s",False,False,info,0:01:00,1,0:00:00.000500,0:01:00,0:02:00,0:04:00,info,1,info,info,5000,False,100,0:02:00,0:04:00,False,info,1,True,info,0:02:00,0:00:01,0:00:01,0:00:01,0:00:01,False,False,1,1,info,6.315766345613787,4.751713,0.754787,555.399677,6.019866600000002,7.569083599999983,45.921208879999774,253861.68053923873,286300.0,22008.0,305400.0,299600.0,302000.0,304100.0,6.510159482997801,4.791488,0.836215,550.564151,5.689222,12.386259500000001,51.81961609999997,42452.2363412055,48050.0,3255.0,50800.0,50000.0,50200.0,50500.0
1,20,100,100,0,0,2,10,5,5,5,DistributionScheme.HASH,12g,12g,12g,12g,12g,12g,12g,12g,100,0:00:10,0:00:15,0:00:05,0:00:15,0:00:20,0:00:05,KeyValueStore,88,50000,1,0.0,16,0,UniformReadWriteWorkload,1,1.0,16,0,UniformReadWriteWorkload,1,0.0,16,0,UniformReadWriteWorkload,linearizable,False,True,0:00:00.200000,1,info,"size,1,10s",False,False,info,0:01:00,1,0:00:00.000500,0:01:00,0:02:00,0:04:00,info,1,info,info,5000,False,100,0:02:00,0:04:00,False,info,1,True,info,0:02:00,0:00:01,0:00:01,0:00:01,0:00:01,False,False,1,1,info,6.315390109856263,4.753299500000001,0.654567,543.359364,5.982376,7.2400727499999995,44.03203274999977,302465.73346242285,341500.0,81300.0,365800.0,360400.0,361400.0,364100.0,6.433047245286168,4.812813,2.186551,544.331091,5.8429196,10.8854656,46.88674015999999,42265.63163371488,47800.0,11300.0,51000.0,50400.0,50500.0,50700.0
1,23,100,100,0,0,2,10,5,6,6,DistributionScheme.HASH,12g,12g,12g,12g,12g,12g,12g,12g,100,0:00:10,0:00:15,0:00:05,0:00:15,0:00:20,0:00:05,KeyValueStore,89,50000,1,0.0,16,0,UniformReadWriteWorkload,1,1.0,16,0,UniformReadWriteWorkload,1,0.0,16,0,UniformReadWriteWorkload,linearizable,False,True,0:00:00.200000,1,info,"size,1,10s",False,False,info,0:01:00,1,0:00:00.000500,0:01:00,0:02:00,0:04:00,info,1,info,info,5000,False,100,0:02:00,0:04:00,False,info,1,True,info,0:02:00,0:00:01,0:00:01,0:00:01,0:00:01,False,False,1,1,info,6.3238018275834,4.928504,0.669025,534.300928,6.268156,7.840780499999999,37.710214199999996,349061.56049241463,380400.0,52900.0,424000.0,409900.0,420800.0,422900.0,6.23968123215434,5.0115415,1.746322,271.281497,6.1397993,9.807092299999999,48.34332550999994,44257.512399463805,48300.0,6400.0,53000.0,51730.00000000002,52400.0,52700.0
1,8,100,100,0,0,2,10,5,2,2,DistributionScheme.HASH,12g,12g,12g,12g,12g,12g,12g,12g,100,0:00:10,0:00:15,0:00:05,0:00:15,0:00:20,0:00:05,KeyValueStore,60,75000,1,0.0,16,0,UniformReadWriteWorkload,1,1.0,16,0,UniformReadWriteWorkload,1,0.0,16,0,UniformReadWriteWorkload,linearizable,False,True,0:00:00.200000,1,info,"size,1,10s",False,False,info,0:01:00,1,0:00:00.000500,0:01:00,0:02:00,0:04:00,info,1,info,info,5000,False,100,0:02:00,0:04:00,False,info,1,True,info,0:02:00,0:00:01,0:00:01,0:00:01,0:00:01,False,False,1,1,info,5.441074855928068,4.378207,2.512673,657.478952,5.6495692,6.847824099999999,9.596854639999995,103862.14976839938,98300.0,19400.0,143200.0,133000.0,135000.0,140700.0,5.7650569212231435,4.714593,2.472378,657.400093,5.3646192,5.654478399999999,7.141852399999996,62235.33926638605,64200.0,12200.0,78700.0,77100.0,77700.0,78300.0
1,11,100,100,0,0,2,10,5,3,3,DistributionScheme.HASH,12g,12g,12g,12g,12g,12g,12g,12g,100,0:00:10,0:00:15,0:00:05,0:00:15,0:00:20,0:00:05,KeyValueStore,69,75000,1,0.0,16,0,UniformReadWriteWorkload,1,1.0,16,0,UniformReadWriteWorkload,1,0.0,16,0,UniformReadWriteWorkload,linearizable,False,True,0:00:00.200000,1,info,"size,1,10s",False,False,info,0:01:00,1,0:00:00.000500,0:01:00,0:02:00,0:04:00,info,1,info,info,5000,False,100,0:02:00,0:04:00,False,info,1,True,info,0:02:00,0:00:01,0:00:01,0:00:01,0:00:01,False,False,1,1,info,5.422875075734306,4.4698495,1.576189,449.686607,5.5413809999999994,6.185143500000001,11.427126150000172,147426.01070576895,160800.0,9600.0,170500.0,167100.0,168200.0,170000.0,5.580708593729373,4.734004,0.561699,204.417227,5.2363093,5.6141005999999996,10.73019418000003,64262.690526070764,70000.0,4600.0,73700.0,73000.0,73300.0,73500.0
1,13,100,100,0,0,2,10,5,4,4,DistributionScheme.HASH,12g,12g,12g,12g,12g,12g,12g,12g,100,0:00:10,0:00:15,0:00:05,0:00:15,0:00:20,0:00:05,KeyValueStore,74,75000,1,0.0,16,0,UniformReadWriteWorkload,1,1.0,16,0,UniformReadWriteWorkload,1,0.0,16,0,UniformReadWriteWorkload,linearizable,False,True,0:00:00.200000,1,info,"size,1,10s",False,False,info,0:01:00,1,0:00:00.000500,0:01:00,0:02:00,0:04:00,info,1,info,info,5000,False,100,0:02:00,0:04:00,False,info,1,True,info,0:02:00,0:00:01,0:00:01,0:00:01,0:00:01,False,False,1,1,info,5.877648473537826,4.466825999999999,0.956522,634.189633,5.683431499999999,6.825204949999996,16.263273559999845,185213.1630466625,200700.0,36800.0,216100.0,210000.0,211200.0,215300.0,6.139507791876389,4.779295,1.175986,632.788213,5.5479998,5.9693744,43.14413095999991,62428.354356948905,67600.0,13000.0,73800.0,72200.0,73000.0,73500.0
1,16,100,100,0,0,2,10,5,5,5,DistributionScheme.HASH,12g,12g,12g,12g,12g,12g,12g,12g,100,0:00:10,0:00:15,0:00:05,0:00:15,0:00:20,0:00:05,KeyValueStore,78,75000,1,0.0,16,0,UniformReadWriteWorkload,1,1.0,16,0,UniformReadWriteWorkload,1,0.0,16,0,UniformReadWriteWorkload,linearizable,False,True,0:00:00.200000,1,info,"size,1,10s",False,False,info,0:01:00,1,0:00:00.000500,0:01:00,0:02:00,0:04:00,info,1,info,info,5000,False,100,0:02:00,0:04:00,False,info,1,True,info,0:02:00,0:00:01,0:00:01,0:00:01,0:00:01,False,False,1,1,info,6.04728087536957,4.543971,0.803863,351.227378,5.7960228,7.125929499999998,57.09184894000021,221715.93267205652,245800.0,33700.0,278500.0,269700.0,272600.0,276100.0,6.166099415981197,4.8029915,0.959554,105.540408,5.575533,9.22908344999998,46.47772353999982,60631.4954444718,67300.0,10500.0,75700.0,74900.0,75200.0,75500.0
1,18,100,100,0,0,2,10,5,6,6,DistributionScheme.HASH,12g,12g,12g,12g,12g,12g,12g,12g,100,0:00:10,0:00:15,0:00:05,0:00:15,0:00:20,0:00:05,KeyValueStore,80,75000,1,0.0,16,0,UniformReadWriteWorkload,1,1.0,16,0,UniformReadWriteWorkload,1,0.0,16,0,UniformReadWriteWorkload,linearizable,False,True,0:00:00.200000,1,info,"size,1,10s",False,False,info,0:01:00,1,0:00:00.000500,0:01:00,0:02:00,0:04:00,info,1,info,info,5000,False,100,0:02:00,0:04:00,False,info,1,True,info,0:02:00,0:00:01,0:00:01,0:00:01,0:00:01,False,False,1,1,info,5.799065594424485,4.543869,0.638079,366.958972,6.043057000000003,7.765230399999999,44.17778171999993,260152.15985506025,281500.0,28300.0,320800.0,312600.0,317900.0,319700.0,6.025707364840593,4.956739499999999,0.665735,93.502161,5.8920121000000005,7.824401649999995,41.008153270000044,62121.395716292136,69100.0,7500.0,75900.0,74300.0,74800.0,75600.0
1,8,100,100,0,0,2,10,5,2,2,DistributionScheme.HASH,12g,12g,12g,12g,12g,12g,12g,12g,100,0:00:10,0:00:15,0:00:05,0:00:15,0:00:20,0:00:05,KeyValueStore,75,50000,1,0.0,16,0,UniformReadWriteWorkload,1,1.0,16,0,UniformReadWriteWorkload,1,0.0,16,0,UniformReadWriteWorkload,linearizable,False,True,0:00:00.200000,1,info,"size,1,10s",False,False,info,0:01:00,1,0:00:00.000500,0:01:00,0:02:00,0:04:00,info,1,info,info,5000,False,100,0:02:00,0:04:00,False,info,1,True,info,0:02:00,0:00:01,0:00:01,0:00:01,0:00:01,False,False,1,1,info,4.623185036053328,3.893564,1.461367,406.48094,4.8297146,5.3726282,6.861582560000002,132256.98949269415,145000.0,62000.0,151800.0,149400.0,150200.0,151200.0,4.5613668260335025,3.980664,0.725995,151.482362,4.3300772,4.5724593,7.0098425999999305,44592.37642461739,49000.0,20800.0,50600.0,50200.0,50300.0,50400.0
1,13,100,100,0,0,2,10,5,3,3,DistributionScheme.HASH,12g,12g,12g,12g,12g,12g,12g,12g,100,0:00:10,0:00:15,0:00:05,0:00:15,0:00:20,0:00:05,KeyValueStore,83,50000,1,0.0,16,0,UniformReadWriteWorkload,1,1.0,16,0,UniformReadWriteWorkload,1,0.0,16,0,UniformReadWriteWorkload,linearizable,False,True,0:00:00.200000,1,info,"size,1,10s",False,False,info,0:01:00,1,0:00:00.000500,0:01:00,0:02:00,0:04:00,info,1,info,info,5000,False,100,0:02:00,0:04:00,False,info,1,True,info,0:02:00,0:00:01,0:00:01,0:00:01,0:00:01,False,False,1,1,info,5.532690166953528,4.2987485,0.971336,474.917404,5.335450500000005,6.042254749999999,20.799941689999855,207778.37228624066,236500.0,19300.0,248600.0,247000.0,247300.0,247900.0,5.397463255322633,4.331849,1.468393,99.61511,4.834643,5.279185,58.27179319999998,43614.09974115617,49900.0,4500.0,52300.0,51600.0,51800.0,52000.0
1,17,100,100,0,0,2,10,5,4,4,DistributionScheme.HASH,12g,12g,12g,12g,12g,12g,12g,12g,100,0:00:10,0:00:15,0:00:05,0:00:15,0:00:20,0:00:05,KeyValueStore,86,50000,1,0.0,16,0,UniformReadWriteWorkload,1,1.0,16,0,UniformReadWriteWorkload,1,0.0,16,0,UniformReadWriteWorkload,linearizable,False,True,0:00:00.200000,1,info,"size,1,10s",False,False,info,0:01:00,1,0:00:00.000500,0:01:00,0:02:00,0:04:00,info,1,info,info,5000,False,100,0:02:00,0:04:00,False,info,1,True,info,0:02:00,0:00:01,0:00:01,0:00:01,0:00:01,False,False,1,1,info,6.182801156919286,4.763071,0.887918,529.533019,5.8882156000000005,6.879207499999999,41.38339241999997,250996.203649464,283800.0,68100.0,307000.0,300700.0,304200.0,306200.0,6.237782247056845,4.809912000000001,0.482493,522.921263,5.6962055,12.2839445,51.68831225000018,41766.06976333451,47800.0,11800.0,50900.0,50300.0,50400.0,50600.0
1,20,100,100,0,0,2,10,5,5,5,DistributionScheme.HASH,12g,12g,12g,12g,12g,12g,12g,12g,100,0:00:10,0:00:15,0:00:05,0:00:15,0:00:20,0:00:05,KeyValueStore,88,50000,1,0.0,16,0,UniformReadWriteWorkload,1,1.0,16,0,UniformReadWriteWorkload,1,0.0,16,0,UniformReadWriteWorkload,linearizable,False,True,0:00:00.200000,1,info,"size,1,10s",False,False,info,0:01:00,1,0:00:00.000500,0:01:00,0:02:00,0:04:00,info,1,info,info,5000,False,100,0:02:00,0:04:00,False,info,1,True,info,0:02:00,0:00:01,0:00:01,0:00:01,0:00:01,False,False,1,1,info,6.311254032662846,4.783666,0.678033,517.312045,6.057726499999999,7.187854,41.34626289999983,300575.13106796116,338600.0,48270.0,361300.0,358500.0,359300.0,360000.0,6.459704288596198,4.803177,0.986475,515.791043,5.7936993,10.578410149999993,46.91445787999996,42340.92848526624,48400.0,6852.0,50800.0,50280.00000000002,50400.0,50500.0
1,23,100,100,0,0,2,10,5,6,6,DistributionScheme.HASH,12g,12g,12g,12g,12g,12g,12g,12g,100,0:00:10,0:00:15,0:00:05,0:00:15,0:00:20,0:00:05,KeyValueStore,89,50000,1,0.0,16,0,UniformReadWriteWorkload,1,1.0,16,0,UniformReadWriteWorkload,1,0.0,16,0,UniformReadWriteWorkload,linearizable,False,True,0:00:00.200000,1,info,"size,1,10s",False,False,info,0:01:00,1,0:00:00.000500,0:01:00,0:02:00,0:04:00,info,1,info,info,5000,False,100,0:02:00,0:04:00,False,info,1,True,info,0:02:00,0:00:01,0:00:01,0:00:01,0:00:01,False,False,1,1,info,6.086249662160036,4.811173999999999,0.420036,562.096532,5.858374100000001,6.696004799999999,37.43563430000028,364538.8101622147,399600.0,48700.0,426400.0,418800.0,422100.0,425100.0,6.004108752915565,4.850554,0.438117,267.169658,5.789238,9.7202765,45.596837199999996,45983.24971950633,50226.0,6300.0,53300.0,52400.0,52700.0,52900.0
1,8,100,100,0,0,2,10,5,2,2,DistributionScheme.HASH,12g,12g,12g,12g,12g,12g,12g,12g,100,0:00:10,0:00:15,0:00:05,0:00:15,0:00:20,0:00:05,KeyValueStore,60,75000,1,0.0,16,0,UniformReadWriteWorkload,1,1.0,16,0,UniformReadWriteWorkload,1,0.0,16,0,UniformReadWriteWorkload,linearizable,False,True,0:00:00.200000,1,info,"size,1,10s",False,False,info,0:01:00,1,0:00:00.000500,0:01:00,0:02:00,0:04:00,info,1,info,info,5000,False,100,0:02:00,0:04:00,False,info,1,True,info,0:02:00,0:00:01,0:00:01,0:00:01,0:00:01,False,False,1,1,info,4.874021395008721,4.0001204999999995,1.457783,365.879881,5.2115455,6.32040825,8.061239200000005,101729.58326856497,112800.0,35200.0,121700.0,119300.0,119900.0,121200.0,4.943898373415698,4.236697,0.39965,240.603859,4.7663466,5.1120252,6.439952240000005,64156.41589835844,72000.0,22700.0,75900.0,74000.0,74900.0,75500.0
1,11,100,100,0,0,2,10,5,3,3,DistributionScheme.HASH,12g,12g,12g,12g,12g,12g,12g,12g,100,0:00:10,0:00:15,0:00:05,0:00:15,0:00:20,0:00:05,KeyValueStore,69,75000,1,0.0,16,0,UniformReadWriteWorkload,1,1.0,16,0,UniformReadWriteWorkload,1,0.0,16,0,UniformReadWriteWorkload,linearizable,False,True,0:00:00.200000,1,info,"size,1,10s",False,False,info,0:01:00,1,0:00:00.000500,0:01:00,0:02:00,0:04:00,info,1,info,info,5000,False,100,0:02:00,0:04:00,False,info,1,True,info,0:02:00,0:00:01,0:00:01,0:00:01,0:00:01,False,False,1,1,info,5.739569138206938,4.537442,1.324965,641.096779,5.650157900000001,6.457357550000001,9.056007210000004,146711.0674894958,159600.0,18000.0,168600.0,162600.0,165400.0,168000.0,5.84408279149933,4.725417,0.685279,638.308393,5.159224399999999,5.433952000000001,13.18528406000064,65085.62426314549,71300.0,8600.0,73600.0,72900.0,73100.0,73300.0
1,13,100,100,0,0,2,10,5,4,4,DistributionScheme.HASH,12g,12g,12g,12g,12g,12g,12g,12g,100,0:00:10,0:00:15,0:00:05,0:00:15,0:00:20,0:00:05,KeyValueStore,74,75000,1,0.0,16,0,UniformReadWriteWorkload,1,1.0,16,0,UniformReadWriteWorkload,1,0.0,16,0,UniformReadWriteWorkload,linearizable,False,True,0:00:00.200000,1,info,"size,1,10s",False,False,info,0:01:00,1,0:00:00.000500,0:01:00,0:02:00,0:04:00,info,1,info,info,5000,False,100,0:02:00,0:04:00,False,info,1,True,info,0:02:00,0:00:01,0:00:01,0:00:01,0:00:01,False,False,1,1,info,5.67292458132956,4.498811,1.208865,636.643519,5.832730400000001,7.047545999999993,15.192989299999947,188364.0911483641,197500.0,28900.0,233200.0,217100.0,230300.0,232500.0,5.943500327030655,4.793872,2.476184,635.594229,5.4993545,5.9396088,27.852423619999946,63795.686692736104,68700.0,10700.0,72300.0,71200.0,71600.0,72000.0
1,16,100,100,0,0,2,10,5,5,5,DistributionScheme.HASH,12g,12g,12g,12g,12g,12g,12g,12g,100,0:00:10,0:00:15,0:00:05,0:00:15,0:00:20,0:00:05,KeyValueStore,78,75000,1,0.0,16,0,UniformReadWriteWorkload,1,1.0,16,0,UniformReadWriteWorkload,1,0.0,16,0,UniformReadWriteWorkload,linearizable,False,True,0:00:00.200000,1,info,"size,1,10s",False,False,info,0:01:00,1,0:00:00.000500,0:01:00,0:02:00,0:04:00,info,1,info,info,5000,False,100,0:02:00,0:04:00,False,info,1,True,info,0:02:00,0:00:01,0:00:01,0:00:01,0:00:01,False,False,1,1,info,6.279538150656787,4.696705,0.674623,377.980421,6.133362000000003,7.464145349999998,54.94299853000007,213782.11542983362,248500.0,32300.0,269300.0,257100.0,260700.0,268300.0,6.3568131669487435,4.928093,0.681965,107.313488,5.712781500000001,8.5319919,48.40807617999993,59022.743080471555,65600.0,9600.0,73200.0,72400.0,72600.0,72900.0
1,18,100,100,0,0,2,10,5,6,6,DistributionScheme.HASH,12g,12g,12g,12g,12g,12g,12g,12g,100,0:00:10,0:00:15,0:00:05,0:00:15,0:00:20,0:00:05,KeyValueStore,80,75000,1,0.0,16,0,UniformReadWriteWorkload,1,1.0,16,0,UniformReadWriteWorkload,1,0.0,16,0,UniformReadWriteWorkload,linearizable,False,True,0:00:00.200000,1,info,"size,1,10s",False,False,info,0:01:00,1,0:00:00.000500,0:01:00,0:02:00,0:04:00,info,1,info,info,5000,False,100,0:02:00,0:04:00,False,info,1,True,info,0:02:00,0:00:01,0:00:01,0:00:01,0:00:01,False,False,1,1,info,6.069354712126348,4.574381,0.589214,389.709289,5.927844,7.03453565,52.97890497999998,252903.0505509319,284800.0,27500.0,333700.0,314800.0,326800.0,332700.0,6.151070843545985,4.813756,0.45533,97.43208,5.706878,8.95807,48.97126560000015,61527.74880895665,68200.0,7300.0,76400.0,75200.0,75500.0,76000.0
